order_id,customer_id,customer_name,customer_email,product_name,category,price,quantity,discount_percent,total_amount,order_date,shipping_city,shipping_province,payment_method,order_status,rating,review_text,is_member,delivery_days,weight_kg
100877,2275,Duangjai Panyawong,duangjai.panyawong834@hotmail.com,Smart Sneaker 250,Groceries,1269.94,8,20.0,8127.62,2024-04-25,Sakon Nakhon,Udon Thani,Bank Transfer,Completed,,,No,6.0,
104885,2071,Siriporn Thongdee,siriporn.thongdee946@yahoo.com,Ultra Mouse 650,Health,655.53,6,0.0,3933.18,2025-10-01,Buriram,Phuket,PromptPay,Completed,4.0,,No,6.0,0.43
102484,1778,Nittaya Sinthop,nittaya.sinthop745@gmail.com,Max Desk 287,Automotive,198.91,7,0.0,1392.37,2025-09-16,Nakhon Ratchasima,Chiang Mai,COD,Completed,2.0,บริการลูกค้าดีเยี่ยม,No,,1.87
102288,1359,Rungnapa Intharak,rungnapa.intharak508@gmail.com,Plus Camera 119,Fashion,,3,5.0,1104.0,2024-11-02,Rayong,Chonburi,PromptPay,Completed,3.0,แพ็คเกจไม่แน่นหนา,Yes,1.0,2.53
100811,2092,Chomphunut Phetcharat,chomphunut.phetcharat181@hotmail.com,Lite Lamp 378,Toys,239.89,1,10.0,215.9,2024-08-20,Chiang Mai,Nonthaburi,PromptPay,Processing,,สีไม่ตรงตามรูป,No,5.0,1.37
100248,1972,Chaiyot Chaiyaporn,chaiyot.chaiyaporn467@outlook.com,Smart Chair 588,Books,,1,,606.09,2023-07-09,Pattaya,Khon Kaen,Bank Transfer,Cancelled,,โอเคสำหรับราคานี้,No,14.0,
103298,1380,Siriporn Naruemon,siriporn.naruemon412@yahoo.com,Lite Blender 513,Automotive,358.69,4,20.0,1147.81,2025-10-29,Nakhon Si Thammarat,Chonburi,Bank Transfer,Completed,2.0,ใช้งานได้ตามที่คาดหวัง,Yes,12.0,9.8
100106,1269,Prasert Saelim,prasert.saelim295@hotmail.com,Plus Bottle 235,Sports,682.52,7,0.0,4777.64,2025-01-28,Pattaya,Rayong,PromptPay,Processing,3.0,,No,4.0,1.62
100279,2409,Chomphunut Rattanakul,chomphunut.rattanakul153@yahoo.com,Mini Desk 105,Electronics,107.03,3,25.0,240.82,2023-10-15,Hat Yai,Phuket,COD,Shipped,,คุณภาพต่ำกว่าที่คิด,Yes,9.0,2.44
101281,2392,Chaiyot Wattana,chaiyot.wattana931@gmail.com,Mini Mouse 286,Beauty,478.23,7,0.0,3347.61,2024-12-17,Krabi,Rayong,Bank Transfer,Processing,,,Yes,12.0,1.4
102822,1310,Duangjai Sukjai,duangjai.sukjai314@hotmail.com,Smart Charger 290,Sports,273.62,8,5.0,2079.51,2025-01-27,Khon Kaen,Khon Kaen,Bank Transfer,Completed,,ของมาช้ากว่ากำหนด,No,12.0,0.95
104159,2860,Nittaya Intharak,nittaya.intharak144@hotmail.com,Eco Backpack 423,Books,686.37,7,0.0,4804.59,2025-04-30,Nakhon Ratchasima,Chiang Mai,TrueMoney Wallet,Completed,,แพ็คเกจไม่แน่นหนา,No,10.0,0.1
101981,1046,Somkiat Saelim,somkiat.saelim260@yahoo.com,Lite Camera 361,Sports,622.87,4,30.0,1744.04,2025-08-26,Lampang,Bangkok,COD,Completed,,,No,7.0,2.48
103970,1160,Orawan Yodying,orawan.yodying24@hotmail.com,Pro Headphone 675,Toys,75.81,7,30.0,371.47,2025-05-10,Nakhon Si Thammarat,Nakhon Ratchasima,TrueMoney Wallet,Shipped,4.0,สินค้าดีมาก คุ้มราคา,No,1.0,0.55
100333,1763,Sombat Prasertsak,sombat.prasertsak649@hotmail.com,Lite Keyboard 870,Sports,901.49,1,5.0,856.42,2025-04-18,Nakhon Ratchasima,Nakhon Ratchasima,TrueMoney Wallet,Completed,4.0,,,8.0,0.68
103064,1580,Siriporn Sinthop,siriporn.sinthop8@gmail.com,Smart Keyboard 406,Beauty,548.02,3,0.0,1644.06,2023-01-18,Nakhon Ratchasima,Chiang Mai,PromptPay,Completed,4.0,โอเคสำหรับราคานี้,No,4.0,1.19
100501,1569,Chaiyot Naruemon,chaiyot.naruemon631@yahoo.com,Plus Chair 639,Toys ,1282.32,3,0.0,3846.96,2023-12-04,Nakhon Ratchasima,Phuket,Bank Transfer,Completed,,บริการลูกค้าดีเยี่ยม,No,11.0,
102092,2981,Sombat Naruemon,sombat.naruemon1@hotmail.com,Plus Mouse 184,Books,863.59,7,0.0,6045.13,2023-11-15,Khon Kaen,Nakhon Ratchasima,Installment,Completed,1.0,,No,5.0,2.24
103253,1011,Somchai Saelim,somchai.saelim576@gmail.com,Mini Jacket 996,Sports,171.55,4,0.0,686.2,2025-10-15,Phuket,Udon Thani,TrueMoney Wallet,Cancelled,,,No,12.0,0.35
101477,2523,Siriporn Sukjai,siriporn.sukjai489@hotmail.com,Lite Backpack 350,toys,248.18,5,30.0,868.63,2024-02-01,Nong Khai,Nakhon Ratchasima,Credit Card,Shipped,5.0,จะกลับมาซื้อซ้ำแน่นอน,No,13.0,3.53
104449,2745,Duangjai Chantra,duangjai.chantra860@yahoo.com,Plus Lamp 701,Electronics,1019.25,9,0.0,9173.25,2024-04-18,Phuket,Bangkok,Credit Card,Completed,5.0,ใช้งานได้ตามที่คาดหวัง,Yes,9.0,2.26
102547,2713,Orawan Rattanakul,orawan.rattanakul275@outlook.com,Pro Headphone 467,Home & Living,194.69,4,0.0,778.76,2023-09-11,,Khon Kaen,,Completed,5.0,คุณภาพต่ำกว่าที่คิด,No,11.0,0.66
102841,1800,Yupin Intharak,yupin.intharak908@hotmail.com,Smart Sneaker 857,Health,642.95,8,5.0,4886.42,2023-12-06,Krabi,Songkhla,Credit Card,Completed,1.0,,No,,3.49
101158,2543,Rungnapa Sukjai,rungnapa.sukjai79@hotmail.com,Smart Watch 271,Electronics,60.21,7,0.0,421.47,2023-10-26,Chiang Rai,Chonburi,PromptPay,Shipped,5.0,แพ็คเกจไม่แน่นหนา,No,8.0,0.13
104668,1006,Kittisak Thongdee,kittisak.thongdee769@gmail.com,Ultra Pillow 457,Electronics,413.83,1,0.0,413.83,2024-11-07,Sakon Nakhon,Songkhla,Credit Card,Shipped,1.0,,No,3.0,1.0
100859,1028,Somsri Boonmee,somsri.boonmee715@hotmail.com,Lite Watch 285,Home & Living,473.22,4,0.0,1892.88,2024-04-15,Nakhon Si Thammarat,Chonburi,Credit Card,Completed,4.0,บริการลูกค้าดีเยี่ยม,Yes,13.0,2.96
102686,1380,Somkiat Wongsawat,somkiat.wongsawat130@outlook.com,Mini Backpack 460,Fashion,703.42,2,5.0,1336.5,2025-12-10,Nong Khai,Chonburi,Bank Transfer,Completed,1.0,แพ็คเกจไม่แน่นหนา,Yes,2.0,0.36
104479,1880,Duangjai Phetcharat,duangjai.phetcharat94@outlook.com,Lite Backpack 526,Health,268.86,5,0.0,1344.3,2024-05-23,Chiang Mai,Chonburi,PromptPay,Completed,4.0,,No,7.0,0.33
103570,1651,Prasert Chaiyaporn,prasert.chaiyaporn360@yahoo.com,Smart Camera 288,Home & Living,574.31,5,0.0,2871.55,2024-09-08,Hat Yai,Nakhon Ratchasima,COD,Completed,4.0,ของมาช้ากว่ากำหนด,,4.0,2.45
101335,1880,Chatchai Sukjai,chatchai.sukjai965@yahoo.com,Eco Charger 452,Electronics,395.59,7,0.0,2769.13,2024-06-25,Lampang,Nonthaburi,Credit Card,Completed,4.0,สินค้าดีมาก คุ้มราคา,No,7.0,3.21
103686,2923,Thawatchai Sukjai,thawatchai.sukjai894@hotmail.com,Max Camera 599,Books,203.41,1,15.0,172.9,2025-03-14,Hat Yai,Songkhla,PromptPay,Completed,3.0,,Yes,4.0,0.31
102445,2296,Pranee Phetcharat,,Lite Jacket 162,Beauty,751.4,5,5.0,3569.15,2025-11-21,Buriram,Chonburi,Installment,Completed,4.0,,No,,3.95
102536,1008,Chatchai Prasertsak,chatchai.prasertsak616@outlook.com,Ultra Lamp 623,Groceries,128.63,3,0.0,385.89,2023-04-30,Lampang,Nonthaburi,,Cancelled,4.0,,No,3.0,1.62
102083,1576,Prasert Panyawong,prasert.panyawong529@hotmail.com,Eco Backpack 497,Sports,694.53,4,0.0,2778.12,2024-04-03,Sakon Nakhon,Nonthaburi,PromptPay,Completed,4.0,,No,10.0,1.81
101807,1735,Niran Rattanakul,niran.rattanakul673@yahoo.com,Max Jacket 558,Books,254.36,6,0.0,1526.16,2023-01-12,Nakhon Si Thammarat,Khon Kaen,Credit Card,Shipped,2.0,,No,4.0,0.84
102584,1749,Chomphunut Naruemon,chomphunut.naruemon135@yahoo.com,Pro Charger 822,Home & Living,271.4,4,0.0,1085.6,2024-03-09,Surat Thani,Phuket,Bank Transfer,Returned,1.0,แพ็คเกจไม่แน่นหนา,No,4.0,0.18
103630,1235,Anan Thongdee,anan.thongdee66@yahoo.com,Lite Watch 297,Home & Living,830.71,3,,,2023-05-31,Trang,Udon Thani,TrueMoney Wallet,Completed,1.0,,No,7.0,1.27
104119,2014,Somchai Phetcharat,somchai.phetcharat620@hotmail.com,Pro Headphone 846,Sports,659.52,1,30.0,461.66,2024-12-27,Pattaya,Chonburi,Installment,Completed,2.0,ใช้งานได้ตามที่คาดหวัง,Yes,2.0,1.73
100296,2426,Sombat Naruemon,sombat.naruemon124@hotmail.com,Ultra Camera 752,Fashion,2145.44,8,0.0,17163.52,2024-09-21,Krabi,Songkhla,Installment,Completed,,คุณภาพต่ำกว่าที่คิด,No,14.0,2.19
102100,1398,Rungnapa Kaewkla,rungnapa.kaewkla308@outlook.com,Plus Jacket 522,Toys,602.36,3,0.0,1807.08,2023-02-07,Chiang Mai,Nonthaburi,Bank Transfer,Completed,,ของมาช้ากว่ากำหนด,Yes,4.0,0.42
101784,2555,Kittisak Wongsawat,kittisak.wongsawat985@outlook.com,Plus Desk 330,Books,185.43,3,30.0,389.4,2025-03-19,Udon Thani,Rayong,Bank Transfer,Completed,5.0,,No,1.0,0.61
102394,2976,Yupin Meesuk,yupin.meesuk670@outlook.com,Eco Pillow 871,Electronics,269.95,5,5.0,1282.26,2025-10-30,Surat Thani,Songkhla,TrueMoney Wallet,Completed,,สีไม่ตรงตามรูป,Yes,3.0,1.03
100393,2648,Nittaya Rattanakul,nittaya.rattanakul836@yahoo.com,Smart Headphone 686,Toys,,6,,3726.42,2025-09-03,,Bangkok,Bank Transfer,Completed,1.0,,No,2.0,0.43
101569,2129,Sombat Thongdee,sombat.thongdee287@yahoo.com,Max Mouse 975,Health,634.72,8,0.0,5077.76,2025-11-20,Nonthaburi,Nonthaburi,COD,Completed,,,Yes,6.0,1.1
100681,2929,Thawatchai Chaiyaporn,thawatchai.chaiyaporn933@hotmail.com,Pro Mouse 186,Toys,427.8,7,10.0,2695.14,2023-10-26,Surat Thani,Rayong,PromptPay,Completed,5.0,โอเคสำหรับราคานี้,No,5.0,0.42
102722,1861,Chaiyot Yodying,chaiyot.yodying219@hotmail.com,Lite Camera 110,Sports,1425.46,8,0.0,11403.68,2023-07-11,Sakon Nakhon,Chiang Mai,Credit Card,Completed,3.0,,No,13.0,0.57
102357,2453,Wilai Boonmee,wilai.boonmee897@yahoo.com,Pro Lamp 372,Toys,734.51,2,0.0,1469.02,2024-12-16,Nakhon Ratchasima,Nonthaburi,Credit Card,Processing,5.0,,Yes,9.0,0.12
103924,1249,Kittisak Chotirat,kittisak.chotirat994@outlook.com,Lite Camera 766,Home & Living,158.39,6,25.0,712.75,2024-11-20,Nakhon Ratchasima,Songkhla,Installment,Completed,,,No,4.0,1.08
102329,1473,Rungnapa Kaewkla,rungnapa.kaewkla492@hotmail.com,Smart Sneaker 435,Toys,522.13,3,0.0,1566.39,2024-02-26,Lampang,Khon Kaen,Credit Card,Completed,5.0,คุณภาพต่ำกว่าที่คิด,Yes,7.0,0.2
103347,1381,Ploy Chantra,ploy.chantra390@outlook.com,Smart Notebook 880,Toys,1425.59,1,0.0,1425.59,2023-03-07,Chiang Mai,Phuket,COD,Shipped,5.0,,No,13.0,0.89
102895,2088,Somchai Meesuk,somchai.meesuk184@hotmail.com,Eco Lamp 423,Electronics,336.59,4,0.0,1346.36,2025-03-15,Nonthaburi,Chonburi,TrueMoney Wallet,Completed,4.0,,No,6.0,3.62
100079,2451,Chatchai Panyawong,chatchai.panyawong120@hotmail.com,Smart Desk 116,Books,196.72,6,,1180.32,2024-04-29,Sakon Nakhon,Udon Thani,Installment,Completed,4.0,แพ็คเกจไม่แน่นหนา,No,8.0,0.61
100742,2219,Pichit Chantra,pichit.chantra836@yahoo.com,Mini Watch 647,Groceries,628.96,6,0.0,3773.76,2023-09-26,Udon Thani,Khon Kaen,Bank Transfer,Cancelled,,ของมาช้ากว่ากำหนด,Yes,10.0,0.28
102653,2394,Wilai Wongsawat,wilai.wongsawat578@hotmail.com,Lite Watch 952,Sports,305.69,2,0.0,611.38,2025-02-27,,Chiang Mai,Credit Card,Completed,5.0,,No,5.0,0.39
100199,2264,Malee Naruemon,malee.naruemon87@gmail.com,Eco Backpack 941,Automotive ,,3,0.0,586.65,2023-10-30,Khon Kaen,Nonthaburi,PromptPay,Processing,4.0,สินค้าดีมาก คุ้มราคา,No,,2.07
104543,1858,Anucha Panyawong,anucha.panyawong156@gmail.com,Plus Watch 551,Books,398.41,8,0.0,3187.28,2025-02-28,Pattaya,Udon Thani,COD,Completed,4.0,,No,7.0,1.78
100410,1337,Rungnapa Chotirat,rungnapa.chotirat197@gmail.com,Ultra Speaker 790,Beauty,822.98,4,0.0,3291.92,2023-11-27,Hat Yai,Phuket,Installment,Completed,4.0,ของมาช้ากว่ากำหนด,No,6.0,1.3
100429,1400,Yupin Meesuk,yupin.meesuk756@hotmail.com,Ultra Mouse 741,Sports,131.77,8,20.0,843.33,2025-10-03,,Phuket,Installment,Cancelled,2.0,จะกลับมาซื้อซ้ำแน่นอน,No,3.0,1.09
103558,2613,Malee Wongsawat,malee.wongsawat865@outlook.com,Mini Blender 493,Fashion,583.01,9,30.0,3672.96,2024-04-05,Surat Thani,Nakhon Ratchasima,Credit Card,Shipped,5.0,จะกลับมาซื้อซ้ำแน่นอน,No,6.0,0.14
104851,1819,Somkiat Thongdee,somkiat.thongdee764@outlook.com,Eco Notebook 624,Sports,229.7,1,25.0,172.27,2023-01-28,Bangkok,Khon Kaen,COD,Processing,4.0,,Yes,4.0,5.72
100179,1642,Wilai Chaiyaporn,wilai.chaiyaporn323@outlook.com,Lite Notebook 166,Beauty,231.31,3,20.0,555.14,2024-09-05,Nonthaburi,Rayong,Installment,Completed,4.0,,No,14.0,1.44
100065,1387,Kanya Sukjai,kanya.sukjai90@hotmail.com,Plus Desk 976,Books,1012.37,4,15.0,3442.06,2023-10-31,Nakhon Si Thammarat,Bangkok,COD,Shipped,5.0,,No,3.0,0.31
104281,2626,Yupin Meesuk,yupin.meesuk666@gmail.com,Mini Bottle 448,Electronics,278.79,5,0.0,1393.95,2024-03-27,Ubon Ratchathani,Phuket,Credit Card,Cancelled,5.0,ของมาช้ากว่ากำหนด,No,12.0,2.6
104858,2125,Malee Meesuk,malee.meesuk152@gmail.com,Ultra Wallet 111,Beauty,569.64,1,0.0,569.64,2023-11-18,Udon Thani,Bangkok,TrueMoney Wallet,Completed,,,No,5.0,1.77
100764,2571,Yupin Sukjai,yupin.sukjai647@outlook.com,Ultra Wallet 145,Fashion,383.38,9,0.0,3450.42,2023-08-05,Krabi,Rayong,Bank Transfer,Completed,,,No,11.0,0.52
102589,2654,Nittaya Phetcharat,nittaya.phetcharat761@hotmail.com,Plus Blender 937,Beauty,508.45,8,30.0,2847.32,2025-09-07,Udon Thani,Khon Kaen,PromptPay,Completed,,,No,13.0,1.7
100455,1959,Duangjai Chotirat,duangjai.chotirat802@hotmail.com,Eco Camera 300,Beauty,294.36,7,20.0,1648.42,2023-01-27,Chiang Mai,Chonburi,PromptPay,Completed,3.0,โอเคสำหรับราคานี้,No,8.0,2.04
104322,2659,Duangjai Yodying,duangjai.yodying562@outlook.com,Eco Lamp 407,Home & Living,493.63,7,15.0,2937.1,2025-03-11,Nonthaburi,Udon Thani,Credit Card,Shipped,4.0,,Yes,8.0,2.03
100881,1875,Chaiyot Intharak,chaiyot.intharak7@hotmail.com,Plus Wallet 454,Fashion,1259.24,4,0.0,5036.96,2025-02-28,Chiang Rai,Nakhon Ratchasima,COD,Shipped,5.0,ของมาช้ากว่ากำหนด,No,,4.48
101168,1092,Anucha Yodying,anucha.yodying416@gmail.com,Ultra Headphone 331,Home & Living,301.05,7,0.0,2107.35,2024-06-04,Nonthaburi,Khon Kaen,Credit Card,Returned,5.0,,No,6.0,2.85
104506,1818,Siriporn Yodying,siriporn.yodying402@outlook.com,Max Notebook 724,Toys,330.63,3,0.0,991.89,2024-10-21,Surat Thani,Phuket,Credit Card,Completed,,,No,10.0,1.35
103040,1681,Boonmee Sukjai,boonmee.sukjai333@hotmail.com,Lite Bottle 306,Groceries,1089.21,1,0.0,1089.21,2023-01-18,Sakon Nakhon,Chonburi,Credit Card,Completed,4.0,,No,2.0,0.64
102170,2143,Malee Meesuk,malee.meesuk760@hotmail.com,Lite Charger 420,Fashion,,1,0.0,363.29,2024-10-03,Sakon Nakhon,Phuket,PromptPay,Completed,2.0,ใช้งานได้ตามที่คาดหวัง,No,1.0,1.13
103737,2043,Suchart Wongsawat,suchart.wongsawat757@gmail.com,Eco Camera 549,Automotive,261.31,9,10.0,2116.61,2025-08-04,Sakon Nakhon,Bangkok,Bank Transfer,Cancelled,4.0,,No,10.0,0.47
101912,2514,Prasert Boonmee,prasert.boonmee192@yahoo.com,Ultra Lamp 203,Fashion,1137.65,2,10.0,2047.77,2023-07-12,Surat Thani,Udon Thani,TrueMoney Wallet,Completed,,ใช้งานได้ตามที่คาดหวัง,Yes,8.0,0.28
100029,1955,Duangjai Wattana,duangjai.wattana929@outlook.com,Pro Charger 355,Health,1612.14,8,20.0,10317.7,2025-08-24,Surat Thani,Rayong,Credit Card,Shipped,3.0,,No,1.0,3.95
100584,1773,Duangjai Intharak,duangjai.intharak419@yahoo.com,Plus Notebook 252,Automotive,987.98,1,10.0,889.18,2024-08-18,Nong Khai,Songkhla,Installment,Completed,4.0,,Yes,9.0,0.4
100472,2069,Wilai Kaewkla,wilai.kaewkla111@gmail.com,Mini Camera 970,Sports,646.49,2,0.0,1292.98,2023-03-08,Hat Yai,Nonthaburi,Installment,Completed,4.0,,No,7.0,2.12
100491,1980,Anan Chotirat,,Smart Mouse 971,Electronics,1365.59,2,25.0,2048.38,2024-06-24,Trang,Rayong,COD,Cancelled,,,Yes,10.0,1.04
102974,1372,Somchai Wongsawat,somchai.wongsawat474@yahoo.com,Pro Wallet 950,Beauty,693.68,7,0.0,4855.76,2024-09-27,Lampang,Bangkok,TrueMoney Wallet,Completed,,,No,10.0,0.64
102121,2176,Thawatchai Chotirat,thawatchai.chotirat291@outlook.com,Max Desk 242,Home & Living,355.35,3,0.0,1066.05,2025-10-08,Chiang Mai,Nakhon Ratchasima,TrueMoney Wallet,Completed,4.0,,No,11.0,2.95
102877,2637,Suree Boonmee,suree.boonmee228@hotmail.com,Mini Watch 880,Sports,556.94,5,30.0,1949.29,2025-09-04,Nakhon Ratchasima,Rayong,COD,Cancelled,3.0,,No,12.0,3.37
100553,1726,Ratana Phetcharat,ratana.phetcharat894@hotmail.com,Max Chair 936,Health,257.8,1,0.0,257.8,2023-09-27,Chiang Rai,Nonthaburi,PromptPay,Completed,4.0,,No,10.0,7.63
100798,1075,Wilai Yodying,wilai.yodying188@outlook.com,Max Camera 440,Sports,553.92,2,,1107.84,2025-02-15,Trang,Bangkok,TrueMoney Wallet,Shipped,5.0,จะกลับมาซื้อซ้ำแน่นอน,No,4.0,1.02
101170,2969,Boonmee Chotirat,boonmee.chotirat933@gmail.com,Smart Headphone 201,Beauty,1206.12,3,0.0,3618.36,2023-02-10,Nakhon Ratchasima,Nakhon Ratchasima,Installment,Completed,,,Yes,4.0,3.86
100724,2921,Somkiat Naruemon,somkiat.naruemon857@gmail.com,Mini Charger 338,Fashion,133.49,3,10.0,360.42,2025-07-31,Rayong,Chonburi,PromptPay,Completed,3.0,,No,2.0,1.57
102487,2111,Suree Chantra,suree.chantra283@outlook.com,Smart Bottle 703,Toys,113.68,9,,716.18,2024-05-12,Lampang,Chonburi,Installment,Completed,1.0,ใช้งานได้ตามที่คาดหวัง,No,10.0,0.65
101212,2280,Duangjai Naruemon,duangjai.naruemon439@hotmail.com,Plus Mouse 567,Electronics,1043.04,8,0.0,8344.32,2025-06-26,Hat Yai,Udon Thani,Bank Transfer,Shipped,5.0,,No,4.0,0.46
101433,1077,Ploy Sukjai,ploy.sukjai808@gmail.com,Ultra Wallet 807,Electronics,663.34,1,25.0,497.5,2023-09-11,Phuket,Songkhla,Bank Transfer,Cancelled,,,No,3.0,0.93
103197,1629,Somkiat Sukjai,somkiat.sukjai514@yahoo.com,Smart Keyboard 826,Groceries,174.81,5,0.0,874.05,2024-06-05,Udon Thani,Chiang Mai,,Processing,4.0,ส่งไวมาก ประทับใจ,No,13.0,0.9
101181,1533,Boonmee Rattanakul,boonmee.rattanakul433@outlook.com,Pro Backpack 868,Toys,769.55,6,10.0,4155.57,2023-09-13,Nong Khai,Songkhla,COD,Completed,4.0,สินค้าดีมาก คุ้มราคา,No,5.0,3.45
100023,1343,Wilai Prasertsak,wilai.prasertsak693@hotmail.com,Max Wallet 361,Automotive,293.87,6,0.0,1763.22,2024-03-16,Nakhon Ratchasima,Nakhon Ratchasima,COD,Returned,,,No,1.0,2.64
102259,2770,Prasert Kaewkla,prasert.kaewkla961@hotmail.com,Plus Notebook 395,Automotive,386.35,2,10.0,695.43,2024-06-30,Rayong,Songkhla,Bank Transfer,Completed,5.0,,No,6.0,0.74
103988,1042,,nittaya.boonmee736@gmail.com,Ultra Pillow 399,Beauty,553.45,4,20.0,1771.04,2024-10-01,Nakhon Ratchasima,Khon Kaen,TrueMoney Wallet,Completed,3.0,สินค้าดีมาก คุ้มราคา,No,10.0,1.73
100168,1804,Somsri Chaiyaporn,somsri.chaiyaporn156@outlook.com,Lite Camera 486,Books,258.36,1,0.0,258.36,2023-05-05,Udon Thani,Chiang Mai,Installment,Completed,,,Yes,1.0,0.23
103605,1685,Sombat Prasertsak,sombat.prasertsak869@outlook.com,Mini Charger 554,Health,245.02,8,0.0,1960.16,2025-06-19,Hat Yai,Nonthaburi,Installment,Returned,5.0,,No,14.0,1.15
101592,1982,Somchai Saelim,somchai.saelim298@outlook.com,Lite Blender 980,Beauty,811.81,1,0.0,811.81,2025-08-19,Sakon Nakhon,Songkhla,TrueMoney Wallet,Completed,,ส่งไวมาก ประทับใจ,No,13.0,2.67
102986,1669,Kittisak Wattana,kittisak.wattana328@yahoo.com,Ultra Speaker 114,Sports,1390.23,7,,6812.13,2023-01-22,Bangkok,Bangkok,Installment,Cancelled,5.0,,No,7.0,6.13
104564,2774,Chatchai Rattanakul,chatchai.rattanakul419@outlook.com,Eco Jacket 851,Sports,835.68,7,30.0,4094.83,2024-01-31,Rayong,Khon Kaen,TrueMoney Wallet,Shipped,5.0,ของมาช้ากว่ากำหนด,No,,1.04
104221,1836,Siriporn Yodying,siriporn.yodying581@yahoo.com,Max Sneaker 998,Fashion,1095.83,7,5.0,7287.27,2023-07-03,Nakhon Si Thammarat,Chonburi,TrueMoney Wallet,Cancelled,4.0,,No,12.0,3.68
100227,1795,Thawatchai Intharak,thawatchai.intharak843@yahoo.com,Ultra Charger 140,Groceries,109.68,7,5.0,729.37,2025-12-19,Krabi,Khon Kaen,Installment,Cancelled,,,Yes,6.0,0.16
101420,2863,Orawan Phetcharat,orawan.phetcharat918@gmail.com,Lite Lamp 700,Beauty,635.12,5,5.0,3016.82,2024-02-28,Nong Khai,Rayong,Installment,Completed,4.0,,,2.0,0.49
104195,1587,Wichai Yodying,wichai.yodying8@yahoo.com,Max Notebook 593,Fashion,188.68,4,25.0,566.04,2025-08-12,Pattaya,Chiang Mai,Installment,Returned,4.0,,No,12.0,1.15
102746,1155,Orawan Panyawong,orawan.panyawong892@hotmail.com,Smart Wallet 202,Beauty,,2,,189.48,2023-03-19,Pattaya,Nakhon Ratchasima,TrueMoney Wallet,Completed,5.0,,No,1.0,0.55
101532,2306,Suree Intharak,suree.intharak967@yahoo.com,Pro Mouse 976,Electronics,796.83,1,0.0,796.83,2024-07-03,Nakhon Ratchasima,Chiang Mai,Installment,Completed,4.0,,No,10.0,0.59
103916,2579,Chaiyot Boonmee,,Ultra Notebook 285,Fashion,461.91,4,0.0,1847.64,2024-05-01,Ubon Ratchathani,Udon Thani,Credit Card,Completed,,,Yes,10.0,3.69
104325,2531,Ploy Chotirat,ploy.chotirat768@outlook.com,Ultra Keyboard 538,Books,377.75,8,0.0,3022.0,2025-08-04,Ubon Ratchathani,Udon Thani,TrueMoney Wallet,Processing,4.0,,Yes,10.0,0.59
100842,2097,Orawan Panyawong,orawan.panyawong394@outlook.com,Smart Jacket 265,Toys,341.06,4,15.0,1159.6,2023-10-18,Khon Kaen,Bangkok,Bank Transfer,Returned,1.0,,Yes,,0.67
101305,2526,Sombat Panyawong,sombat.panyawong913@yahoo.com,Eco Backpack 215,Beauty,749.37,9,10.0,6069.9,2025-04-04,Nonthaburi,Chiang Mai,Installment,Completed,,สีไม่ตรงตามรูป,,11.0,
100240,1189,Rungnapa Thongdee,rungnapa.thongdee652@outlook.com,Mini Lamp 842,Home & Living,890.96,1,,757.32,2024-07-11,Pattaya,Rayong,COD,Returned,,บริการลูกค้าดีเยี่ยม,Yes,11.0,1.46
100084,1205,Anucha Thongdee,anucha.thongdee881@outlook.com,Max Lamp 797,Health,603.41,8,,4585.92,2023-12-29,Lampang,Khon Kaen,Credit Card,Shipped,4.0,ของมาช้ากว่ากำหนด,Yes,9.0,0.16
103164,2287,Ploy Yodying,ploy.yodying86@outlook.com,Ultra Backpack 303,Toys,735.28,8,0.0,5882.24,2025-12-24,Trang,Songkhla,Installment,Completed,,,No,13.0,1.42
100807,2529,,suree.rattanakul437@outlook.com,Eco Sneaker 890,Beauty,812.79,3,10.0,2194.53,2024-08-21,Udon Thani,Chiang Mai,COD,Completed,,,No,14.0,
104774,1761,Suchart Thongdee,suchart.thongdee951@outlook.com,Smart Jacket 729,Health,209.8,6,5.0,1195.86,2024-01-29,Hat Yai,Khon Kaen,Credit Card,Completed,5.0,ส่งไวมาก ประทับใจ,No,10.0,1.69
102750,1619,Nittaya Chotirat,nittaya.chotirat653@gmail.com,Mini Keyboard 363,Fashion,183.97,5,5.0,873.86,2025-04-29,Lampang,Phuket,TrueMoney Wallet,Completed,5.0,,No,4.0,0.19
101360,1558,Somkiat Chaiyaporn,somkiat.chaiyaporn596@outlook.com,Plus Speaker 553,Beauty,95.19,9,0.0,856.71,2025-01-29,Hat Yai,Bangkok,PromptPay,Shipped,,แพ็คเกจไม่แน่นหนา,No,10.0,0.26
100705,2568,Suree Panyawong,suree.panyawong497@outlook.com,Pro Sneaker 914,Home & Living,204.46,1,0.0,204.46,2024-09-03,Khon Kaen,Nonthaburi,COD,Returned,,,No,,0.42
103912,2641,Wilai Naruemon,wilai.naruemon707@hotmail.com,Pro Sneaker 759,Sports,1554.76,6,0.0,9328.56,2023-12-20,Rayong,Chonburi,Installment,Completed,4.0,,No,8.0,0.71
100927,1079,Thawatchai Chaiyaporn,thawatchai.chaiyaporn743@hotmail.com,Smart Wallet 700,Home & Living,483.38,8,20.0,3093.63,2023-11-01,Bangkok,Nonthaburi,PromptPay,Processing,5.0,สีไม่ตรงตามรูป,No,9.0,0.99
100746,2516,Pranee Chantra,pranee.chantra962@outlook.com,Ultra Mouse 111,Automotive,694.01,2,0.0,1388.02,2023-11-06,Khon Kaen,Nonthaburi,PromptPay,Completed,5.0,จะกลับมาซื้อซ้ำแน่นอน,Yes,2.0,2.4
102459,1116,Thawatchai Wattana,thawatchai.wattana907@hotmail.com,Plus Jacket 743,Sports,253.0,5,0.0,1265.0,2023-02-09,Nakhon Ratchasima,Khon Kaen,COD,Completed,,,No,9.0,3.33
100157,1134,Malee Sinthop,malee.sinthop158@yahoo.com,Lite Desk 588,sports,691.71,6,5.0,3942.75,2025-09-25,Krabi,Phuket,COD,Completed,5.0,,Yes,14.0,0.8
101330,1074,Orawan Prasertsak,orawan.prasertsak566@gmail.com,Plus Camera 737,Groceries,456.16,7,0.0,3193.12,2025-06-24,Hat Yai,Chonburi,COD,Completed,3.0,จะกลับมาซื้อซ้ำแน่นอน,No,12.0,0.32
103257,1677,Somchai Phetcharat,somchai.phetcharat707@gmail.com,Eco Charger 339,Health,903.73,7,5.0,6009.8,2024-01-21,Rayong,Nonthaburi,Credit Card,Processing,5.0,ใช้งานได้ตามที่คาดหวัง,Yes,6.0,3.85
101270,1232,Anucha Sinthop,anucha.sinthop312@gmail.com,Ultra Keyboard 977,Beauty,234.72,5,10.0,1056.24,2024-12-11,Krabi,Chonburi,Installment,Returned,3.0,โอเคสำหรับราคานี้,Yes,,0.3
104398,1479,Malee Meesuk,malee.meesuk349@outlook.com,Eco Jacket 511,Books,360.99,4,5.0,1371.76,2024-09-25,Khon Kaen,Phuket,COD,Processing,1.0,,No,4.0,1.43
102992,1089,Ratana Meesuk,ratana.meesuk262@outlook.com,Lite Desk 699,Toys,,6,0.0,4335.84,2024-11-22,Buriram,Phuket,PromptPay,Shipped,5.0,บริการลูกค้าดีเยี่ยม,Yes,6.0,1.36
101038,1708,Somchai Boonmee,somchai.boonmee184@gmail.com,Eco Backpack 940,Home & Living,575.15,8,0.0,4601.2,2023-05-12,Udon Thani,Songkhla,Installment,Shipped,,สีไม่ตรงตามรูป,No,6.0,1.83
104979,1187,Thawatchai Rattanakul,thawatchai.rattanakul681@hotmail.com,Eco Charger 877,Fashion,304.52,2,15.0,517.68,2023-04-03,Bangkok,Songkhla,PromptPay,Completed,,บริการลูกค้าดีเยี่ยม,No,,2.65
103447,1593,Somchai Prasertsak,somchai.prasertsak130@yahoo.com,Plus Sneaker 443,Beauty,935.45,3,0.0,2806.35,2024-06-12,Nakhon Si Thammarat,Bangkok,Installment,Shipped,1.0,โอเคสำหรับราคานี้,No,13.0,3.4
100763,2122,Somchai Prasertsak,somchai.prasertsak615@yahoo.com,Max Wallet 215,Beauty,206.23,6,,1237.38,2023-09-01,Chiang Rai,Nakhon Ratchasima,Installment,Completed,5.0,,No,9.0,0.92
101444,2318,Sombat Chotirat,sombat.chotirat187@outlook.com,Plus Backpack 811,Groceries,569.68,8,5.0,4329.57,2024-03-21,Nonthaburi,Bangkok,Bank Transfer,Processing,4.0,,Yes,,2.17
103805,1480,Prasert Yodying,,Max Camera 825,Automotive,670.97,7,0.0,4696.79,2023-08-15,Udon Thani,Nonthaburi,COD,Completed,5.0,ของมาช้ากว่ากำหนด,Yes,7.0,2.79
101593,1824,Suree Prasertsak,suree.prasertsak163@outlook.com,Ultra Camera 884,Books,176.23,9,5.0,1506.77,2025-05-13,Lampang,Phuket,COD,Shipped,4.0,บริการลูกค้าดีเยี่ยม,No,1.0,0.58
101041,2893,Ploy Wattana,ploy.wattana994@hotmail.com,Smart Speaker 796,Fashion,718.55,8,0.0,5748.4,2023-09-07,Surat Thani,Khon Kaen,Installment,Completed,,ใช้งานได้ตามที่คาดหวัง,Yes,7.0,2.66
101103,1763,Anan Yodying,anan.yodying693@outlook.com,Eco Lamp 883,Beauty,504.08,1,15.0,428.47,2023-08-04,Udon Thani,Songkhla,TrueMoney Wallet,Completed,,สินค้าดีมาก คุ้มราคา,Yes,11.0,1.5
102119,2868,Boonmee Sinthop,boonmee.sinthop834@outlook.com,Eco Blender 108,Groceries,638.41,2,0.0,1276.82,2023-11-13,Buriram,Phuket,COD,Completed,2.0,ของมาช้ากว่ากำหนด,No,9.0,1.62
104231,1271,Rungnapa Sukjai,rungnapa.sukjai943@outlook.com,Plus Headphone 851,Home & Living,650.04,2,,910.06,2025-05-15,Sakon Nakhon,Phuket,Credit Card,Completed,1.0,คุณภาพต่ำกว่าที่คิด,No,4.0,2.14
101626,1639,Kittisak Intharak,kittisak.intharak415@gmail.com,Mini Chair 778,Fashion,524.8,4,0.0,2099.2,2025-11-17,Udon Thani,Chiang Mai,Installment,Shipped,5.0,,No,,5.02
103543,2360,Duangjai Wongsawat,duangjai.wongsawat943@outlook.com,Plus Keyboard 840,Automotive,948.49,2,,1896.98,2024-03-08,Lampang,Chiang Mai,TrueMoney Wallet,Cancelled,5.0,แพ็คเกจไม่แน่นหนา,No,2.0,0.15
103918,2836,Chomphunut Wattana,chomphunut.wattana489@hotmail.com,Plus Wallet 719,Automotive,602.55,7,20.0,3374.28,2023-12-14,,Khon Kaen,COD,Shipped,,บริการลูกค้าดีเยี่ยม,No,11.0,0.43
102859,2608,Rungnapa Panyawong,,Mini Speaker 261,Health,307.39,3,30.0,645.52,2025-06-04,Nonthaburi,Rayong,PromptPay,Completed,4.0,,No,12.0,0.54
103958,2753,Chaiyot Chantra,chaiyot.chantra344@yahoo.com,Lite Blender 152,Beauty,446.73,6,10.0,2412.34,2024-06-09,Khon Kaen,Songkhla,Credit Card,Completed,,,Yes,4.0,1.48
104154,2758,Suree Chotirat,suree.chotirat332@gmail.com,Max Mouse 813,Toys,959.32,1,0.0,959.32,2023-06-29,Buriram,Rayong,Bank Transfer,Completed,5.0,,No,2.0,1.78
102520,1870,Ratana Naruemon,,Plus Lamp 310,Automotive,624.43,6,0.0,,2025-10-19,,Udon Thani,PromptPay,Completed,5.0,,No,9.0,0.54
104950,2572,Kanya Thongdee,kanya.thongdee195@outlook.com,Max Jacket 859,Fashion,522.69,4,0.0,2090.76,2024-03-25,Rayong,Bangkok,Bank Transfer,Cancelled,1.0,โอเคสำหรับราคานี้,Yes,1.0,0.33
104621,2150,Pichit Chotirat,pichit.chotirat242@gmail.com,Ultra Speaker 662,Home & Living,217.24,8,10.0,1564.13,2023-07-16,Nakhon Ratchasima,Songkhla,Installment,Completed,,,No,5.0,0.92
103683,2284,Chaiyot Chaiyaporn,chaiyot.chaiyaporn194@outlook.com,Lite Charger 297,Electronics,757.43,4,0.0,3029.72,2024-11-21,Trang,Phuket,Installment,Completed,,แพ็คเกจไม่แน่นหนา,No,5.0,2.61
103909,2871,Suree Chotirat,suree.chotirat122@outlook.com,Lite Bottle 118,Health,215.57,1,0.0,215.57,2024-08-25,Lampang,Bangkok,COD,Completed,5.0,,Yes,1.0,1.11
101144,2770,Suchart Rattanakul,suchart.rattanakul55@yahoo.com,Lite Charger 908,Sports,331.76,5,0.0,1658.8,2025-01-17,,Chiang Mai,COD,Returned,4.0,,No,11.0,2.43
104064,2120,Prasert Chotirat,prasert.chotirat500@gmail.com,Smart Mouse 879,Toys,399.34,7,10.0,2515.84,2024-11-04,Udon Thani,Nakhon Ratchasima,Installment,Completed,,แพ็คเกจไม่แน่นหนา,No,5.0,0.16
104967,1801,Thawatchai Chotirat,thawatchai.chotirat864@gmail.com,Plus Mouse 185,Sports,1116.65,8,5.0,8486.54,2025-12-20,Rayong,Songkhla,PromptPay,Processing,,,No,9.0,7.07
101620,2926,Orawan Chaiyaporn,orawan.chaiyaporn889@gmail.com,Max Charger 770,Health,1371.04,7,5.0,9117.42,2024-04-09,Nakhon Ratchasima,Chonburi,Bank Transfer,Completed,3.0,คุณภาพต่ำกว่าที่คิด,Yes,10.0,4.58
104588,1562,Siriporn Chotirat,siriporn.chotirat464@gmail.com,Plus Backpack 187,Automotive,390.47,3,5.0,1112.84,2025-04-28,Nakhon Si Thammarat,Phuket,TrueMoney Wallet,Cancelled,5.0,จะกลับมาซื้อซ้ำแน่นอน,Yes,4.0,
101192,2101,Somkiat Kaewkla,somkiat.kaewkla958@outlook.com,Lite Charger 238,Fashion,360.87,3,0.0,1082.61,2023-06-08,Udon Thani,Khon Kaen,Credit Card,Returned,,,Yes,10.0,1.11
101101,2445,Prasert Boonmee,,Ultra Backpack 548,Electronics,558.03,5,0.0,2790.15,2025-10-01,Ubon Ratchathani,Udon Thani,PromptPay,Completed,3.0,,No,3.0,
101978,1488,Somsri Chaiyaporn,somsri.chaiyaporn753@yahoo.com,Lite Notebook 868,Home & Living,,1,0.0,620.05,2025-12-07,Surat Thani,Chiang Mai,,Shipped,4.0,ใช้งานได้ตามที่คาดหวัง,Yes,11.0,0.76
104212,1337,Somkiat Prasertsak,somkiat.prasertsak210@hotmail.com,Plus Blender 890,Toys,615.44,3,5.0,1754.0,2023-03-05,Khon Kaen,Nonthaburi,PromptPay,Completed,5.0,,Yes,11.0,1.98
100422,1815,Suree Saelim,suree.saelim49@yahoo.com,Pro Headphone 229,Health,545.05,6,0.0,3270.3,2023-02-20,Pattaya,Phuket,Installment,Completed,,บริการลูกค้าดีเยี่ยม,Yes,13.0,0.29
100589,1046,Somkiat Sukjai,,Mini Desk 600,Fashion,568.32,8,10.0,4091.9,2024-01-02,Surat Thani,Nakhon Ratchasima,COD,Completed,5.0,,Yes,7.0,3.34
102497,2109,Duangjai Thongdee,duangjai.thongdee894@hotmail.com,Ultra Backpack 694,Health,656.69,5,0.0,3283.45,2025-05-05,Nong Khai,Nonthaburi,PromptPay,Completed,5.0,,No,,3.74
102104,1963,Wichai Boonmee,wichai.boonmee842@outlook.com,Mini Camera 542,Electronics,662.33,1,0.0,662.33,2025-11-21,Krabi,Phuket,Installment,Completed,2.0,คุณภาพต่ำกว่าที่คิด,No,13.0,0.39
100657,1957,Yupin Sinthop,yupin.sinthop490@gmail.com,Mini Headphone 947,Automotive,120.06,9,15.0,918.46,2025-11-08,Nong Khai,Nakhon Ratchasima,COD,Completed,5.0,,No,1.0,2.79
102697,2880,Thawatchai Chotirat,thawatchai.chotirat141@outlook.com,Plus Notebook 336,Health,312.24,6,5.0,1779.77,2024-04-12,Lampang,Khon Kaen,COD,Shipped,5.0,โอเคสำหรับราคานี้,No,14.0,0.97
104050,2000,Chomphunut Sinthop,chomphunut.sinthop811@hotmail.com,Plus Mouse 545,Health,454.27,4,15.0,1544.52,2024-12-23,Buriram,Songkhla,Installment,Completed,,ของมาช้ากว่ากำหนด,No,7.0,2.93
104256,1142,Yupin Wongsawat,yupin.wongsawat902@outlook.com,Lite Charger 591,Books,489.86,6,25.0,2204.37,2023-03-31,Phuket,Phuket,COD,Shipped,,ของมาช้ากว่ากำหนด,No,12.0,1.06
104743,1368,Chomphunut Intharak,chomphunut.intharak826@hotmail.com,Pro Speaker 247,Beauty,401.65,3,0.0,1204.95,2023-10-31,Chiang Rai,Nonthaburi,PromptPay,Processing,,แพ็คเกจไม่แน่นหนา,Yes,2.0,0.16
100426,2415,Sombat Yodying,,Mini Notebook 405,Automotive,551.58,1,0.0,551.58,2025-04-05,Nakhon Si Thammarat,Khon Kaen,Installment,Returned,,,No,13.0,
104280,2466,Thawatchai Intharak,,Ultra Blender 560,Home & Living,484.61,2,0.0,969.22,2023-04-13,Nonthaburi,Chiang Mai,TrueMoney Wallet,Cancelled,5.0,ส่งไวมาก ประทับใจ,No,12.0,0.34
104817,1163,Somchai Wattana,somchai.wattana830@outlook.com,Mini Camera 104,Sports,483.83,3,25.0,1088.62,2024-01-01,Trang,Chonburi,TrueMoney Wallet,Cancelled,3.0,,Yes,4.0,3.83
102907,2520,Prasert Chantra,prasert.chantra311@outlook.com,Max Chair 752,Fashion,172.27,9,0.0,1550.43,2025-07-29,Hat Yai,Phuket,Bank Transfer,Processing,5.0,สินค้าดีมาก คุ้มราคา,Yes,,1.3
103184,1656,Ploy Prasertsak,ploy.prasertsak641@outlook.com,Lite Notebook 778,Groceries,482.12,9,10.0,3905.17,2023-04-29,Nakhon Si Thammarat,Phuket,TrueMoney Wallet,Completed,,คุณภาพต่ำกว่าที่คิด,No,,5.54
101769,1699,Duangjai Chaiyaporn,duangjai.chaiyaporn531@hotmail.com,Mini Backpack 486,Toys,355.46,3,0.0,1066.38,2023-11-28,Buriram,Khon Kaen,Bank Transfer,Completed,,,No,1.0,1.38
102656,1636,Suchart Naruemon,suchart.naruemon823@yahoo.com,Lite Chair 619,Sports,1094.62,8,0.0,8756.96,2023-02-21,Surat Thani,Udon Thani,Bank Transfer,Cancelled,4.0,,No,8.0,2.17
103409,1741,Anan Wongsawat,anan.wongsawat257@hotmail.com,Max Camera 110,Groceries,310.78,7,0.0,2175.46,2025-04-11,Krabi,Rayong,Installment,Cancelled,5.0,,Yes,,1.04
104983,1044,Boonmee Phetcharat,boonmee.phetcharat349@outlook.com,Ultra Watch 737,Books,447.66,4,25.0,1342.98,2023-08-05,Buriram,Rayong,Installment,Completed,,,No,8.0,1.68
102753,2939,Anucha Meesuk,anucha.meesuk874@hotmail.com,Plus Keyboard 776,Toys,378.54,2,5.0,719.23,2024-11-03,Nakhon Ratchasima,Bangkok,Credit Card,Returned,1.0,ใช้งานได้ตามที่คาดหวัง,No,1.0,
101943,1865,Orawan Yodying,orawan.yodying752@yahoo.com,Mini Speaker 872,Fashion,,3,10.0,1126.71,2023-03-05,Sakon Nakhon,Udon Thani,PromptPay,Cancelled,1.0,,Yes,13.0,1.25
101833,1837,Somchai Meesuk,somchai.meesuk243@gmail.com,Plus Keyboard 931,Electronics ,185.16,2,5.0,351.8,2024-03-05,Ubon Ratchathani,Chonburi,Credit Card,Shipped,,,Yes,6.0,1.3
100008,2638,Suchart Meesuk,suchart.meesuk926@hotmail.com,Max Blender 209,Groceries,101.22,3,10.0,273.29,2024-10-27,Udon Thani,Phuket,Credit Card,Completed,3.0,โอเคสำหรับราคานี้,No,8.0,0.19
102927,2947,Nittaya Phetcharat,nittaya.phetcharat346@yahoo.com,Smart Watch 365,Automotive,1070.09,1,0.0,1070.09,2025-03-26,Trang,Khon Kaen,COD,Completed,5.0,,No,1.0,0.45
104140,2039,Anan Naruemon,anan.naruemon292@hotmail.com,Eco Charger 511,Health,856.26,3,10.0,2311.9,2024-12-07,Krabi,Nakhon Ratchasima,COD,Processing,1.0,บริการลูกค้าดีเยี่ยม,No,12.0,0.16
103360,2352,Prasert Wattana,prasert.wattana182@gmail.com,Max Camera 848,Sports,350.72,9,15.0,2683.01,2025-11-24,Pattaya,Nonthaburi,PromptPay,Completed,4.0,,Yes,9.0,3.32
100751,1728,Anan Wongsawat,anan.wongsawat412@yahoo.com,Max Headphone 962,Electronics,586.41,3,0.0,1759.23,2023-06-22,Bangkok,Chiang Mai,Installment,Completed,,บริการลูกค้าดีเยี่ยม,No,6.0,2.85
103130,1707,Chatchai Saelim,chatchai.saelim317@hotmail.com,Smart Lamp 284,beauty,182.31,4,25.0,546.93,2024-05-04,Nakhon Ratchasima,Chiang Mai,Credit Card,Shipped,5.0,สินค้าดีมาก คุ้มราคา,No,12.0,1.47
100144,2522,Sombat Sukjai,sombat.sukjai819@outlook.com,Mini Speaker 130,Books,1594.56,7,30.0,7813.34,2024-08-09,Rayong,Songkhla,COD,Completed,4.0,,Yes,12.0,1.43
100670,2757,Somkiat Yodying,somkiat.yodying539@yahoo.com,Pro Lamp 916,Books,371.84,4,20.0,1189.89,2023-05-26,Trang,Nonthaburi,Bank Transfer,Shipped,5.0,,No,10.0,0.94
102291,1699,Somsri Sinthop,somsri.sinthop46@hotmail.com,Ultra Jacket 532,Fashion,343.2,8,0.0,2745.6,2025-12-20,Rayong,Chiang Mai,COD,Completed,5.0,,No,8.0,1.87
103066,2584,Suchart Saelim,suchart.saelim888@outlook.com,Plus Jacket 793,Sports,509.12,6,0.0,3054.72,2025-01-11,Nakhon Si Thammarat,Rayong,Credit Card,Shipped,,ส่งไวมาก ประทับใจ,No,11.0,1.02
104295,2530,Ratana Chaiyaporn,,Smart Mouse 703,Toys,266.1,1,0.0,266.1,2023-11-17,Pattaya,Chonburi,Installment,Completed,3.0,,Yes,12.0,0.36
104180,1210,Anan Rattanakul,anan.rattanakul44@hotmail.com,Plus Blender 611,Home & Living,538.04,2,0.0,1076.08,2024-03-10,Bangkok,Nakhon Ratchasima,TrueMoney Wallet,Returned,5.0,,No,14.0,1.43
100151,2796,Boonmee Srisuk,,Ultra Backpack 906,Books,617.68,8,20.0,3953.15,2023-03-18,Nakhon Si Thammarat,Bangkok,Bank Transfer,Completed,,โอเคสำหรับราคานี้,Yes,3.0,2.18
103784,2901,Kittisak Panyawong,kittisak.panyawong292@yahoo.com,Max Wallet 223,Sports,180.87,5,0.0,904.35,2025-01-11,Nakhon Si Thammarat,Nonthaburi,Installment,Completed,4.0,สีไม่ตรงตามรูป,No,2.0,
103894,1724,Niran Intharak,niran.intharak88@gmail.com,Eco Lamp 899,Books,241.49,3,5.0,688.25,2025-05-19,Chiang Rai,Phuket,Credit Card,Shipped,,โอเคสำหรับราคานี้,Yes,4.0,3.34
102456,1725,Sombat Rattanakul,sombat.rattanakul122@yahoo.com,Eco Notebook 483,Groceries,,7,20.0,1784.61,2024-12-26,Khon Kaen,Nonthaburi,TrueMoney Wallet,Returned,,บริการลูกค้าดีเยี่ยม,No,1.0,
101788,2279,Suchart Prasertsak,suchart.prasertsak444@outlook.com,Max Headphone 818,Beauty,1392.21,4,0.0,5568.84,2024-07-23,Phuket,Udon Thani,PromptPay,Shipped,5.0,,Yes,14.0,1.93
102447,2259,Suree Intharak,,Max Sneaker 462,Toys,949.09,7,20.0,5314.9,2025-04-29,Surat Thani,Songkhla,Installment,Processing,4.0,จะกลับมาซื้อซ้ำแน่นอน,No,11.0,7.76
104993,1161,Niran Chaiyaporn,niran.chaiyaporn372@gmail.com,Pro Backpack 681,Books,1159.85,9,15.0,8872.85,2025-03-19,Chiang Rai,Khon Kaen,Bank Transfer,Completed,,ส่งไวมาก ประทับใจ,Yes,3.0,
104342,1819,Suree Chotirat,suree.chotirat69@yahoo.com,Smart Keyboard 149,Beauty,656.42,7,0.0,4594.94,2025-12-26,Nakhon Ratchasima,Nonthaburi,TrueMoney Wallet,Shipped,5.0,,No,6.0,0.21
103889,2566,Duangjai Chantra,duangjai.chantra252@hotmail.com,Ultra Keyboard 489,Beauty,287.77,5,20.0,1151.08,2025-05-24,Sakon Nakhon,Khon Kaen,COD,Cancelled,4.0,สินค้าดีมาก คุ้มราคา,Yes,11.0,1.11
100561,2148,Duangjai Sinthop,duangjai.sinthop184@yahoo.com,Lite Blender 433,Home & Living,858.35,8,5.0,6523.46,2023-11-28,Trang,Udon Thani,Bank Transfer,Completed,,,No,13.0,0.69
102432,2963,Orawan Yodying,,Lite Headphone 505,Fashion,599.58,3,0.0,1798.74,2023-11-24,Krabi,Khon Kaen,Bank Transfer,Cancelled,,,Yes,9.0,1.32
102881,2617,Boonmee Chotirat,boonmee.chotirat626@outlook.com,Eco Keyboard 153,Groceries,1044.43,2,0.0,2088.86,2023-10-30,Chiang Mai,Nakhon Ratchasima,Bank Transfer,Completed,5.0,,No,9.0,0.78
103466,1128,Boonmee Rattanakul,boonmee.rattanakul286@gmail.com,Mini Notebook 972,Books,936.49,7,0.0,6555.43,2025-08-25,Trang,Udon Thani,COD,Completed,,,Yes,6.0,1.03
100416,2704,Somchai Yodying,somchai.yodying443@outlook.com,Lite Sneaker 684,Groceries,335.47,9,20.0,2415.38,2025-10-10,Lampang,Bangkok,TrueMoney Wallet,Shipped,,แพ็คเกจไม่แน่นหนา,Yes,,0.89
100624,2119,Yupin Naruemon,yupin.naruemon512@yahoo.com,Pro Headphone 566,Beauty,290.4,5,0.0,1452.0,2025-02-10,Chiang Mai,Rayong,PromptPay,Completed,5.0,,No,4.0,0.34
103734,2646,Pranee Prasertsak,pranee.prasertsak193@gmail.com,Max Pillow 628,Sports,160.08,1,0.0,160.08,2025-12-18,Khon Kaen,Khon Kaen,TrueMoney Wallet,Completed,5.0,,Yes,6.0,0.3
101437,1600,Chomphunut Wongsawat,chomphunut.wongsawat400@outlook.com,Ultra Charger 581,Electronics,401.57,3,0.0,1204.71,2024-08-21,Surat Thani,Songkhla,Bank Transfer,Shipped,4.0,,Yes,11.0,0.29
102436,1377,Boonmee Wongsawat,boonmee.wongsawat742@gmail.com,Smart Notebook 533,Beauty,989.87,7,0.0,6929.09,2024-07-29,Krabi,Chiang Mai,TrueMoney Wallet,Completed,,,No,1.0,1.37
103313,2102,Suree Rattanakul,suree.rattanakul799@hotmail.com,Plus Jacket 647,Toys,520.65,6,0.0,3123.9,2025-08-27,Buriram,Udon Thani,PromptPay,Completed,5.0,,No,5.0,0.82
102655,2269,Orawan Sinthop,orawan.sinthop536@hotmail.com,Pro Blender 568,Automotive,644.34,6,0.0,3866.04,2024-05-04,Buriram,Bangkok,Installment,Returned,,แพ็คเกจไม่แน่นหนา,No,12.0,0.92
104272,2230,Wichai Rattanakul,wichai.rattanakul673@gmail.com,Plus Keyboard 479,Fashion,309.17,2,0.0,618.34,2023-06-29,Ubon Ratchathani,Chiang Mai,TrueMoney Wallet,Cancelled,4.0,,No,9.0,4.22
102042,2184,Rungnapa Saelim,rungnapa.saelim612@yahoo.com,Max Headphone 924,Beauty,185.43,2,,296.69,2023-10-23,Chiang Rai,Nonthaburi,COD,Completed,3.0,,No,13.0,0.14
102845,2999,Prasert Rattanakul,prasert.rattanakul994@gmail.com,Smart Chair 510,Electronics,467.75,9,10.0,3788.78,2023-01-02,Buriram,Rayong,Bank Transfer,Shipped,3.0,,No,12.0,2.18
100100,1729,Suree Phetcharat,suree.phetcharat275@outlook.com,Eco Desk 812,Automotive,97.26,8,20.0,622.46,2024-07-17,Udon Thani,Rayong,Credit Card,Completed,4.0,,Yes,,2.17
103096,2858,Chaiyot Meesuk,chaiyot.meesuk717@yahoo.com,Lite Bottle 772,Groceries,916.75,6,0.0,5500.5,2024-09-04,Rayong,Phuket,TrueMoney Wallet,Cancelled,5.0,,No,1.0,1.0
103669,2830,Malee Naruemon,malee.naruemon663@gmail.com,Plus Jacket 801,Fashion,434.52,1,0.0,434.52,2024-08-25,Lampang,Nakhon Ratchasima,Credit Card,Completed,3.0,,No,10.0,
103845,2648,Prasert Sukjai,prasert.sukjai466@yahoo.com,Pro Watch 974,Home & Living,827.39,5,0.0,4136.95,2025-09-06,Sakon Nakhon,Bangkok,Credit Card,Processing,,ส่งไวมาก ประทับใจ,Yes,4.0,1.57
102225,1697,Sombat Srisuk,sombat.srisuk442@outlook.com,Eco Backpack 832,Toys,547.44,1,0.0,547.44,2025-05-25,Surat Thani,Nonthaburi,Bank Transfer,Returned,5.0,สีไม่ตรงตามรูป,No,13.0,2.89
100555,1853,Siriporn Yodying,siriporn.yodying215@gmail.com,Plus Lamp 501,Beauty,258.08,5,0.0,1290.4,2024-02-09,Sakon Nakhon,Khon Kaen,Bank Transfer,Completed,4.0,ใช้งานได้ตามที่คาดหวัง,No,11.0,1.73
104824,1266,Ploy Meesuk,ploy.meesuk473@hotmail.com,Eco Camera 568,toys,91.54,9,5.0,782.67,2024-08-12,Rayong,Chonburi,Credit Card,Completed,5.0,,Yes,9.0,0.86
100676,2860,Chaiyot Chotirat,chaiyot.chotirat356@yahoo.com,Smart Chair 143,Fashion,268.58,4,0.0,1074.32,2023-11-03,Bangkok,Chonburi,Installment,Completed,,,No,1.0,1.66
103418,1064,Chatchai Chotirat,chatchai.chotirat648@gmail.com,Plus Jacket 613,Toys,402.38,2,10.0,724.28,2023-01-07,Nonthaburi,Nakhon Ratchasima,PromptPay,Completed,5.0,จะกลับมาซื้อซ้ำแน่นอน,Yes,3.0,0.5
102407,2008,Yupin Chantra,yupin.chantra590@outlook.com,Lite Pillow 767,Home & Living,335.91,3,30.0,705.41,2023-06-29,Phuket,Khon Kaen,Bank Transfer,Shipped,5.0,แพ็คเกจไม่แน่นหนา,No,7.0,0.52
104023,1610,Somchai Rattanakul,somchai.rattanakul353@gmail.com,Plus Camera 404,Automotive,303.85,3,0.0,911.55,2024-03-18,Surat Thani,Udon Thani,TrueMoney Wallet,Completed,,,Yes,10.0,1.63
104125,1687,Kittisak Sinthop,kittisak.sinthop255@outlook.com,Plus Blender 403,Home & Living,223.04,8,5.0,1695.1,2023-02-20,Ubon Ratchathani,Songkhla,TrueMoney Wallet,Processing,5.0,,Yes,10.0,1.76
104088,1163,Chomphunut Chotirat,,Smart Blender 577,Health,112.83,5,15.0,479.53,2023-07-09,,Chiang Mai,PromptPay,Completed,5.0,,No,3.0,1.81
103078,1987,Prasert Thongdee,prasert.thongdee439@gmail.com,Mini Desk 547,Groceries ,263.62,2,20.0,421.79,2025-12-27,Udon Thani,Chonburi,PromptPay,Shipped,5.0,,No,8.0,0.71
101499,2545,Kanya Yodying,kanya.yodying727@hotmail.com,Lite Backpack 978,Groceries,834.79,8,0.0,6678.32,2025-07-13,Krabi,Nonthaburi,COD,Cancelled,,แพ็คเกจไม่แน่นหนา,No,9.0,4.78
100907,1347,Anan Saelim,anan.saelim10@gmail.com,Plus Backpack 495,Sports,397.54,8,15.0,2703.27,2025-03-18,Buriram,Songkhla,PromptPay,Completed,,,No,5.0,2.04
100468,2195,Suchart Wongsawat,suchart.wongsawat902@gmail.com,Ultra Lamp 328,Groceries,567.53,7,0.0,,2024-01-22,Chiang Mai,Phuket,Bank Transfer,Completed,5.0,,Yes,3.0,2.44
102644,2763,Chatchai Meesuk,chatchai.meesuk508@hotmail.com,Plus Mouse 893,Books,1056.38,6,0.0,6338.28,2024-02-21,Sakon Nakhon,Phuket,Credit Card,Completed,1.0,ใช้งานได้ตามที่คาดหวัง,No,10.0,0.4
104914,1682,Suree Wattana,suree.wattana133@yahoo.com,Max Jacket 920,Beauty,1210.66,9,0.0,10895.94,2025-06-10,Trang,Khon Kaen,Credit Card,Cancelled,5.0,ใช้งานได้ตามที่คาดหวัง,,1.0,3.69
102233,2772,Malee Yodying,malee.yodying785@outlook.com,Plus Keyboard 446,Toys,140.46,8,30.0,786.58,2024-07-19,Chiang Mai,Chonburi,Credit Card,Cancelled,,,No,8.0,0.56
100485,2122,Nittaya Phetcharat,nittaya.phetcharat151@outlook.com,Mini Mouse 210,Beauty,,9,0.0,2622.42,2025-06-19,Ubon Ratchathani,Nonthaburi,,Processing,4.0,,Yes,4.0,2.97
103340,2010,Niran Chaiyaporn,niran.chaiyaporn426@hotmail.com,Max Jacket 584,Home & Living,267.08,9,0.0,2403.72,2024-03-02,Chiang Rai,Khon Kaen,Installment,Completed,,สีไม่ตรงตามรูป,No,3.0,3.75
100486,1699,Sombat Panyawong,sombat.panyawong317@yahoo.com,Ultra Speaker 307,Beauty,,9,0.0,5587.29,2025-04-09,Hat Yai,Udon Thani,Credit Card,Shipped,5.0,,Yes,8.0,4.5
103950,2336,Pichit Chotirat,pichit.chotirat341@gmail.com,Smart Desk 323,Home & Living,1626.65,3,0.0,4879.95,2024-12-14,Nakhon Ratchasima,Nakhon Ratchasima,TrueMoney Wallet,Completed,4.0,,No,13.0,0.46
103838,1499,Chatchai Kaewkla,chatchai.kaewkla960@outlook.com,Plus Charger 427,Sports,604.87,6,25.0,2721.92,2023-10-14,Hat Yai,Nonthaburi,TrueMoney Wallet,Cancelled,,,No,6.0,0.45
100297,2661,Sombat Wongsawat,sombat.wongsawat986@gmail.com,Plus Notebook 438,Health,139.49,2,0.0,278.98,2025-01-30,Trang,Bangkok,TrueMoney Wallet,Completed,,,No,13.0,1.77
101971,2560,Ratana Chantra,ratana.chantra856@hotmail.com,Mini Jacket 167,Toys,475.8,6,20.0,2283.84,2024-10-25,Rayong,Rayong,TrueMoney Wallet,Completed,4.0,,No,,0.38
100228,2051,Wichai Yodying,wichai.yodying466@gmail.com,Smart Backpack 840,Beauty,359.75,6,0.0,2158.5,2025-04-23,Nonthaburi,Phuket,PromptPay,Processing,5.0,คุณภาพต่ำกว่าที่คิด,No,11.0,2.39
104905,2517,Siriporn Chotirat,siriporn.chotirat876@hotmail.com,Plus Notebook 272,Home & Living,526.52,9,0.0,4738.68,2023-01-18,Hat Yai,Nonthaburi,TrueMoney Wallet,Completed,5.0,แพ็คเกจไม่แน่นหนา,No,6.0,1.57
103938,2171,Somchai Wattana,somchai.wattana872@yahoo.com,Smart Pillow 994,Electronics,344.68,7,10.0,2171.48,2023-04-09,Rayong,Chonburi,Bank Transfer,Processing,,,No,6.0,1.23
103285,2985,Nittaya Wongsawat,nittaya.wongsawat818@gmail.com,Ultra Mouse 959,Fashion,1932.28,1,0.0,1932.28,2024-02-24,Sakon Nakhon,Chonburi,,Shipped,5.0,โอเคสำหรับราคานี้,No,7.0,0.59
102086,2452,Niran Naruemon,niran.naruemon917@hotmail.com,Max Desk 535,Health,601.04,1,0.0,601.04,2024-02-14,Buriram,Udon Thani,Credit Card,Shipped,,,No,,3.27
103959,2956,Boonmee Yodying,boonmee.yodying823@outlook.com,Eco Bottle 387,Beauty,622.33,1,0.0,622.33,2023-07-17,Bangkok,Nonthaburi,COD,Completed,5.0,สินค้าดีมาก คุ้มราคา,No,,0.91
103326,2681,Pranee Meesuk,pranee.meesuk127@outlook.com,Smart Wallet 297,Electronics,660.25,6,25.0,2971.12,2023-10-15,Khon Kaen,Chonburi,Installment,Completed,5.0,,Yes,3.0,1.0
101654,2384,Chomphunut Sinthop,chomphunut.sinthop764@hotmail.com,Eco Notebook 945,Health,299.19,4,0.0,1196.76,2025-11-24,Udon Thani,Songkhla,Credit Card,Completed,,,Yes,5.0,0.63
104697,2463,Somkiat Kaewkla,somkiat.kaewkla62@gmail.com,Ultra Charger 780,Groceries,1003.34,1,15.0,852.84,2025-09-27,Rayong,Phuket,PromptPay,Completed,2.0,,No,9.0,1.88
101859,1267,Wichai Wongsawat,wichai.wongsawat91@hotmail.com,Lite Sneaker 551,Fashion,98.22,5,10.0,441.99,2025-05-07,Chiang Mai,Udon Thani,Credit Card,Completed,5.0,ของมาช้ากว่ากำหนด,No,5.0,0.81
100033,2337,Somsri Meesuk,somsri.meesuk536@outlook.com,Pro Bottle 834,Beauty,535.96,5,0.0,2679.8,2023-10-30,Bangkok,Songkhla,Bank Transfer,Shipped,,แพ็คเกจไม่แน่นหนา,No,11.0,3.76
102820,2825,Wichai Sinthop,wichai.sinthop345@gmail.com,Mini Desk 446,Toys,1273.38,9,15.0,9741.36,2024-06-24,,Chiang Mai,COD,Shipped,4.0,,No,9.0,0.38
103439,1628,Sombat Sinthop,sombat.sinthop782@yahoo.com,Smart Bottle 719,Sports,793.63,3,0.0,2380.89,2024-07-26,Chiang Rai,Nakhon Ratchasima,COD,Shipped,,สีไม่ตรงตามรูป,Yes,,
102836,1986,Malee Meesuk,malee.meesuk793@yahoo.com,Eco Camera 517,Automotive,335.5,7,10.0,2113.65,2024-10-27,Phuket,Rayong,PromptPay,Cancelled,,,No,2.0,0.5
100414,2743,Anan Saelim,anan.saelim657@gmail.com,Max Jacket 514,Electronics,192.3,2,,346.14,2025-06-24,Trang,Udon Thani,COD,Shipped,3.0,ของมาช้ากว่ากำหนด,Yes,7.0,2.66
101684,2042,Malee Sinthop,malee.sinthop649@outlook.com,Max Blender 176,Books,635.44,7,15.0,3780.87,2024-08-14,Ubon Ratchathani,Nakhon Ratchasima,TrueMoney Wallet,Returned,5.0,แพ็คเกจไม่แน่นหนา,Yes,14.0,0.15
101519,1046,Anucha Sukjai,anucha.sukjai29@hotmail.com,Mini Wallet 500,Electronics,910.22,6,10.0,4915.19,2025-06-07,Khon Kaen,Nonthaburi,Bank Transfer,Processing,5.0,,No,6.0,1.4
100465,2072,Niran Rattanakul,niran.rattanakul239@gmail.com,Ultra Camera 271,Books,452.22,6,15.0,2306.32,2024-11-28,Sakon Nakhon,Chonburi,Installment,Shipped,5.0,จะกลับมาซื้อซ้ำแน่นอน,Yes,12.0,1.25
101907,1750,Somchai Yodying,somchai.yodying151@outlook.com,Mini Mouse 781,Sports,387.64,7,15.0,2306.46,2023-06-14,Lampang,Nakhon Ratchasima,Credit Card,Processing,,,Yes,10.0,1.72
100230,2579,Duangjai Chantra,duangjai.chantra849@outlook.com,Eco Speaker 498,Books,535.11,1,20.0,428.09,2025-07-16,Krabi,Songkhla,Credit Card,Shipped,,ของมาช้ากว่ากำหนด,No,1.0,2.03
102648,1931,Siriporn Rattanakul,,Pro Bottle 131,Sports,979.14,8,10.0,7049.81,2024-10-10,Nakhon Si Thammarat,Udon Thani,Bank Transfer,Completed,,แพ็คเกจไม่แน่นหนา,Yes,9.0,
101010,2015,Somsri Phetcharat,somsri.phetcharat878@outlook.com,Ultra Watch 481,Home & Living,490.83,4,5.0,1865.15,2024-01-21,Khon Kaen,Nonthaburi,Bank Transfer,Completed,4.0,,No,9.0,1.0
102498,1091,Anan Chaiyaporn,anan.chaiyaporn690@hotmail.com,Ultra Wallet 298,Home & Living,867.23,8,0.0,6937.84,2024-08-21,Nong Khai,Nakhon Ratchasima,Installment,Processing,,,No,13.0,1.73
104868,1760,Rungnapa Kaewkla,rungnapa.kaewkla820@yahoo.com,Eco Headphone 863,Fashion,,5,25.0,4890.9,2025-09-17,Hat Yai,Rayong,Installment,Completed,,สินค้าดีมาก คุ้มราคา,No,10.0,1.0
104880,2774,Prasert Thongdee,prasert.thongdee341@gmail.com,Smart Blender 906,Books,1175.92,5,0.0,5879.6,2025-12-17,Sakon Nakhon,Udon Thani,Credit Card,Completed,3.0,,Yes,1.0,1.17
101835,1127,Prasert Meesuk,prasert.meesuk660@gmail.com,Max Pillow 535,Sports,207.83,3,0.0,623.49,2025-09-07,Nakhon Si Thammarat,Phuket,Credit Card,Shipped,,สินค้าดีมาก คุ้มราคา,Yes,4.0,1.07
102998,2131,Wichai Prasertsak,wichai.prasertsak312@yahoo.com,Lite Notebook 297,Home & Living,428.15,6,0.0,2568.9,2025-02-11,Udon Thani,Rayong,Credit Card,Completed,5.0,,Yes,12.0,0.45
104753,2007,Suree Chaiyaporn,suree.chaiyaporn865@hotmail.com,Ultra Jacket 161,Toys,354.92,1,0.0,354.92,2024-01-22,Sakon Nakhon,Nakhon Ratchasima,Installment,Completed,4.0,โอเคสำหรับราคานี้,Yes,3.0,0.1
100805,2587,Boonmee Naruemon,boonmee.naruemon178@hotmail.com,Smart Camera 965,Sports,334.23,2,0.0,668.46,2025-02-08,Lampang,Chonburi,Credit Card,Completed,1.0,,No,,
102555,1006,Sombat Kaewkla,sombat.kaewkla971@yahoo.com,Ultra Charger 612,Groceries,698.54,1,0.0,698.54,2023-03-03,Krabi,Udon Thani,Installment,Completed,5.0,,No,6.0,0.33
101115,1248,Prasert Chaiyaporn,prasert.chaiyaporn128@gmail.com,Mini Sneaker 173,Automotive,677.78,7,0.0,4744.46,2023-09-14,Buriram,Phuket,Bank Transfer,Completed,5.0,,Yes,4.0,1.93
100626,2141,Orawan Naruemon,orawan.naruemon430@outlook.com,Lite Watch 280,Electronics,348.08,7,0.0,2436.56,2025-01-04,Ubon Ratchathani,Chonburi,COD,Processing,1.0,คุณภาพต่ำกว่าที่คิด,No,12.0,0.76
102145,2797,Ratana Wongsawat,ratana.wongsawat70@gmail.com,Mini Camera 945,Health,461.25,7,30.0,2260.12,2024-06-21,Ubon Ratchathani,Rayong,Installment,Completed,,,No,5.0,1.57
101614,1243,Pichit Thongdee,pichit.thongdee328@gmail.com,Lite Wallet 276,Toys,244.4,4,0.0,977.6,2023-10-13,Rayong,Nakhon Ratchasima,Bank Transfer,Completed,3.0,โอเคสำหรับราคานี้,No,7.0,
103249,2339,Sombat Kaewkla,sombat.kaewkla845@hotmail.com,Pro Blender 321,Beauty,407.05,7,0.0,2849.35,2024-02-06,Surat Thani,Udon Thani,TrueMoney Wallet,Shipped,5.0,,No,14.0,1.11
104687,1394,Somsri Sukjai,somsri.sukjai477@outlook.com,Plus Camera 203,Fashion,346.83,8,0.0,2774.64,2024-04-09,Chiang Rai,Phuket,PromptPay,Completed,5.0,โอเคสำหรับราคานี้,Yes,3.0,2.08
104110,1258,Ploy Yodying,ploy.yodying373@gmail.com,Smart Notebook 966,Groceries,647.22,5,20.0,2588.88,2023-03-01,Krabi,Phuket,Bank Transfer,Completed,4.0,ของมาช้ากว่ากำหนด,Yes,,3.64
100828,1934,Wichai Phetcharat,wichai.phetcharat264@outlook.com,Max Wallet 799,Automotive,118.49,8,15.0,805.73,2023-05-04,Trang,Khon Kaen,TrueMoney Wallet,Completed,,บริการลูกค้าดีเยี่ยม,No,11.0,1.03
104578,2820,Pranee Chotirat,pranee.chotirat173@outlook.com,Ultra Charger 374,Groceries,472.92,3,0.0,1418.76,2025-05-03,Udon Thani,Chiang Mai,COD,Completed,3.0,,No,7.0,2.31
101344,2415,Pichit Prasertsak,pichit.prasertsak970@yahoo.com,Lite Charger 533,Fashion,691.48,9,0.0,6223.32,2025-12-15,Bangkok,Chonburi,Credit Card,Shipped,5.0,,Yes,6.0,5.27
100911,2531,Siriporn Sukjai,siriporn.sukjai535@gmail.com,Plus Watch 112,Automotive,489.01,1,0.0,489.01,2024-10-11,Nong Khai,Udon Thani,Installment,Completed,,,No,2.0,1.72
104343,1088,Yupin Wongsawat,yupin.wongsawat464@gmail.com,Plus Camera 435,Health,655.61,5,10.0,2950.25,2024-03-15,Hat Yai,Nakhon Ratchasima,TrueMoney Wallet,Completed,4.0,จะกลับมาซื้อซ้ำแน่นอน,No,14.0,0.58
101197,1793,Wichai Thongdee,wichai.thongdee363@gmail.com,Max Sneaker 531,Sports,144.86,6,5.0,825.7,2024-05-12,Chiang Rai,Udon Thani,Credit Card,Shipped,4.0,ส่งไวมาก ประทับใจ,Yes,6.0,0.45
100691,1791,,kittisak.chaiyaporn774@gmail.com,Ultra Desk 980,Books,1415.97,3,25.0,3185.93,2023-12-18,Chiang Rai,Nonthaburi,COD,Cancelled,,,Yes,13.0,2.3
101623,1417,Nittaya Prasertsak,nittaya.prasertsak651@hotmail.com,Max Headphone 970,Groceries,464.09,8,5.0,3527.08,2025-09-15,Ubon Ratchathani,Udon Thani,,Processing,3.0,,Yes,3.0,0.23
103497,1448,Chaiyot Saelim,chaiyot.saelim555@outlook.com,Max Charger 455,Fashion,781.86,8,5.0,5942.14,2023-09-15,Rayong,Khon Kaen,PromptPay,Completed,4.0,จะกลับมาซื้อซ้ำแน่นอน,No,13.0,0.42
100889,2149,Yupin Panyawong,yupin.panyawong384@hotmail.com,Mini Backpack 132,Groceries,490.26,3,0.0,1470.78,2025-11-18,,Nonthaburi,Credit Card,Returned,,,Yes,1.0,0.59
100149,1288,Pranee Chaiyaporn,pranee.chaiyaporn520@gmail.com,Plus Keyboard 924,Automotive,394.53,8,0.0,3156.24,2024-08-06,Nakhon Ratchasima,Nonthaburi,COD,Completed,4.0,คุณภาพต่ำกว่าที่คิด,No,6.0,3.86
100776,2548,Nittaya Naruemon,nittaya.naruemon756@outlook.com,Eco Chair 419,Beauty,888.96,6,5.0,5067.07,2025-01-08,Nakhon Si Thammarat,Bangkok,COD,Processing,,,No,3.0,0.15
101292,2466,Duangjai Srisuk,duangjai.srisuk216@outlook.com,Ultra Watch 318,Fashion,84.99,5,0.0,424.95,2023-09-11,,Songkhla,Bank Transfer,Returned,,,No,4.0,1.78
103010,1951,Pichit Panyawong,pichit.panyawong388@gmail.com,Mini Mouse 865,Books,907.94,3,,2723.82,2025-06-27,Krabi,Bangkok,TrueMoney Wallet,Completed,,คุณภาพต่ำกว่าที่คิด,No,1.0,7.71
100012,1330,Ratana Meesuk,ratana.meesuk502@outlook.com,Plus Sneaker 442,Sports,711.78,4,10.0,2562.41,2024-04-12,Rayong,Udon Thani,Credit Card,Shipped,3.0,,Yes,3.0,2.32
101231,1525,Ratana Meesuk,ratana.meesuk333@outlook.com,Pro Camera 339,Groceries,780.68,4,20.0,2498.18,2023-02-09,Hat Yai,Khon Kaen,,Completed,4.0,จะกลับมาซื้อซ้ำแน่นอน,No,1.0,
104054,2049,Somchai Kaewkla,somchai.kaewkla484@hotmail.com,Eco Watch 454,Home & Living,83.98,4,0.0,335.92,2024-02-11,Hat Yai,Chonburi,TrueMoney Wallet,Completed,,,No,11.0,3.74
103161,2494,Boonmee Rattanakul,boonmee.rattanakul327@gmail.com,Mini Sneaker 415,Groceries,1078.42,5,0.0,5392.1,2025-03-02,Rayong,Songkhla,PromptPay,Completed,3.0,,No,1.0,0.14
101173,2074,Sombat Naruemon,sombat.naruemon251@gmail.com,Eco Blender 802,Electronics,745.37,9,10.0,6037.5,2024-02-16,Bangkok,Bangkok,Credit Card,Completed,3.0,ส่งไวมาก ประทับใจ,Yes,13.0,2.28
104691,1575,Chaiyot Rattanakul,chaiyot.rattanakul42@outlook.com,Pro Camera 571,Home & Living,203.71,9,0.0,1833.39,2024-08-31,Nakhon Ratchasima,Chonburi,PromptPay,Completed,5.0,,No,8.0,4.29
100497,1017,Ploy Yodying,ploy.yodying684@outlook.com,Smart Chair 224,Automotive,259.49,4,15.0,882.27,2023-05-09,Khon Kaen,Bangkok,COD,Completed,3.0,ส่งไวมาก ประทับใจ,Yes,,2.25
103050,1663,Somsri Thongdee,somsri.thongdee960@hotmail.com,Pro Speaker 848,Health,193.48,3,0.0,580.44,2025-01-28,Surat Thani,Khon Kaen,PromptPay,Completed,,,No,3.0,0.72
103399,2764,Orawan Boonmee,orawan.boonmee490@outlook.com,Plus Charger 378,Sports,244.01,8,20.0,1561.66,2024-10-25,Nakhon Ratchasima,Khon Kaen,Bank Transfer,Processing,4.0,ใช้งานได้ตามที่คาดหวัง,No,3.0,
103968,1444,Yupin Naruemon,yupin.naruemon825@yahoo.com,Pro Notebook 805,Sports,312.01,2,5.0,592.82,2023-09-08,Phuket,Bangkok,Bank Transfer,Completed,,,Yes,4.0,2.14
104615,2998,Chomphunut Phetcharat,chomphunut.phetcharat238@gmail.com,Ultra Wallet 555,Toys,1169.38,5,5.0,5554.56,2025-09-26,Sakon Nakhon,Nonthaburi,TrueMoney Wallet,Processing,3.0,ของมาช้ากว่ากำหนด,Yes,6.0,0.89
101501,2658,Somsri Intharak,somsri.intharak279@gmail.com,Eco Watch 287,Health,315.64,1,15.0,268.29,2025-10-19,Buriram,Phuket,COD,Completed,5.0,จะกลับมาซื้อซ้ำแน่นอน,No,10.0,0.37
104340,1672,Kanya Intharak,kanya.intharak124@hotmail.com,Ultra Notebook 989,Beauty,,9,15.0,2363.85,2023-08-02,Pattaya,Udon Thani,Bank Transfer,Cancelled,5.0,ส่งไวมาก ประทับใจ,No,,1.62
102727,2799,Yupin Naruemon,yupin.naruemon6@yahoo.com,Plus Backpack 991,Groceries,684.99,6,0.0,4109.94,2024-01-30,Surat Thani,Chiang Mai,Bank Transfer,Completed,5.0,,Yes,11.0,1.46
102005,1593,Malee Phetcharat,,Pro Blender 917,Sports,660.64,3,0.0,1981.92,2024-08-28,Rayong,Bangkok,Bank Transfer,Completed,,บริการลูกค้าดีเยี่ยม,Yes,1.0,0.41
104269,2890,Niran Sukjai,niran.sukjai423@hotmail.com,Plus Bottle 925,Beauty,218.18,1,0.0,218.18,2024-06-24,Nong Khai,Phuket,PromptPay,Completed,5.0,,Yes,7.0,0.71
103393,1518,Pichit Chotirat,pichit.chotirat138@gmail.com,Plus Lamp 133,Toys,533.68,5,0.0,2668.4,2025-06-15,Phuket,Chonburi,Bank Transfer,Processing,,สินค้าดีมาก คุ้มราคา,Yes,6.0,2.21
102323,1917,Pranee Yodying,pranee.yodying857@yahoo.com,Smart Charger 280,Books,1268.62,4,20.0,4059.58,2024-08-30,Lampang,Rayong,COD,Processing,,,No,9.0,
101471,1578,Chatchai Srisuk,,Lite Lamp 981,Toys,904.02,1,5.0,858.82,2025-02-20,Nong Khai,Udon Thani,TrueMoney Wallet,Completed,4.0,,Yes,2.0,1.99
100711,2291,Siriporn Boonmee,siriporn.boonmee862@hotmail.com,Pro Speaker 355,Fashion,720.1,5,0.0,3600.5,2024-05-20,Ubon Ratchathani,Rayong,TrueMoney Wallet,Shipped,,,Yes,12.0,
104345,2226,Niran Chantra,niran.chantra678@outlook.com,Plus Wallet 320,Automotive,951.54,7,5.0,6327.74,2024-01-15,Pattaya,Nonthaburi,Bank Transfer,Cancelled,4.0,,No,1.0,1.08
104001,1852,Nittaya Naruemon,,Lite Sneaker 783,Health,,9,30.0,6056.06,2023-04-25,Khon Kaen,Rayong,TrueMoney Wallet,Completed,,,Yes,10.0,
101697,2701,Pranee Sukjai,pranee.sukjai801@hotmail.com,Eco Wallet 219,Home & Living,384.1,9,0.0,3456.9,2023-08-17,,Nonthaburi,PromptPay,Processing,4.0,,Yes,13.0,1.61
103953,1020,Chaiyot Sinthop,chaiyot.sinthop310@outlook.com,Pro Pillow 124,Beauty,511.02,8,,4088.16,2025-02-02,Ubon Ratchathani,Phuket,TrueMoney Wallet,Shipped,5.0,คุณภาพต่ำกว่าที่คิด,Yes,1.0,2.29
104041,1743,Suchart Chotirat,suchart.chotirat475@outlook.com,Lite Camera 901,Electronics,,9,10.0,2657.04,2024-12-06,Nong Khai,Nakhon Ratchasima,Bank Transfer,Shipped,5.0,,Yes,2.0,0.59
100544,1653,Kanya Chotirat,kanya.chotirat712@yahoo.com,Eco Pillow 124,GROCERIES,632.85,1,0.0,632.85,2024-10-25,Chiang Mai,Rayong,Bank Transfer,Completed,5.0,,No,1.0,0.92
100599,2693,Prasert Yodying,prasert.yodying692@yahoo.com,Max Pillow 955,Books,799.91,2,0.0,1599.82,2025-03-07,Pattaya,Phuket,Credit Card,Processing,3.0,,Yes,,0.28
101044,2046,Kanya Kaewkla,kanya.kaewkla122@hotmail.com,Mini Desk 828,Groceries,84.48,4,,236.54,2024-06-19,,Udon Thani,Bank Transfer,Completed,1.0,,No,1.0,1.36
100132,1014,Rungnapa Yodying,rungnapa.yodying827@gmail.com,Plus Notebook 346,Fashion,155.76,1,10.0,140.18,2025-01-15,Udon Thani,Rayong,TrueMoney Wallet,Completed,3.0,บริการลูกค้าดีเยี่ยม,No,6.0,1.65
101888,2535,Somchai Boonmee,somchai.boonmee62@hotmail.com,Eco Watch 237,Automotive,1512.67,9,15.0,11571.93,2025-02-25,Pattaya,Songkhla,Bank Transfer,Completed,,สีไม่ตรงตามรูป,Yes,,9.29
104210,1306,Pichit Sukjai,pichit.sukjai463@gmail.com,Max Speaker 498,Home & Living,655.63,5,0.0,3278.15,2023-02-19,Chiang Mai,Rayong,COD,Shipped,3.0,,Yes,2.0,0.31
104652,1022,Chatchai Phetcharat,chatchai.phetcharat564@outlook.com,Ultra Mouse 577,Electronics,495.66,-1,0.0,3965.28,2024-02-12,Nakhon Si Thammarat,Rayong,Bank Transfer,Completed,4.0,,No,14.0,1.03
104869,1498,Suchart Boonmee,suchart.boonmee346@gmail.com,Eco Sneaker 786,Fashion,725.67,5,0.0,3628.35,2024-06-15,Lampang,Khon Kaen,PromptPay,Completed,,,No,1.0,
104586,1909,Orawan Saelim,orawan.saelim703@hotmail.com,Lite Backpack 955,Toys,222.7,2,0.0,445.4,2025-01-08,Chiang Rai,Chonburi,Installment,Completed,5.0,สินค้าดีมาก คุ้มราคา,Yes,1.0,0.23
104716,2178,Niran Phetcharat,niran.phetcharat96@outlook.com,Pro Bottle 820,Beauty,496.42,6,0.0,2978.52,2023-09-25,Nakhon Si Thammarat,Songkhla,TrueMoney Wallet,Completed,,จะกลับมาซื้อซ้ำแน่นอน,No,12.0,
103129,1998,Nittaya Thongdee,,Lite Charger 707,Automotive,249.84,1,25.0,187.38,2025-02-03,Lampang,Phuket,Bank Transfer,Cancelled,2.0,,No,7.0,0.13
100287,1112,Chomphunut Sinthop,,Ultra Sneaker 922,Automotive,480.82,8,10.0,3461.9,2025-07-01,Chiang Mai,Nakhon Ratchasima,PromptPay,Completed,3.0,,Yes,4.0,0.12
104348,2000,Prasert Chaiyaporn,prasert.chaiyaporn384@hotmail.com,Mini Camera 620,Groceries,1611.38,3,15.0,4109.02,2024-05-21,Chiang Mai,Nakhon Ratchasima,COD,Completed,4.0,,Yes,11.0,0.43
103767,1697,Duangjai Kaewkla,duangjai.kaewkla210@yahoo.com,Eco Bottle 107,Fashion,431.9,6,0.0,2591.4,2024-09-11,Sakon Nakhon,Phuket,COD,Shipped,5.0,,Yes,4.0,0.68
100373,2675,Chomphunut Srisuk,chomphunut.srisuk5@gmail.com,Eco Desk 687,Automotive,680.32,8,10.0,4898.3,2024-09-10,Rayong,Phuket,Credit Card,Completed,,คุณภาพต่ำกว่าที่คิด,No,9.0,1.35
102627,1515,Ploy Intharak,ploy.intharak706@outlook.com,Ultra Wallet 560,Beauty,1472.34,8,20.0,9422.98,2023-01-22,Nakhon Ratchasima,Chiang Mai,TrueMoney Wallet,Processing,4.0,จะกลับมาซื้อซ้ำแน่นอน,No,8.0,1.57
104707,1925,Kittisak Yodying,kittisak.yodying777@outlook.com,Ultra Lamp 871,Health,159.38,9,0.0,1434.42,2024-09-13,Surat Thani,Nakhon Ratchasima,TrueMoney Wallet,Completed,,ส่งไวมาก ประทับใจ,No,2.0,1.03
102127,2683,Pranee Chaiyaporn,pranee.chaiyaporn480@outlook.com,Pro Mouse 716,Home & Living,534.15,1,5.0,507.44,2025-08-17,Chiang Rai,Chiang Mai,TrueMoney Wallet,Completed,2.0,,No,,0.33
100964,2031,Thawatchai Sukjai,thawatchai.sukjai975@gmail.com,Smart Headphone 103,Groceries,150.44,4,,601.76,2024-07-25,Krabi,Udon Thani,Installment,Completed,5.0,บริการลูกค้าดีเยี่ยม,No,5.0,1.7
102022,2836,Malee Prasertsak,malee.prasertsak55@outlook.com,Pro Notebook 944,Toys,297.39,1,0.0,297.39,2024-11-27,Bangkok,Phuket,Credit Card,Completed,,,Yes,8.0,0.71
102680,2957,Sombat Sukjai,sombat.sukjai957@yahoo.com,Pro Headphone 664,Automotive,486.72,1,0.0,486.72,2025-03-29,Buriram,Rayong,Installment,Completed,,จะกลับมาซื้อซ้ำแน่นอน,Yes,10.0,0.92
102952,1618,Malee Prasertsak,malee.prasertsak433@outlook.com,Pro Camera 907,Toys,641.6,9,15.0,4908.24,2024-09-12,Chiang Mai,Phuket,,Completed,5.0,,No,6.0,0.85
104646,1194,Malee Sinthop,malee.sinthop166@gmail.com,Eco Lamp 444,Books,288.53,7,0.0,2019.71,2023-09-21,Bangkok,Chiang Mai,,Returned,,,No,5.0,1.07
104501,1816,Somsri Sukjai,somsri.sukjai121@yahoo.com,Pro Backpack 760,Home & Living,564.9,2,30.0,790.86,2025-01-16,Pattaya,Chiang Mai,PromptPay,Completed,1.0,โอเคสำหรับราคานี้,Yes,3.0,4.32
103757,1272,Sombat Rattanakul,sombat.rattanakul5@hotmail.com,Plus Blender 255,Home & Living,856.19,1,0.0,856.19,2024-01-18,Pattaya,Phuket,TrueMoney Wallet,Completed,1.0,,No,2.0,3.02
101427,2314,Anucha Chantra,,Eco Camera 413,Toys,800.19,4,0.0,3200.76,2024-05-02,Lampang,Chiang Mai,COD,Completed,,,No,12.0,0.13
102638,2640,Niran Intharak,niran.intharak385@hotmail.com,Pro Camera 749,Toys,554.59,3,0.0,1663.77,2024-03-20,Nakhon Si Thammarat,Khon Kaen,PromptPay,Completed,5.0,,Yes,6.0,2.78
100653,2070,Anucha Yodying,anucha.yodying881@outlook.com,Pro Wallet 333,Books,312.94,6,5.0,1783.76,2023-04-14,Pattaya,Nakhon Ratchasima,TrueMoney Wallet,Completed,3.0,โอเคสำหรับราคานี้,No,12.0,6.85
103659,2724,Pichit Saelim,,Smart Notebook 422,Home & Living,190.23,7,15.0,1131.87,2024-07-19,Chiang Rai,Udon Thani,COD,Processing,4.0,บริการลูกค้าดีเยี่ยม,No,8.0,2.05
103292,2805,Suree Srisuk,suree.srisuk911@hotmail.com,Lite Bottle 155,Home & Living,864.39,5,5.0,4105.85,2025-01-28,Nonthaburi,Nonthaburi,TrueMoney Wallet,Completed,3.0,,No,14.0,2.91
104278,1218,Rungnapa Wattana,rungnapa.wattana987@hotmail.com,Lite Camera 735,Sports,634.21,6,0.0,3805.26,2024-08-22,Hat Yai,Khon Kaen,Credit Card,Shipped,4.0,,Yes,2.0,
101538,1871,Suree Phetcharat,suree.phetcharat744@yahoo.com,Max Headphone 336,Books,1407.58,9,0.0,12668.22,2024-08-01,Buriram,Khon Kaen,Bank Transfer,Returned,4.0,ใช้งานได้ตามที่คาดหวัง,No,10.0,2.42
101504,2141,Ploy Phetcharat,,Plus Mouse 831,Electronics,677.06,7,0.0,4739.42,2023-10-31,Hat Yai,Songkhla,Installment,Completed,4.0,,Yes,10.0,0.98
101174,2426,Chomphunut Saelim,chomphunut.saelim622@outlook.com,Ultra Lamp 544,Toys,240.79,5,0.0,1203.95,2025-06-28,Hat Yai,Udon Thani,COD,Processing,,,No,12.0,0.13
101108,2873,Chomphunut Kaewkla,chomphunut.kaewkla732@yahoo.com,Max Backpack 109,Books,,5,0.0,4220.5,2025-04-30,Buriram,Nakhon Ratchasima,TrueMoney Wallet,Completed,3.0,สีไม่ตรงตามรูป,No,10.0,0.23
101995,1628,Suree Meesuk,suree.meesuk763@gmail.com,Lite Backpack 255,Automotive,817.31,8,10.0,5884.63,2025-12-18,Ubon Ratchathani,Nakhon Ratchasima,PromptPay,Processing,,ส่งไวมาก ประทับใจ,Yes,4.0,1.57
102124,1771,Suchart Naruemon,suchart.naruemon35@outlook.com,Lite Speaker 454,Beauty,139.34,5,0.0,696.7,2024-06-29,Nakhon Ratchasima,Nakhon Ratchasima,Installment,Completed,4.0,สีไม่ตรงตามรูป,No,8.0,
101322,1228,Suchart Meesuk,suchart.meesuk212@hotmail.com,Mini Headphone 427,Electronics,976.13,7,15.0,5807.97,2023-04-17,Pattaya,Khon Kaen,Installment,Completed,5.0,สีไม่ตรงตามรูป,No,11.0,2.81
103654,2067,Kittisak Kaewkla,kittisak.kaewkla747@gmail.com,Mini Chair 551,Electronics,204.35,4,0.0,817.4,2024-12-29,Ubon Ratchathani,Chiang Mai,Installment,Returned,,จะกลับมาซื้อซ้ำแน่นอน,No,7.0,3.75
102916,1841,Somkiat Prasertsak,somkiat.prasertsak892@gmail.com,Eco Backpack 890,Fashion,570.75,9,0.0,5136.75,2025-09-17,Phuket,Phuket,Credit Card,Completed,3.0,สีไม่ตรงตามรูป,No,9.0,0.36
102118,2085,Wichai Wongsawat,wichai.wongsawat476@outlook.com,Lite Charger 452,Home & Living,1352.09,-1,0.0,6760.45,2023-02-04,Udon Thani,Phuket,Bank Transfer,Returned,3.0,ส่งไวมาก ประทับใจ,No,13.0,0.31
101483,2254,Anan Rattanakul,anan.rattanakul154@hotmail.com,Ultra Lamp 239,Health,722.53,7,5.0,4804.82,2024-11-10,Buriram,Bangkok,Bank Transfer,Completed,,ส่งไวมาก ประทับใจ,No,3.0,0.11
102598,2746,Anucha Saelim,anucha.saelim386@yahoo.com,Eco Bottle 686,Books,255.54,6,0.0,1533.24,2025-10-11,Krabi,Rayong,COD,Cancelled,4.0,,No,13.0,1.37
104351,1221,Nittaya Saelim,nittaya.saelim651@gmail.com,Lite Bottle 327,Fashion,334.83,3,0.0,1004.49,2025-03-07,Surat Thani,Songkhla,TrueMoney Wallet,Completed,4.0,,No,14.0,1.06
102080,2382,Thawatchai Chaiyaporn,thawatchai.chaiyaporn886@gmail.com,Max Camera 681,Home & Living,208.4,2,0.0,416.8,2024-08-03,Udon Thani,Nakhon Ratchasima,Installment,Completed,5.0,จะกลับมาซื้อซ้ำแน่นอน,Yes,12.0,0.54
101468,2970,Anucha Sukjai,anucha.sukjai249@hotmail.com,Mini Lamp 355,Sports,624.42,5,0.0,3122.1,2024-07-20,Bangkok,Nonthaburi,PromptPay,Shipped,,โอเคสำหรับราคานี้,Yes,4.0,1.21
104650,2064,Pranee Boonmee,pranee.boonmee542@outlook.com,Plus Watch 985,Automotive,380.32,3,15.0,969.82,2025-04-11,Ubon Ratchathani,Nonthaburi,Credit Card,Shipped,,บริการลูกค้าดีเยี่ยม,No,8.0,2.26
103475,2979,Suree Wattana,suree.wattana214@gmail.com,Plus Blender 938,Electronics,924.3,2,0.0,1848.6,2024-05-28,Chiang Mai,Udon Thani,Credit Card,Processing,5.0,บริการลูกค้าดีเยี่ยม,No,13.0,3.09
103711,1601,Somkiat Chantra,somkiat.chantra246@outlook.com,Max Keyboard 453,Toys,127.49,3,10.0,344.22,2025-12-28,Chiang Rai,Phuket,Installment,Completed,5.0,,No,11.0,1.01
103485,1199,Chomphunut Sinthop,chomphunut.sinthop987@yahoo.com,Max Lamp 459,Groceries,1986.29,9,0.0,17876.61,2025-12-27,Krabi,Nakhon Ratchasima,COD,Cancelled,4.0,,Yes,12.0,3.34
103384,2254,Anucha Boonmee,anucha.boonmee781@hotmail.com,Lite Watch 111,Health,344.55,4,0.0,1378.2,2025-04-20,Sakon Nakhon,Chiang Mai,Credit Card,Processing,5.0,ใช้งานได้ตามที่คาดหวัง,No,12.0,1.05
101406,2908,Somsri Rattanakul,somsri.rattanakul935@hotmail.com,Eco Bottle 175,Books,495.46,5,0.0,2477.3,2025-04-20,Buriram,Bangkok,COD,Completed,4.0,,Yes,8.0,0.9
104396,1481,Duangjai Thongdee,duangjai.thongdee45@yahoo.com,Max Desk 204,Electronics,537.92,6,5.0,3066.14,2024-06-08,Nonthaburi,Nakhon Ratchasima,PromptPay,Completed,,ใช้งานได้ตามที่คาดหวัง,No,13.0,1.29
101047,1676,Somkiat Wattana,somkiat.wattana669@outlook.com,Smart Desk 686,Toys,1080.48,1,25.0,810.36,2023-02-03,Khon Kaen,Udon Thani,COD,Cancelled,5.0,,No,3.0,3.75
101630,1762,Thawatchai Sukjai,thawatchai.sukjai686@yahoo.com,Smart Watch 108,Groceries,517.81,6,10.0,2796.17,2025-08-14,Sakon Nakhon,Songkhla,Bank Transfer,Cancelled,5.0,,No,7.0,
102388,2999,Malee Prasertsak,malee.prasertsak323@gmail.com,Mini Pillow 310,Sports,130.55,4,20.0,417.76,2024-12-01,Pattaya,Nakhon Ratchasima,PromptPay,Completed,2.0,,No,2.0,0.66
102718,2993,Chaiyot Meesuk,chaiyot.meesuk887@yahoo.com,Lite Backpack 635,Beauty,655.58,2,25.0,983.37,2025-04-27,Surat Thani,Chiang Mai,PromptPay,Completed,3.0,,No,4.0,0.28
103075,1804,Suchart Naruemon,suchart.naruemon849@gmail.com,Plus Watch 257,Automotive,463.58,1,15.0,394.04,2024-05-02,Sakon Nakhon,Udon Thani,COD,Processing,4.0,,No,12.0,1.29
103038,2656,Somkiat Srisuk,somkiat.srisuk614@outlook.com,Mini Jacket 170,Groceries,569.71,8,0.0,4557.68,2025-10-06,Buriram,Songkhla,PromptPay,Shipped,5.0,,No,,0.76
102815,2381,Duangjai Naruemon,duangjai.naruemon331@gmail.com,Max Sneaker 653,Health,506.51,9,10.0,4102.73,2025-07-04,Sakon Nakhon,Nonthaburi,,Cancelled,,,Yes,13.0,0.69
100530,1920,Malee Kaewkla,malee.kaewkla933@gmail.com,Plus Wallet 559,Beauty,716.6,5,0.0,3583.0,2023-09-30,Surat Thani,Nakhon Ratchasima,Bank Transfer,Completed,3.0,โอเคสำหรับราคานี้,No,11.0,0.16
100290,1219,Duangjai Sinthop,duangjai.sinthop575@gmail.com,Eco Jacket 696,Fashion,694.46,7,0.0,4861.22,2023-12-01,Nakhon Si Thammarat,Nonthaburi,Bank Transfer,Completed,,,No,6.0,0.81
103406,2754,Prasert Saelim,prasert.saelim735@outlook.com,Smart Keyboard 714,Beauty,428.31,5,0.0,2141.55,2024-03-24,Lampang,Nakhon Ratchasima,Credit Card,Shipped,,ส่งไวมาก ประทับใจ,Yes,12.0,1.22
102512,2952,Siriporn Chaiyaporn,siriporn.chaiyaporn629@outlook.com,Smart Backpack 585,Toys,185.41,7,0.0,1297.87,2024-09-09,Lampang,Phuket,PromptPay,Shipped,5.0,,No,6.0,1.38
100252,1709,Siriporn Kaewkla,siriporn.kaewkla617@outlook.com,Lite Sneaker 345,Automotive,496.73,6,,2980.38,2023-03-09,Nakhon Si Thammarat,Phuket,COD,Returned,,แพ็คเกจไม่แน่นหนา,No,9.0,3.16
103290,1163,Duangjai Prasertsak,duangjai.prasertsak838@yahoo.com,Lite Bottle 112,Sports,365.79,7,30.0,1792.37,2023-01-04,Udon Thani,Songkhla,PromptPay,Returned,,,Yes,13.0,0.53
100350,1337,Ratana Chaiyaporn,ratana.chaiyaporn956@outlook.com,Eco Mouse 553,Beauty,1044.18,9,15.0,7987.98,2024-12-23,Hat Yai,Rayong,Installment,Completed,,,No,13.0,4.93
101128,1899,Chomphunut Naruemon,chomphunut.naruemon603@outlook.com,Pro Charger 590,Books,288.86,1,30.0,202.2,2024-09-22,Nonthaburi,Khon Kaen,PromptPay,Returned,5.0,คุณภาพต่ำกว่าที่คิด,No,3.0,2.24
103154,1726,Suchart Yodying,suchart.yodying928@hotmail.com,Pro Speaker 550,Beauty,412.81,4,0.0,1651.24,2024-08-30,Bangkok,Udon Thani,PromptPay,Cancelled,4.0,ของมาช้ากว่ากำหนด,No,10.0,0.51
101617,1074,Somkiat Panyawong,somkiat.panyawong809@outlook.com,Ultra Jacket 738,Home & Living,943.73,1,10.0,849.36,2023-12-19,Lampang,Phuket,Bank Transfer,Completed,4.0,คุณภาพต่ำกว่าที่คิด,Yes,8.0,0.36
103351,2950,Siriporn Sukjai,siriporn.sukjai857@gmail.com,Lite Watch 205,Groceries,870.9,8,,5922.12,2023-08-24,,Udon Thani,Bank Transfer,Completed,5.0,,Yes,11.0,0.54
100090,2025,Chatchai Thongdee,chatchai.thongdee646@outlook.com,Max Speaker 342,Toys,1675.57,7,15.0,9969.64,2024-01-31,Lampang,Udon Thani,Installment,Cancelled,5.0,,Yes,10.0,0.4
103158,2232,Malee Chotirat,malee.chotirat600@outlook.com,Mini Jacket 145,Books,688.79,3,15.0,1756.41,2023-08-11,Rayong,Nonthaburi,Credit Card,Processing,4.0,,No,3.0,2.49
103048,2603,Wilai Saelim,wilai.saelim741@hotmail.com,Mini Notebook 317,Automotive,1280.62,9,0.0,11525.58,2023-06-07,Chiang Rai,Udon Thani,Installment,Completed,,,Yes,10.0,
101482,1477,Kanya Wongsawat,kanya.wongsawat583@outlook.com,Pro Blender 244,Home & Living,708.14,6,0.0,4248.84,2024-07-20,Nakhon Ratchasima,Songkhla,COD,Completed,3.0,,Yes,14.0,3.7
103082,1649,Duangjai Panyawong,duangjai.panyawong740@hotmail.com,Smart Jacket 803,Health,2206.5,1,0.0,2206.5,2025-11-10,Rayong,Udon Thani,Bank Transfer,Completed,,,No,14.0,3.4
100026,1805,Ploy Rattanakul,ploy.rattanakul540@gmail.com,Mini Notebook 690,Toys,345.73,3,0.0,1037.19,2024-02-10,Khon Kaen,Chiang Mai,Installment,Completed,5.0,,Yes,7.0,4.81
104403,2454,Malee Wongsawat,malee.wongsawat759@gmail.com,Pro Jacket 837,Beauty,998.94,8,15.0,6792.79,2023-10-28,Trang,Chonburi,PromptPay,Shipped,5.0,,Yes,7.0,0.78
104415,1604,Suree Intharak,suree.intharak520@hotmail.com,Eco Charger 738,Groceries,694.0,1,,694.0,2025-03-17,Nonthaburi,Udon Thani,Bank Transfer,Processing,1.0,,No,5.0,0.32
104708,2399,Prasert Srisuk,prasert.srisuk444@gmail.com,Plus Blender 176,Sports,,8,0.0,8027.28,2025-04-08,Trang,Rayong,Bank Transfer,Completed,3.0,จะกลับมาซื้อซ้ำแน่นอน,Yes,,1.78
102103,2367,Boonmee Panyawong,boonmee.panyawong862@yahoo.com,Mini Watch 695,Beauty,787.34,6,0.0,4724.04,2025-11-07,Nonthaburi,Chonburi,Credit Card,Cancelled,,สินค้าดีมาก คุ้มราคา,No,1.0,1.38
103997,1197,Rungnapa Chotirat,rungnapa.chotirat620@hotmail.com,Eco Headphone 656,Toys,528.06,5,10.0,2376.27,2024-10-30,Chiang Rai,Nonthaburi,Installment,Completed,4.0,,No,12.0,
100810,1884,Siriporn Sukjai,siriporn.sukjai251@outlook.com,Pro Camera 572,Toys,999.12,8,15.0,,2023-06-29,Bangkok,Nonthaburi,Installment,Shipped,,,Yes,,1.9
103321,1091,Prasert Phetcharat,prasert.phetcharat278@hotmail.com,Lite Bottle 411,Automotive,544.01,1,0.0,544.01,2025-05-28,Rayong,Chonburi,PromptPay,Completed,,,No,6.0,0.6
101962,2799,Rungnapa Meesuk,,Max Pillow 297,Books,405.43,8,0.0,3243.44,2023-02-13,Hat Yai,Chiang Mai,Bank Transfer,Returned,4.0,,No,13.0,1.77
104878,2970,Orawan Boonmee,orawan.boonmee552@outlook.com,Lite Bottle 731,Automotive,661.83,7,0.0,4632.81,2024-05-15,Ubon Ratchathani,Chonburi,PromptPay,Cancelled,3.0,ส่งไวมาก ประทับใจ,No,7.0,0.56
103727,2014,Niran Chantra,,Eco Lamp 598,Toys,829.95,3,15.0,2116.37,2025-07-17,Ubon Ratchathani,Nakhon Ratchasima,PromptPay,Completed,,,,6.0,0.35
101726,2790,Kanya Prasertsak,kanya.prasertsak448@gmail.com,Eco Charger 395,Fashion,532.15,4,0.0,2128.6,2023-10-16,Pattaya,Songkhla,Bank Transfer,Shipped,5.0,บริการลูกค้าดีเยี่ยม,No,13.0,1.45
101425,2851,Yupin Boonmee,yupin.boonmee696@outlook.com,Pro Backpack 101,Automotive,105.93,9,30.0,667.36,2024-01-23,Hat Yai,Nakhon Ratchasima,COD,Completed,5.0,ส่งไวมาก ประทับใจ,No,9.0,0.36
100254,2434,Kanya Srisuk,kanya.srisuk379@yahoo.com,Ultra Wallet 178,Health,875.03,4,0.0,3500.12,2025-04-15,Surat Thani,Songkhla,Bank Transfer,Completed,,,No,3.0,0.76
102370,1883,Somchai Thongdee,somchai.thongdee524@yahoo.com,Eco Headphone 676,Sports,444.83,5,0.0,2224.15,2023-11-06,Pattaya,Songkhla,TrueMoney Wallet,Completed,5.0,,Yes,4.0,0.26
102813,1668,Rungnapa Kaewkla,rungnapa.kaewkla382@outlook.com,Eco Backpack 710,Toys,387.9,6,0.0,2327.4,2023-10-07,Surat Thani,Chonburi,COD,Shipped,,ใช้งานได้ตามที่คาดหวัง,Yes,8.0,1.08
101507,2182,Rungnapa Saelim,rungnapa.saelim189@gmail.com,Pro Backpack 665,Fashion,769.27,1,5.0,730.81,2024-10-31,Nong Khai,Bangkok,TrueMoney Wallet,Processing,,แพ็คเกจไม่แน่นหนา,Yes,6.0,5.22
104333,2852,Siriporn Naruemon,siriporn.naruemon712@yahoo.com,Ultra Chair 459,Groceries,658.48,5,0.0,3292.4,2023-07-14,Chiang Rai,Nakhon Ratchasima,Credit Card,Completed,,,Yes,8.0,1.05
102543,2393,Pichit Phetcharat,pichit.phetcharat422@outlook.com,Eco Headphone 324,Groceries,450.99,9,0.0,4058.91,2025-07-08,Udon Thani,Phuket,PromptPay,Completed,,,No,8.0,3.27
101034,1404,Duangjai Phetcharat,duangjai.phetcharat696@hotmail.com,Lite Mouse 926,Sports,624.86,7,20.0,3499.22,2025-07-08,Trang,Rayong,Bank Transfer,Completed,,โอเคสำหรับราคานี้,Yes,3.0,
103193,2302,Nittaya Naruemon,nittaya.naruemon351@hotmail.com,Ultra Jacket 650,Books,692.84,8,,5542.72,2023-07-18,Pattaya,Nakhon Ratchasima,TrueMoney Wallet,Cancelled,4.0,,Yes,13.0,
100471,1476,Chatchai Saelim,chatchai.saelim602@hotmail.com,Pro Keyboard 631,Books,755.66,5,0.0,3778.3,2025-10-26,Nong Khai,Chiang Mai,TrueMoney Wallet,Completed,,จะกลับมาซื้อซ้ำแน่นอน,Yes,13.0,0.3
101747,2935,Pranee Prasertsak,pranee.prasertsak917@hotmail.com,Lite Mouse 907,Electronics,318.46,6,5.0,1815.22,2024-03-02,Chiang Mai,Khon Kaen,TrueMoney Wallet,Cancelled,5.0,แพ็คเกจไม่แน่นหนา,No,13.0,0.68
104671,2591,Pichit Sinthop,pichit.sinthop461@hotmail.com,Max Wallet 512,Health,694.91,2,25.0,1042.36,2024-01-25,Nakhon Si Thammarat,Chiang Mai,PromptPay,Cancelled,1.0,,Yes,9.0,0.42
100315,2860,Kanya Sukjai,kanya.sukjai61@yahoo.com,Pro Pillow 517,Groceries,1047.74,8,0.0,8381.92,2025-07-18,Trang,Phuket,Installment,Cancelled,2.0,คุณภาพต่ำกว่าที่คิด,No,4.0,0.12
101272,2169,Somsri Chaiyaporn,somsri.chaiyaporn288@yahoo.com,Smart Sneaker 541,Groceries,411.7,6,0.0,2470.2,2024-01-05,Bangkok,Rayong,COD,Shipped,,จะกลับมาซื้อซ้ำแน่นอน,Yes,14.0,2.14
100856,1633,Kittisak Chaiyaporn,kittisak.chaiyaporn249@outlook.com,Ultra Charger 154,Home & Living,603.0,-1,0.0,1809.0,2025-05-21,Trang,Udon Thani,COD,Completed,,,Yes,8.0,0.93
101616,2625,Yupin Yodying,yupin.yodying64@yahoo.com,Smart Camera 177,Electronics,533.1,8,0.0,4264.8,2024-12-28,Chiang Mai,Bangkok,TrueMoney Wallet,Processing,3.0,,No,1.0,2.32
103621,2021,Nittaya Phetcharat,nittaya.phetcharat477@yahoo.com,Eco Wallet 309,Groceries,1541.54,8,5.0,11715.7,2023-08-03,Lampang,Rayong,PromptPay,Shipped,4.0,โอเคสำหรับราคานี้,No,14.0,1.96
102307,1571,Wichai Chaiyaporn,wichai.chaiyaporn976@yahoo.com,Lite Headphone 440,Toys,97.13,5,0.0,485.65,2025-10-21,Khon Kaen,Udon Thani,TrueMoney Wallet,Completed,4.0,,No,3.0,1.23
103159,2826,Wichai Chotirat,wichai.chotirat476@gmail.com,Mini Pillow 621,Fashion,340.86,5,15.0,1448.66,2023-02-18,Ubon Ratchathani,Phuket,Installment,Processing,5.0,คุณภาพต่ำกว่าที่คิด,Yes,7.0,1.87
100069,1241,Wichai Thongdee,wichai.thongdee713@hotmail.com,Ultra Blender 592,Electronics,238.82,2,10.0,429.88,2024-11-19,Udon Thani,Chiang Mai,TrueMoney Wallet,Completed,4.0,,No,10.0,1.1
103259,2452,Duangjai Srisuk,duangjai.srisuk892@yahoo.com,Mini Camera 848,Health,1538.04,7,0.0,10766.28,2025-05-01,Buriram,Rayong,PromptPay,Completed,3.0,,No,5.0,3.72
100734,2945,Chomphunut Intharak,chomphunut.intharak29@gmail.com,Smart Backpack 961,Beauty,397.15,1,30.0,278.0,2025-10-31,Trang,Chonburi,Credit Card,Completed,,,No,,1.0
102229,2889,Rungnapa Rattanakul,rungnapa.rattanakul548@outlook.com,Max Keyboard 954,home & living,444.11,1,5.0,421.9,2023-02-12,Nonthaburi,Songkhla,Credit Card,Processing,4.0,,No,1.0,6.94
101557,1827,Suree Sukjai,suree.sukjai41@outlook.com,Max Headphone 259,Health,1466.08,9,0.0,13194.72,2024-04-03,Rayong,Khon Kaen,,Completed,4.0,,No,5.0,0.13
100931,1763,Somsri Chaiyaporn,somsri.chaiyaporn378@outlook.com,Mini Mouse 797,Fashion,932.1,8,0.0,7456.8,2025-05-20,Nonthaburi,Songkhla,Installment,Completed,4.0,,Yes,4.0,0.86
104006,2080,Duangjai Thongdee,duangjai.thongdee717@gmail.com,Mini Chair 221,Health,,5,5.0,2698.05,2024-03-06,Nonthaburi,Chonburi,TrueMoney Wallet,Completed,3.0,,No,10.0,0.16
101730,2262,Anan Naruemon,anan.naruemon26@hotmail.com,Pro Jacket 396,Fashion,928.41,5,0.0,4642.05,2023-03-17,,Udon Thani,Credit Card,Completed,4.0,สีไม่ตรงตามรูป,No,,7.71
103652,2430,Suchart Kaewkla,suchart.kaewkla856@hotmail.com,Ultra Camera 421,Groceries,2111.8,6,,12670.8,2024-07-31,Nakhon Si Thammarat,Chonburi,PromptPay,Cancelled,,,No,6.0,0.43
101702,2287,Sombat Panyawong,sombat.panyawong5@outlook.com,Mini Pillow 776,Fashion,295.56,6,20.0,1418.69,2023-10-15,Nong Khai,Chiang Mai,Installment,Returned,4.0,,No,4.0,3.8
101839,1040,Ploy Saelim,ploy.saelim38@gmail.com,Smart Headphone 706,Fashion,98.39,5,30.0,344.36,2023-07-25,Nakhon Ratchasima,Phuket,Credit Card,Completed,5.0,สินค้าดีมาก คุ้มราคา,No,11.0,0.9
104720,2257,Ratana Wongsawat,ratana.wongsawat13@hotmail.com,Lite Camera 944,Automotive,162.15,1,25.0,121.61,2024-04-30,Rayong,Udon Thani,PromptPay,Processing,,,No,11.0,0.21
102367,1796,Chaiyot Sukjai,chaiyot.sukjai934@gmail.com,Smart Mouse 287,Electronics,508.69,6,0.0,3052.14,2025-05-10,Buriram,Songkhla,Credit Card,Completed,3.0,แพ็คเกจไม่แน่นหนา,No,9.0,0.36
101001,1449,Siriporn Chotirat,siriporn.chotirat281@outlook.com,Mini Camera 716,Fashion,535.83,7,0.0,3750.81,2024-08-09,Lampang,Chiang Mai,Installment,Shipped,3.0,,Yes,9.0,8.91
101717,2201,Ploy Thongdee,,Mini Sneaker 882,Sports,,5,0.0,1374.75,2023-02-09,Nonthaburi,Nakhon Ratchasima,Credit Card,Completed,4.0,สินค้าดีมาก คุ้มราคา,No,12.0,1.98
100387,1053,Chatchai Chaiyaporn,chatchai.chaiyaporn380@hotmail.com,Eco Chair 274,Sports,512.88,5,30.0,1795.08,2023-04-03,Chiang Mai,Bangkok,Installment,Shipped,5.0,,Yes,14.0,5.3
101550,2639,Sombat Rattanakul,,Eco Keyboard 428,Toys,1478.18,8,0.0,11825.44,2025-07-15,,Nakhon Ratchasima,,Completed,,แพ็คเกจไม่แน่นหนา,No,,
104853,1581,Rungnapa Sukjai,,Smart Bottle 403,Automotive,315.02,5,10.0,1417.59,2024-02-08,Lampang,Chiang Mai,PromptPay,Completed,5.0,ใช้งานได้ตามที่คาดหวัง,No,3.0,2.75
101204,1349,Prasert Wongsawat,prasert.wongsawat542@hotmail.com,Eco Keyboard 467,Groceries,561.6,2,5.0,1067.04,2024-08-28,Pattaya,Nonthaburi,Bank Transfer,Completed,,แพ็คเกจไม่แน่นหนา,No,14.0,4.9
103703,1936,Wilai Wattana,wilai.wattana628@yahoo.com,Lite Blender 675,Books,,6,10.0,1233.41,2024-06-23,Khon Kaen,Nonthaburi,COD,Returned,,,Yes,,1.36
100949,2282,Sombat Saelim,sombat.saelim131@outlook.com,Pro Chair 961,Home & Living,409.13,2,0.0,,2025-09-18,Chiang Rai,Udon Thani,COD,Completed,,แพ็คเกจไม่แน่นหนา,Yes,13.0,1.09
102846,2677,Suchart Chotirat,suchart.chotirat317@hotmail.com,Pro Speaker 932,Beauty,821.61,2,0.0,1643.22,2023-02-11,Buriram,Rayong,,Completed,5.0,,Yes,3.0,5.63
100410,1337,Rungnapa Chotirat,rungnapa.chotirat197@gmail.com,Ultra Speaker 790,Beauty,822.98,4,0.0,3291.92,2023-11-27,Hat Yai,Phuket,Installment,Completed,4.0,ของมาช้ากว่ากำหนด,No,6.0,1.3
101018,2802,Kittisak Saelim,kittisak.saelim541@yahoo.com,Ultra Wallet 381,Books,545.74,1,0.0,545.74,2025-07-01,Trang,Bangkok,Credit Card,Completed,,ส่งไวมาก ประทับใจ,Yes,5.0,1.06
100109,2294,Orawan Intharak,orawan.intharak520@hotmail.com,Lite Backpack 220,Sports,555.87,8,0.0,4446.96,2025-07-10,Lampang,Phuket,COD,Completed,4.0,บริการลูกค้าดีเยี่ยม,Yes,4.0,6.11
104968,1941,Suchart Chotirat,,Mini Headphone 119,Fashion,941.64,8,15.0,6403.15,2025-07-17,Surat Thani,Songkhla,COD,Completed,,ส่งไวมาก ประทับใจ,Yes,12.0,0.2
104773,2586,Ratana Chaiyaporn,ratana.chaiyaporn901@outlook.com,Mini Speaker 914,Beauty,1013.63,5,0.0,5068.15,2025-03-08,Sakon Nakhon,Bangkok,Installment,Shipped,3.0,,Yes,9.0,6.54
103220,1508,Pranee Boonmee,pranee.boonmee57@outlook.com,Eco Mouse 226,Health,153.77,7,10.0,968.75,2024-04-25,Bangkok,Nonthaburi,Bank Transfer,Processing,,จะกลับมาซื้อซ้ำแน่นอน,Yes,,0.17
103408,1245,Boonmee Kaewkla,boonmee.kaewkla256@hotmail.com,Mini Desk 193,Electronics,87.05,1,5.0,82.7,2023-03-26,Chiang Mai,Rayong,Credit Card,Cancelled,5.0,,Yes,3.0,3.57
103667,1412,Ratana Panyawong,ratana.panyawong412@hotmail.com,Plus Speaker 819,Health,626.2,6,0.0,3757.2,2024-10-21,Nong Khai,Udon Thani,Bank Transfer,Shipped,2.0,สีไม่ตรงตามรูป,No,,0.55
102576,2547,Rungnapa Yodying,rungnapa.yodying44@hotmail.com,Pro Backpack 252,Health,129.36,5,0.0,646.8,2025-11-11,Bangkok,Chonburi,Installment,Processing,5.0,ส่งไวมาก ประทับใจ,,1.0,0.15
104557,1989,Pranee Chaiyaporn,pranee.chaiyaporn287@gmail.com,Lite Charger 482,Groceries,672.22,1,10.0,605.0,2024-08-27,Krabi,Songkhla,PromptPay,Completed,4.0,จะกลับมาซื้อซ้ำแน่นอน,No,5.0,6.83
101261,1811,Chatchai Intharak,,Pro Charger 179,Automotive,315.31,7,,2207.17,2023-10-24,Udon Thani,Udon Thani,TrueMoney Wallet,Completed,,คุณภาพต่ำกว่าที่คิด,Yes,3.0,2.93
100829,1397,Kanya Rattanakul,kanya.rattanakul475@yahoo.com,Pro Charger 952,Books,264.65,8,0.0,,2023-02-17,,Songkhla,Installment,Completed,4.0,,No,8.0,1.35
102847,2076,Nittaya Panyawong,nittaya.panyawong821@yahoo.com,Pro Camera 342,Books,380.5,3,15.0,970.28,2024-04-27,Nakhon Si Thammarat,Chiang Mai,PromptPay,Completed,,ใช้งานได้ตามที่คาดหวัง,No,7.0,0.65
103647,1435,,kittisak.meesuk629@gmail.com,Lite Wallet 555,Toys,344.78,5,0.0,1723.9,2024-02-22,Sakon Nakhon,Chonburi,TrueMoney Wallet,Cancelled,5.0,จะกลับมาซื้อซ้ำแน่นอน,No,8.0,1.6
103515,1276,Chatchai Kaewkla,chatchai.kaewkla927@yahoo.com,Lite Sneaker 756,Sports,400.2,8,20.0,2561.28,2025-03-29,Sakon Nakhon,Phuket,Credit Card,Cancelled,,คุณภาพต่ำกว่าที่คิด,Yes,1.0,0.2
104747,1430,Thawatchai Phetcharat,thawatchai.phetcharat963@yahoo.com,Max Desk 897,Beauty,162.2,3,5.0,462.27,2025-10-07,Rayong,Chonburi,Bank Transfer,Cancelled,4.0,ใช้งานได้ตามที่คาดหวัง,No,,3.68
104786,2408,Kittisak Chantra,kittisak.chantra154@outlook.com,Lite Camera 575,Automotive,,3,30.0,318.36,2024-03-23,Sakon Nakhon,Rayong,COD,Completed,5.0,ของมาช้ากว่ากำหนด,No,5.0,9.03
104947,2572,Ploy Naruemon,ploy.naruemon812@outlook.com,Max Jacket 443,Toys,526.44,5,10.0,2368.98,2025-02-17,Chiang Rai,Nakhon Ratchasima,TrueMoney Wallet,Completed,,,Yes,10.0,3.59
104784,1835,Duangjai Boonmee,duangjai.boonmee104@gmail.com,Max Pillow 672,Books,409.52,7,0.0,2866.64,2024-01-31,Buriram,Rayong,PromptPay,Completed,,,No,1.0,1.0
104161,1130,Somchai Chaiyaporn,somchai.chaiyaporn963@hotmail.com,Eco Lamp 213,Electronics,274.98,1,0.0,274.98,2023-10-10,Chiang Rai,Nonthaburi,PromptPay,Completed,,,Yes,13.0,0.24
102886,2388,Ploy Intharak,ploy.intharak217@yahoo.com,Smart Blender 558,Groceries,658.88,6,0.0,3953.28,2025-01-23,Sakon Nakhon,Phuket,TrueMoney Wallet,Shipped,3.0,จะกลับมาซื้อซ้ำแน่นอน,Yes,14.0,1.62
101117,2504,Siriporn Saelim,siriporn.saelim68@yahoo.com,Ultra Headphone 658,Automotive,592.28,4,0.0,2369.12,2024-11-04,Rayong,Chonburi,Credit Card,Completed,4.0,สีไม่ตรงตามรูป,Yes,7.0,0.83
100505,2815,Thawatchai Wattana,thawatchai.wattana508@hotmail.com,Ultra Chair 525,Health,1338.63,8,0.0,10709.04,2024-10-06,Udon Thani,Bangkok,Bank Transfer,Completed,,,No,5.0,2.23
102284,2690,Kanya Prasertsak,kanya.prasertsak603@outlook.com,Eco Chair 200,Beauty,568.46,6,0.0,3410.76,2025-08-07,Pattaya,Chonburi,Installment,Returned,4.0,โอเคสำหรับราคานี้,No,12.0,0.48
103964,2880,Wichai Phetcharat,wichai.phetcharat501@yahoo.com,Ultra Blender 347,Automotive,765.81,8,30.0,4288.54,2023-12-24,Surat Thani,Nakhon Ratchasima,Bank Transfer,Processing,,,No,,0.21
100177,2966,Kittisak Chotirat,kittisak.chotirat735@gmail.com,Smart Desk 571,Books,,3,20.0,3164.42,2024-01-10,Pattaya,Rayong,Credit Card,Completed,,,No,14.0,4.5
103526,1498,Yupin Kaewkla,yupin.kaewkla622@outlook.com,Pro Desk 877,Groceries,0.0,3,0.0,3013.32,2024-04-14,Pattaya,Chiang Mai,Installment,Processing,2.0,โอเคสำหรับราคานี้,Yes,,0.33
104711,2602,Niran Sinthop,niran.sinthop956@outlook.com,Eco Watch 729,Books,207.4,7,0.0,1451.8,2024-06-21,Nong Khai,Songkhla,PromptPay,Completed,,แพ็คเกจไม่แน่นหนา,No,6.0,0.14
100080,1508,Pranee Kaewkla,pranee.kaewkla925@hotmail.com,Max Lamp 678,Groceries,384.06,7,25.0,2016.32,2024-01-09,Chiang Mai,Nakhon Ratchasima,Installment,Cancelled,,บริการลูกค้าดีเยี่ยม,No,10.0,0.35
100577,2076,Ploy Sukjai,ploy.sukjai138@gmail.com,Max Headphone 557,Electronics,344.21,7,25.0,1807.1,2024-11-09,Nong Khai,Chiang Mai,TrueMoney Wallet,Returned,5.0,,No,5.0,0.31
100586,1991,Ratana Boonmee,ratana.boonmee325@yahoo.com,Ultra Camera 846,Books,1081.89,4,15.0,3678.43,2025-03-10,,Rayong,PromptPay,Shipped,3.0,สินค้าดีมาก คุ้มราคา,Yes,6.0,3.64
102439,2581,Somkiat Phetcharat,somkiat.phetcharat691@outlook.com,Smart Jacket 492,Automotive,301.84,8,0.0,2414.72,2023-12-26,Ubon Ratchathani,Khon Kaen,PromptPay,Completed,2.0,,Yes,13.0,2.02
101694,2136,Kanya Phetcharat,kanya.phetcharat360@outlook.com,Ultra Headphone 106,Automotive,747.24,4,5.0,2839.51,2024-09-01,Udon Thani,Phuket,PromptPay,Returned,5.0,,Yes,12.0,
104507,2594,Somkiat Chantra,somkiat.chantra735@yahoo.com,Ultra Sneaker 402,Automotive,219.53,9,0.0,1975.77,2023-08-01,Trang,Khon Kaen,Credit Card,Processing,,,No,8.0,0.8
101421,2802,Chatchai Intharak,chatchai.intharak620@hotmail.com,Max Pillow 962,Health,812.71,9,0.0,,2025-02-08,Chiang Mai,Songkhla,COD,Completed,5.0,คุณภาพต่ำกว่าที่คิด,Yes,2.0,0.67
100221,1681,Ploy Yodying,ploy.yodying359@yahoo.com,Max Sneaker 196,Beauty,1498.2,4,0.0,5992.8,2024-08-09,Udon Thani,Phuket,Installment,Processing,3.0,,No,11.0,3.75
100093,1565,Wilai Panyawong,,Plus Backpack 587,Sports,220.01,4,0.0,880.04,2023-06-16,Udon Thani,Chonburi,PromptPay,Completed,,,Yes,10.0,0.62
102646,1334,Siriporn Kaewkla,siriporn.kaewkla144@outlook.com,Pro Notebook 522,Toys,435.11,3,0.0,1305.33,2024-05-20,Rayong,Phuket,PromptPay,Shipped,4.0,บริการลูกค้าดีเยี่ยม,No,14.0,0.56
102561,2337,Siriporn Panyawong,siriporn.panyawong786@gmail.com,Max Jacket 788,Electronics,900.38,2,0.0,1800.76,2024-02-01,Surat Thani,Udon Thani,TrueMoney Wallet,Processing,4.0,,No,5.0,1.66
102742,2520,Yupin Prasertsak,yupin.prasertsak485@gmail.com,Pro Pillow 511,Automotive,,2,0.0,411.84,2025-02-21,Buriram,Songkhla,Credit Card,Completed,,,No,9.0,1.53
100677,2123,Siriporn Chotirat,siriporn.chotirat401@hotmail.com,Pro Chair 199,Automotive,374.6,2,0.0,749.2,2024-05-14,Surat Thani,Phuket,COD,Completed,4.0,สีไม่ตรงตามรูป,Yes,8.0,1.56
101002,1009,Sombat Naruemon,sombat.naruemon647@hotmail.com,Lite Sneaker 198,Fashion,613.27,8,5.0,,2025-06-15,Hat Yai,Songkhla,Bank Transfer,Processing,,,No,,0.92
103920,2719,Niran Phetcharat,niran.phetcharat601@yahoo.com,Pro Camera 272,Fashion,1003.83,4,15.0,3413.02,2023-05-30,Hat Yai,Rayong,PromptPay,Shipped,,,,6.0,3.04
104013,1636,Thawatchai Chaiyaporn,thawatchai.chaiyaporn616@outlook.com,Mini Speaker 133,Automotive,344.45,2,0.0,688.9,2025-07-31,Chiang Rai,Songkhla,Installment,Completed,,,No,13.0,1.43
104525,1018,Ratana Panyawong,ratana.panyawong397@yahoo.com,Lite Charger 627,Health,209.76,5,0.0,1048.8,2024-02-08,Ubon Ratchathani,Chiang Mai,Bank Transfer,Completed,4.0,คุณภาพต่ำกว่าที่คิด,Yes,,1.02
103718,2656,Somsri Rattanakul,,Smart Chair 448,Automotive,275.46,7,30.0,1349.75,2024-02-01,Pattaya,Nakhon Ratchasima,TrueMoney Wallet,Shipped,,,No,8.0,1.04
101491,1996,Wichai Saelim,wichai.saelim903@gmail.com,Ultra Desk 405,Electronics,144.08,1,0.0,144.08,2025-08-17,Chiang Mai,Phuket,PromptPay,Returned,4.0,จะกลับมาซื้อซ้ำแน่นอน,No,10.0,2.02
104232,2953,Chomphunut Phetcharat,chomphunut.phetcharat492@yahoo.com,Plus Wallet 420,Books,116.23,9,0.0,1046.07,2024-10-30,Surat Thani,Chiang Mai,TrueMoney Wallet,Completed,5.0,,No,14.0,1.43
102312,1277,Prasert Panyawong,prasert.panyawong136@gmail.com,Smart Wallet 356,Toys,404.67,8,30.0,2266.15,2024-10-21,Nakhon Ratchasima,Khon Kaen,PromptPay,Completed,,สีไม่ตรงตามรูป,Yes,10.0,4.09
100765,1977,Wichai Intharak,wichai.intharak695@hotmail.com,Eco Desk 757,Sports,178.57,3,0.0,535.71,2025-11-09,Ubon Ratchathani,Songkhla,COD,Completed,,บริการลูกค้าดีเยี่ยม,Yes,14.0,
103651,2486,Anucha Chaiyaporn,,Plus Charger 600,Sports,368.32,9,0.0,3314.88,2024-05-31,Krabi,Phuket,Credit Card,Returned,4.0,,Yes,4.0,2.57
101881,2394,Chaiyot Naruemon,chaiyot.naruemon232@gmail.com,Ultra Chair 651,Fashion,235.86,1,0.0,235.86,2024-04-18,Sakon Nakhon,Chonburi,PromptPay,Completed,,จะกลับมาซื้อซ้ำแน่นอน,No,1.0,0.7
104241,1200,,suree.chaiyaporn311@outlook.com,Ultra Sneaker 220,Fashion,1578.07,9,15.0,12072.24,2025-03-28,Nakhon Si Thammarat,Khon Kaen,Credit Card,Completed,5.0,บริการลูกค้าดีเยี่ยม,No,13.0,
100538,1684,Sombat Boonmee,,Max Notebook 304,Groceries,1360.7,9,0.0,12246.3,2025-08-14,Pattaya,Nakhon Ratchasima,Credit Card,Returned,4.0,,Yes,5.0,0.65
102948,1426,Malee Sukjai,,Smart Backpack 553,Beauty,193.37,4,15.0,657.46,2025-07-06,Trang,Udon Thani,Bank Transfer,Processing,5.0,บริการลูกค้าดีเยี่ยม,No,3.0,0.91
103334,1253,Pichit Wattana,pichit.wattana96@hotmail.com,Lite Camera 513,Groceries,0.0,7,0.0,6304.13,2025-03-01,Hat Yai,Songkhla,Bank Transfer,Completed,5.0,,Yes,,1.64
101220,1638,Suree Chantra,suree.chantra114@hotmail.com,Lite Chair 323,Books,1416.01,5,30.0,4956.04,2025-07-13,Chiang Rai,Rayong,TrueMoney Wallet,Returned,,จะกลับมาซื้อซ้ำแน่นอน,No,2.0,1.11
101057,1050,Thawatchai Yodying,thawatchai.yodying281@gmail.com,Smart Charger 801,Health,,3,0.0,3024.39,2024-04-23,,Chonburi,PromptPay,Processing,5.0,ส่งไวมาก ประทับใจ,No,5.0,2.33
102045,2449,Yupin Kaewkla,yupin.kaewkla824@hotmail.com,Mini Keyboard 669,Books,155.74,2,20.0,249.18,2023-12-02,Rayong,Rayong,Bank Transfer,Processing,5.0,ส่งไวมาก ประทับใจ,Yes,9.0,1.71
104153,2529,Suchart Srisuk,suchart.srisuk660@yahoo.com,Pro Sneaker 649,Health,164.97,9,0.0,1484.73,2023-07-08,,Chiang Mai,COD,Processing,4.0,สีไม่ตรงตามรูป,No,3.0,2.31
104890,1940,Pranee Meesuk,pranee.meesuk685@yahoo.com,Pro Backpack 904,Beauty,,3,5.0,1267.2,2024-06-05,,Phuket,TrueMoney Wallet,Returned,,คุณภาพต่ำกว่าที่คิด,No,12.0,1.63
103690,2855,Duangjai Naruemon,duangjai.naruemon724@hotmail.com,Smart Bottle 104,Beauty,560.67,7,5.0,3728.46,2024-09-23,Nong Khai,Bangkok,Credit Card,Completed,,คุณภาพต่ำกว่าที่คิด,No,6.0,5.38
104408,1173,Ploy Thongdee,ploy.thongdee429@outlook.com,Ultra Pillow 117,Groceries ,771.46,5,0.0,3857.3,2025-02-06,Krabi,Chiang Mai,Installment,Shipped,,บริการลูกค้าดีเยี่ยม,No,6.0,1.07
102706,2975,Suchart Prasertsak,suchart.prasertsak544@gmail.com,Smart Notebook 111,Beauty,264.73,8,,2117.84,2025-07-24,Surat Thani,Chiang Mai,Installment,Completed,5.0,,Yes,12.0,
101268,2417,Chatchai Sukjai,chatchai.sukjai63@outlook.com,Mini Speaker 304,Toys,834.96,6,0.0,5009.76,2023-03-22,Nakhon Ratchasima,Chiang Mai,Credit Card,Completed,5.0,ใช้งานได้ตามที่คาดหวัง,Yes,12.0,1.11
102789,2246,Boonmee Rattanakul,boonmee.rattanakul144@yahoo.com,Pro Watch 111,Sports,277.56,2,0.0,555.12,2023-07-09,Khon Kaen,Nonthaburi,TrueMoney Wallet,Shipped,4.0,,Yes,14.0,4.4
100655,1093,Malee Thongdee,,Mini Chair 765,Books,283.4,4,0.0,1133.6,2024-10-01,Krabi,Nakhon Ratchasima,Bank Transfer,Shipped,,สีไม่ตรงตามรูป,No,2.0,0.1
103725,2778,Siriporn Chaiyaporn,siriporn.chaiyaporn387@gmail.com,Pro Lamp 512,Health,667.52,5,5.0,3170.72,2024-03-16,Ubon Ratchathani,Udon Thani,PromptPay,Returned,5.0,ของมาช้ากว่ากำหนด,No,14.0,
100219,2819,Somkiat Prasertsak,somkiat.prasertsak465@yahoo.com,Max Camera 845,Toys,1635.64,7,0.0,11449.48,2024-06-17,Bangkok,Nakhon Ratchasima,Credit Card,Completed,,ส่งไวมาก ประทับใจ,No,5.0,0.14
104597,1666,Pranee Saelim,pranee.saelim376@yahoo.com,Pro Sneaker 923,Books,858.46,4,10.0,3090.46,2023-09-03,Chiang Mai,Nakhon Ratchasima,Bank Transfer,Completed,,,No,7.0,1.26
103754,2080,Kanya Kaewkla,kanya.kaewkla47@outlook.com,Ultra Desk 933,Beauty,427.9,3,0.0,1283.7,2023-06-03,Krabi,Chonburi,TrueMoney Wallet,Completed,2.0,,No,10.0,2.79
100043,2499,Wilai Thongdee,wilai.thongdee788@gmail.com,Mini Wallet 150,Groceries,382.78,8,,3062.24,2025-05-20,Trang,Chiang Mai,COD,Processing,4.0,ใช้งานได้ตามที่คาดหวัง,Yes,1.0,0.45
100210,2194,Duangjai Wattana,duangjai.wattana744@outlook.com,Max Pillow 347,Groceries,772.72,5,,3863.6,2024-11-03,Trang,Nakhon Ratchasima,COD,Completed,3.0,ใช้งานได้ตามที่คาดหวัง,No,14.0,0.34
101966,2508,Anan Saelim,anan.saelim598@gmail.com,Lite Backpack 368,Groceries,756.01,3,0.0,2268.03,2025-07-21,Rayong,Chonburi,PromptPay,Processing,4.0,สินค้าดีมาก คุ้มราคา,No,3.0,1.2
100354,2976,Yupin Chotirat,yupin.chotirat600@yahoo.com,Lite Notebook 452,Electronics,199.68,8,0.0,1597.44,2025-08-05,Nakhon Si Thammarat,Udon Thani,Installment,Processing,4.0,จะกลับมาซื้อซ้ำแน่นอน,No,10.0,2.19
101513,2719,Yupin Meesuk,yupin.meesuk823@yahoo.com,Mini Bottle 138,Home & Living,415.45,2,30.0,581.63,2023-03-05,Nakhon Si Thammarat,Chiang Mai,Bank Transfer,Completed,5.0,,Yes,5.0,1.17
104237,1155,Ratana Prasertsak,ratana.prasertsak635@gmail.com,Pro Headphone 809,Home & Living,248.64,1,0.0,248.64,2023-05-01,Lampang,Chiang Mai,Installment,Completed,,จะกลับมาซื้อซ้ำแน่นอน,No,11.0,1.16
104438,2185,Yupin Naruemon,,Plus Jacket 528,Sports,231.07,3,0.0,693.21,2024-10-22,Chiang Rai,Songkhla,COD,Processing,5.0,,Yes,8.0,1.72
102495,1591,Pranee Sinthop,pranee.sinthop252@hotmail.com,Lite Wallet 508,Books,514.08,5,0.0,2570.4,2025-12-24,Nakhon Ratchasima,Nakhon Ratchasima,COD,Returned,3.0,,No,3.0,0.13
100367,2595,Suree Thongdee,suree.thongdee679@yahoo.com,Plus Headphone 794,Health,585.58,9,20.0,4216.18,2023-11-30,Trang,Rayong,COD,Cancelled,2.0,,Yes,13.0,1.8
102833,1743,Suchart Yodying,suchart.yodying995@hotmail.com,Smart Sneaker 942,Toys,564.82,2,0.0,1129.64,2024-02-05,,Bangkok,COD,Completed,,,No,11.0,0.47
104765,2402,Prasert Wattana,prasert.wattana949@gmail.com,Eco Sneaker 751,Beauty,108.75,9,0.0,978.75,2025-07-18,,Udon Thani,PromptPay,Completed,,ใช้งานได้ตามที่คาดหวัง,No,8.0,6.23
104568,2136,Kittisak Wongsawat,kittisak.wongsawat24@yahoo.com,Plus Sneaker 589,Home & Living,323.38,4,0.0,,2023-02-08,Buriram,Udon Thani,TrueMoney Wallet,Processing,,,Yes,7.0,0.85
100135,2880,Siriporn Yodying,,Max Speaker 637,Groceries,723.29,3,0.0,2169.87,2023-06-24,Hat Yai,Nakhon Ratchasima,Bank Transfer,Completed,,ส่งไวมาก ประทับใจ,Yes,9.0,2.3
101448,2714,Chaiyot Prasertsak,chaiyot.prasertsak617@yahoo.com,Lite Mouse 523,Fashion,1027.53,1,20.0,822.02,2023-03-20,Surat Thani,Khon Kaen,PromptPay,Completed,4.0,,Yes,7.0,0.57
100047,1189,Orawan Intharak,orawan.intharak47@gmail.com,Mini Bottle 523,Fashion,623.52,5,10.0,2805.84,2025-03-29,Nakhon Ratchasima,Chiang Mai,Installment,Cancelled,,,Yes,4.0,1.44
104287,1611,Prasert Srisuk,prasert.srisuk91@yahoo.com,Max Keyboard 514,Home & Living,1143.63,5,0.0,5718.15,2024-03-04,Nonthaburi,Rayong,Installment,Completed,5.0,,No,12.0,0.61
102880,2505,Somkiat Srisuk,somkiat.srisuk349@gmail.com,Ultra Notebook 226,Automotive,264.04,3,10.0,712.91,2024-05-24,Buriram,Bangkok,Installment,Shipped,3.0,โอเคสำหรับราคานี้,Yes,10.0,2.24
104235,1935,Somsri Chantra,somsri.chantra906@gmail.com,Mini Headphone 403,Health,206.47,7,0.0,1445.29,2025-05-23,Nakhon Si Thammarat,Chonburi,TrueMoney Wallet,Shipped,5.0,บริการลูกค้าดีเยี่ยม,No,4.0,1.65
103289,2312,Malee Rattanakul,malee.rattanakul786@outlook.com,Max Pillow 369,Automotive,546.38,5,0.0,2731.9,2024-11-24,Nakhon Ratchasima,Khon Kaen,Bank Transfer,Completed,5.0,คุณภาพต่ำกว่าที่คิด,Yes,,1.36
103022,1558,Nittaya Thongdee,,Ultra Mouse 800,Home & Living,634.61,9,0.0,5711.49,2024-12-27,Bangkok,Chiang Mai,COD,Cancelled,,,Yes,13.0,
103296,1821,Niran Yodying,niran.yodying465@outlook.com,Lite Headphone 395,Automotive,417.61,8,0.0,3340.88,2024-06-12,Udon Thani,Songkhla,Credit Card,Processing,,,No,10.0,3.32
100061,1020,Ploy Prasertsak,ploy.prasertsak890@outlook.com,Max Jacket 982,Groceries,694.09,9,10.0,5622.13,2023-08-23,Buriram,Bangkok,PromptPay,Completed,3.0,แพ็คเกจไม่แน่นหนา,Yes,,0.15
100642,2099,Kanya Boonmee,,Ultra Desk 475,Books,769.68,7,0.0,5387.76,2024-12-28,Khon Kaen,Chiang Mai,Credit Card,Completed,,แพ็คเกจไม่แน่นหนา,Yes,,0.22
103034,2806,Rungnapa Panyawong,rungnapa.panyawong421@hotmail.com,Pro Pillow 173,Groceries,683.14,3,0.0,2049.42,2024-07-16,Nakhon Ratchasima,Nakhon Ratchasima,Bank Transfer,Cancelled,4.0,คุณภาพต่ำกว่าที่คิด,Yes,3.0,0.39
100095,2795,Pranee Chantra,pranee.chantra526@outlook.com,Pro Keyboard 936,Sports,313.39,7,10.0,1974.36,2023-08-21,Surat Thani,Chonburi,Bank Transfer,Returned,5.0,บริการลูกค้าดีเยี่ยม,Yes,7.0,0.75
100478,2060,Wichai Prasertsak,wichai.prasertsak493@outlook.com,Max Lamp 592,Fashion,473.73,5,0.0,2368.65,2025-09-26,Trang,Nakhon Ratchasima,Installment,Completed,,,No,6.0,
101739,2826,Pranee Meesuk,pranee.meesuk282@gmail.com,Lite Jacket 647,Books,408.56,5,5.0,1940.66,2024-04-06,Udon Thani,Bangkok,Credit Card,Completed,,,No,7.0,1.56
101600,2934,Kanya Wongsawat,kanya.wongsawat112@gmail.com,Mini Headphone 563,Toys,176.6,5,0.0,883.0,2025-04-30,Krabi,Nakhon Ratchasima,PromptPay,Completed,5.0,โอเคสำหรับราคานี้,No,14.0,1.71
103842,2794,Prasert Intharak,prasert.intharak628@yahoo.com,Pro Backpack 638,Automotive,173.34,4,0.0,693.36,2024-03-09,Phuket,Khon Kaen,Installment,Completed,4.0,,No,6.0,0.91
101126,1132,Thawatchai Chaiyaporn,thawatchai.chaiyaporn802@gmail.com,Max Desk 496,Groceries,644.45,7,0.0,4511.15,2024-03-20,Trang,Chiang Mai,Installment,Completed,2.0,,No,4.0,2.93
103937,2226,Anan Chotirat,anan.chotirat174@yahoo.com,Smart Desk 649,Beauty,81.53,3,0.0,244.59,2024-03-13,,Khon Kaen,PromptPay,Completed,3.0,คุณภาพต่ำกว่าที่คิด,Yes,12.0,1.97
104648,2195,Wichai Kaewkla,wichai.kaewkla140@gmail.com,Pro Jacket 886,Groceries,243.01,9,15.0,1859.03,2023-10-03,Bangkok,Bangkok,Credit Card,Completed,5.0,จะกลับมาซื้อซ้ำแน่นอน,No,5.0,6.09
100322,1751,Ploy Meesuk,ploy.meesuk265@outlook.com,Smart Camera 452,Beauty,231.74,5,10.0,1042.83,2023-07-09,Nakhon Si Thammarat,Chonburi,Bank Transfer,Completed,3.0,บริการลูกค้าดีเยี่ยม,No,11.0,1.19
103269,1947,Pichit Sinthop,pichit.sinthop144@gmail.com,Eco Keyboard 766,Home & Living,838.93,6,15.0,4278.54,2024-07-14,,Bangkok,Bank Transfer,Completed,3.0,สีไม่ตรงตามรูป,Yes,,
102244,1815,Pranee Boonmee,pranee.boonmee233@outlook.com,Pro Camera 716,Groceries,437.35,3,0.0,1312.05,2025-01-15,Surat Thani,Chonburi,PromptPay,Completed,5.0,ส่งไวมาก ประทับใจ,No,13.0,0.68
104286,1141,,boonmee.naruemon294@yahoo.com,Ultra Bottle 430,Sports,407.8,8,30.0,2283.68,2025-12-29,Ubon Ratchathani,Rayong,Credit Card,Completed,,แพ็คเกจไม่แน่นหนา,No,8.0,0.2
104706,1836,Thawatchai Saelim,thawatchai.saelim905@outlook.com,Max Bottle 336,Sports,798.68,5,5.0,3793.73,2023-03-27,Hat Yai,Khon Kaen,Credit Card,Completed,3.0,คุณภาพต่ำกว่าที่คิด,No,10.0,0.77
103071,1630,Orawan Chotirat,orawan.chotirat733@gmail.com,Pro Charger 192,Fashion,730.84,6,0.0,4385.04,2025-09-19,Nong Khai,Bangkok,PromptPay,Completed,4.0,,No,6.0,0.33
101705,2894,Niran Wattana,niran.wattana810@yahoo.com,Smart Camera 477,Health,461.82,7,25.0,2424.55,2025-07-13,Nakhon Ratchasima,Nakhon Ratchasima,Installment,Completed,3.0,,Yes,,4.23
104229,1723,Prasert Chaiyaporn,prasert.chaiyaporn469@outlook.com,Mini Lamp 804,Toys,1020.19,8,15.0,6937.29,2025-01-19,Ubon Ratchathani,Phuket,PromptPay,Processing,4.0,,No,5.0,3.58
103428,1163,Kittisak Panyawong,kittisak.panyawong463@hotmail.com,Plus Notebook 901,Sports,867.54,5,10.0,3903.93,2024-04-04,Sakon Nakhon,Phuket,Bank Transfer,Completed,,บริการลูกค้าดีเยี่ยม,Yes,3.0,4.46
100291,2589,Ploy Srisuk,,Lite Camera 874,Home & Living,367.19,1,0.0,367.19,2024-03-25,Nonthaburi,Bangkok,Installment,Completed,5.0,ส่งไวมาก ประทับใจ,No,12.0,0.34
103046,1858,Somsri Sinthop,somsri.sinthop871@hotmail.com,Plus Wallet 298,Toys,1162.52,2,0.0,2325.04,2024-12-21,Nong Khai,Udon Thani,Bank Transfer,Completed,,ส่งไวมาก ประทับใจ,Yes,8.0,3.38
101032,1510,Rungnapa Sukjai,,Pro Sneaker 218,Groceries,304.91,4,30.0,853.75,2023-01-07,Rayong,Nakhon Ratchasima,PromptPay,Completed,5.0,,No,,0.89
100533,1827,Sombat Rattanakul,sombat.rattanakul347@hotmail.com,Pro Notebook 475,Health,803.72,4,25.0,2411.16,2024-09-24,Surat Thani,Udon Thani,Bank Transfer,Returned,,คุณภาพต่ำกว่าที่คิด,No,13.0,0.12
103963,1370,Anan Srisuk,,Ultra Jacket 750,Fashion,222.07,3,10.0,599.59,2025-03-30,Hat Yai,Bangkok,TrueMoney Wallet,Completed,3.0,,Yes,3.0,3.17
102673,1939,Chomphunut Wattana,chomphunut.wattana652@hotmail.com,Eco Blender 183,Electronics,607.61,7,5.0,4040.61,2024-05-04,Pattaya,Udon Thani,TrueMoney Wallet,Shipped,5.0,,Yes,,3.81
104476,1997,Nittaya Chaiyaporn,nittaya.chaiyaporn524@outlook.com,Max Desk 859,Sports,384.13,3,20.0,921.91,2023-06-28,Nong Khai,Udon Thani,PromptPay,Shipped,5.0,แพ็คเกจไม่แน่นหนา,Yes,,0.43
102792,1426,Somkiat Boonmee,somkiat.boonmee280@hotmail.com,Max Desk 382,Beauty,321.88,7,0.0,2253.16,2023-11-22,Phuket,Phuket,TrueMoney Wallet,Completed,5.0,,No,9.0,3.84
102031,1363,Chaiyot Sukjai,chaiyot.sukjai731@yahoo.com,Smart Blender 313,Electronics,1689.09,4,10.0,6080.72,2023-11-30,Khon Kaen,Phuket,PromptPay,Returned,5.0,,No,12.0,0.42
104920,1125,Wilai Wattana,wilai.wattana371@gmail.com,Plus Bottle 878,Toys,601.8,6,20.0,2888.64,2025-07-12,Chiang Mai,Rayong,PromptPay,Returned,1.0,,No,14.0,1.28
103980,1288,Pichit Saelim,pichit.saelim892@gmail.com,Lite Camera 466,Fashion,1532.63,5,0.0,7663.15,2025-12-24,Rayong,Phuket,PromptPay,Cancelled,4.0,,No,8.0,0.64
100731,1089,Kanya Intharak,kanya.intharak384@hotmail.com,Eco Backpack 627,Fashion,328.89,7,0.0,2302.23,2024-06-17,Buriram,Phuket,PromptPay,Completed,4.0,สินค้าดีมาก คุ้มราคา,Yes,14.0,2.18
104071,2814,Niran Intharak,niran.intharak823@hotmail.com,Smart Desk 617,Automotive,437.88,4,15.0,1488.79,2024-12-12,Nakhon Si Thammarat,Rayong,COD,Completed,,,No,8.0,1.62
104918,2833,Niran Meesuk,niran.meesuk928@outlook.com,Smart Watch 407,Health,547.75,3,0.0,1643.25,2025-02-26,Nakhon Si Thammarat,Khon Kaen,Credit Card,Shipped,3.0,,Yes,13.0,0.96
101650,2072,Nittaya Meesuk,nittaya.meesuk462@hotmail.com,Mini Desk 322,Toys,412.36,7,20.0,2309.22,2023-03-29,Trang,Khon Kaen,PromptPay,Completed,4.0,ของมาช้ากว่ากำหนด,No,1.0,
101149,1110,Chomphunut Chantra,chomphunut.chantra363@outlook.com,Plus Blender 752,Books,0.0,2,20.0,,2025-04-14,Chiang Mai,Nakhon Ratchasima,,Cancelled,,,No,5.0,2.02
102784,1216,Malee Intharak,malee.intharak316@hotmail.com,Max Lamp 428,Health,324.56,8,5.0,2466.66,2024-12-31,Chiang Mai,Udon Thani,PromptPay,Completed,,คุณภาพต่ำกว่าที่คิด,Yes,4.0,0.87
101456,1664,Orawan Phetcharat,orawan.phetcharat540@hotmail.com,Mini Charger 414,Beauty,599.79,2,0.0,1199.58,2024-10-07,,Chiang Mai,TrueMoney Wallet,Shipped,4.0,,Yes,12.0,1.12
103641,2804,Suree Chotirat,suree.chotirat148@yahoo.com,Ultra Sneaker 449,Home & Living,610.17,5,0.0,3050.85,2025-05-03,Bangkok,Khon Kaen,Bank Transfer,Completed,,,No,13.0,1.72
102413,1491,Pranee Srisuk,pranee.srisuk270@outlook.com,Mini Bottle 738,Health,695.27,9,0.0,6257.43,2023-06-30,Nakhon Ratchasima,Rayong,Credit Card,Completed,,คุณภาพต่ำกว่าที่คิด,Yes,2.0,2.73
101074,1437,Siriporn Intharak,siriporn.intharak669@hotmail.com,Eco Jacket 821,Toys,72.16,2,0.0,144.32,2024-06-12,Trang,Rayong,PromptPay,Processing,3.0,โอเคสำหรับราคานี้,No,8.0,1.36
101782,2142,Chaiyot Srisuk,chaiyot.srisuk257@hotmail.com,Plus Wallet 434,Toys,156.82,8,10.0,1129.1,2025-07-25,Pattaya,Bangkok,Bank Transfer,Processing,4.0,สีไม่ตรงตามรูป,No,6.0,0.98
103166,2835,Suchart Sukjai,suchart.sukjai556@hotmail.com,Max Speaker 742,Electronics,383.35,1,0.0,383.35,2025-02-24,Ubon Ratchathani,Udon Thani,PromptPay,Cancelled,4.0,ของมาช้ากว่ากำหนด,Yes,4.0,1.39
100848,2542,Anan Saelim,anan.saelim981@yahoo.com,Plus Chair 924,Sports,256.65,4,15.0,872.61,2024-03-04,Surat Thani,Khon Kaen,Installment,Returned,,บริการลูกค้าดีเยี่ยม,Yes,10.0,0.97
104638,2972,Pranee Rattanakul,pranee.rattanakul481@hotmail.com,Ultra Keyboard 378,Health,261.17,7,0.0,1828.19,2024-08-13,Ubon Ratchathani,Songkhla,COD,Completed,,,Yes,14.0,0.69
104945,2315,Niran Phetcharat,,Plus Camera 647,Health,810.56,2,0.0,1621.12,2024-06-27,Krabi,Nonthaburi,Installment,Completed,,สีไม่ตรงตามรูป,Yes,8.0,1.04
102929,2244,Somchai Saelim,somchai.saelim556@yahoo.com,Lite Speaker 345,Health,825.5,7,0.0,5778.5,2024-10-23,Phuket,Nakhon Ratchasima,PromptPay,Completed,4.0,ใช้งานได้ตามที่คาดหวัง,No,10.0,0.19
103065,1686,Chaiyot Chotirat,,Pro Speaker 610,Fashion,318.92,9,15.0,2439.74,2025-01-05,Udon Thani,Nakhon Ratchasima,PromptPay,Completed,1.0,แพ็คเกจไม่แน่นหนา,Yes,,1.0
104077,1708,Siriporn Meesuk,siriporn.meesuk627@gmail.com,Plus Jacket 484,Health,115.62,2,10.0,208.12,2023-06-28,Bangkok,Phuket,Bank Transfer,Completed,4.0,,Yes,3.0,0.4
102659,2260,Pranee Yodying,pranee.yodying216@yahoo.com,Max Wallet 652,Fashion,672.0,6,20.0,3225.6,2025-08-15,Khon Kaen,Chiang Mai,TrueMoney Wallet,Completed,,สินค้าดีมาก คุ้มราคา,No,8.0,
103265,1133,Suchart Yodying,suchart.yodying472@yahoo.com,Eco Speaker 318,Groceries,97.3,4,0.0,389.2,2024-10-09,Pattaya,Udon Thani,Bank Transfer,Cancelled,5.0,บริการลูกค้าดีเยี่ยม,No,13.0,0.39
101095,1852,Ratana Sinthop,,Ultra Pillow 992,Sports,597.11,5,5.0,2836.27,2024-01-06,Nong Khai,Khon Kaen,Installment,Completed,4.0,โอเคสำหรับราคานี้,No,14.0,1.04
104189,1456,Ploy Sukjai,ploy.sukjai686@outlook.com,Pro Charger 587,Automotive,943.29,3,0.0,2829.87,2023-07-29,Chiang Rai,Nonthaburi,Installment,Returned,5.0,คุณภาพต่ำกว่าที่คิด,No,10.0,1.63
102267,1671,Duangjai Wattana,duangjai.wattana327@gmail.com,Smart Keyboard 836,Home & Living,629.08,4,0.0,2516.32,2023-07-29,Pattaya,Bangkok,Installment,Returned,4.0,สีไม่ตรงตามรูป,No,6.0,4.55
101221,1055,Chaiyot Sukjai,chaiyot.sukjai292@gmail.com,Max Blender 369,Groceries,259.1,9,15.0,1982.12,2025-01-02,Ubon Ratchathani,Nakhon Ratchasima,TrueMoney Wallet,Completed,4.0,,No,2.0,0.11
102714,2730,Pranee Wattana,pranee.wattana702@gmail.com,Eco Keyboard 561,Books,68.45,6,,349.1,2024-05-21,Sakon Nakhon,Songkhla,,Completed,5.0,คุณภาพต่ำกว่าที่คิด,No,9.0,
103613,1038,Wilai Meesuk,wilai.meesuk79@hotmail.com,Lite Blender 902,Home & Living,405.43,2,15.0,689.23,2023-05-25,Nong Khai,Songkhla,COD,Completed,,,No,7.0,0.57
100683,2682,Suree Phetcharat,suree.phetcharat403@gmail.com,Smart Mouse 204,Automotive,845.03,6,0.0,5070.18,2024-10-21,Lampang,Songkhla,COD,Completed,,,No,1.0,3.21
103035,1009,Rungnapa Intharak,rungnapa.intharak652@gmail.com,Smart Camera 461,Sports,382.52,7,0.0,2677.64,2023-12-18,Udon Thani,Rayong,COD,Completed,,,Yes,9.0,0.45
103379,2244,Chatchai Intharak,chatchai.intharak340@gmail.com,Ultra Jacket 958,Health,315.37,5,25.0,1182.64,2025-08-26,Rayong,Songkhla,TrueMoney Wallet,Shipped,5.0,,No,,1.15
101714,1054,Siriporn Rattanakul,siriporn.rattanakul746@hotmail.com,Pro Mouse 374,Fashion,757.93,8,0.0,6063.44,2025-08-13,Udon Thani,Khon Kaen,PromptPay,Returned,,ส่งไวมาก ประทับใจ,Yes,3.0,2.11
103320,2631,Anucha Rattanakul,anucha.rattanakul168@outlook.com,Smart Watch 441,Electronics,166.98,6,15.0,851.6,2023-11-16,Chiang Mai,Chiang Mai,TrueMoney Wallet,Completed,,,No,4.0,4.52
102908,1290,Kanya Chaiyaporn,kanya.chaiyaporn265@gmail.com,Smart Wallet 861,Health,359.79,6,25.0,1619.06,2024-01-16,Nonthaburi,Khon Kaen,Credit Card,Cancelled,5.0,,No,13.0,2.92
100070,1776,Rungnapa Yodying,rungnapa.yodying880@gmail.com,Plus Headphone 211,Home & Living,254.37,8,0.0,2034.96,2023-03-27,Ubon Ratchathani,Songkhla,Bank Transfer,Shipped,4.0,โอเคสำหรับราคานี้,Yes,12.0,0.52
100926,2172,Rungnapa Prasertsak,rungnapa.prasertsak892@outlook.com,Mini Desk 852,Automotive,1376.83,4,30.0,3855.12,2025-01-11,Nakhon Si Thammarat,Chonburi,COD,Returned,4.0,จะกลับมาซื้อซ้ำแน่นอน,No,12.0,4.32
102818,1085,Nittaya Thongdee,nittaya.thongdee163@outlook.com,Lite Camera 487,Electronics,237.32,3,0.0,711.96,2025-05-18,Phuket,Rayong,Credit Card,Shipped,4.0,,No,4.0,0.66
100800,1454,Yupin Intharak,yupin.intharak67@outlook.com,Mini Watch 607,Beauty,437.92,6,10.0,2364.77,2023-03-03,Rayong,Khon Kaen,Installment,Completed,,,No,3.0,1.91
103282,2791,Somkiat Naruemon,somkiat.naruemon579@gmail.com,Max Backpack 729,Beauty,242.74,5,0.0,1213.7,2024-07-03,Rayong,Nonthaburi,PromptPay,Processing,5.0,,Yes,12.0,
103109,2603,Kittisak Chotirat,kittisak.chotirat159@hotmail.com,Pro Backpack 825,Books,501.91,2,0.0,1003.82,2024-09-19,Chiang Rai,Bangkok,Installment,Completed,,,No,6.0,0.33
102596,2989,Suree Chotirat,suree.chotirat103@yahoo.com,Smart Speaker 323,Books,156.16,6,0.0,936.96,2023-10-14,Nonthaburi,Chiang Mai,Bank Transfer,Completed,4.0,ส่งไวมาก ประทับใจ,,11.0,1.44
103338,1466,Nittaya Boonmee,nittaya.boonmee759@yahoo.com,Plus Chair 162,Beauty,1469.09,2,0.0,2938.18,2025-01-02,Nong Khai,Nakhon Ratchasima,COD,Cancelled,5.0,,Yes,2.0,1.35
101323,1547,Prasert Intharak,prasert.intharak4@hotmail.com,Eco Bottle 222,Electronics,850.36,7,0.0,5952.52,2023-11-03,Udon Thani,Nakhon Ratchasima,Installment,Completed,3.0,,No,10.0,2.6
103505,1042,Kanya Meesuk,kanya.meesuk898@outlook.com,Plus Blender 230,Toys,342.23,4,5.0,1300.47,2025-04-23,Ubon Ratchathani,Khon Kaen,TrueMoney Wallet,Shipped,,,No,,0.39
101209,1336,Duangjai Kaewkla,duangjai.kaewkla232@outlook.com,Smart Jacket 505,Groceries,1102.8,4,5.0,4190.64,2025-01-10,Khon Kaen,Phuket,Credit Card,Completed,,,No,1.0,0.13
100952,2976,Siriporn Kaewkla,siriporn.kaewkla173@outlook.com,Mini Bottle 481,Groceries,825.18,8,20.0,5281.15,2024-06-20,Phuket,Bangkok,PromptPay,Completed,3.0,,No,2.0,5.34
102337,1715,Malee Prasertsak,malee.prasertsak131@hotmail.com,Max Blender 347,Automotive,425.6,8,,3234.56,2023-06-20,Rayong,Udon Thani,TrueMoney Wallet,Cancelled,4.0,,No,10.0,1.53
101658,1341,Anan Prasertsak,anan.prasertsak215@hotmail.com,Pro Backpack 324,Health,387.32,8,5.0,2943.63,2023-06-30,Nong Khai,Phuket,PromptPay,Cancelled,,สีไม่ตรงตามรูป,Yes,7.0,0.86
101485,1419,Sombat Wattana,sombat.wattana767@yahoo.com,Eco Speaker 979,Automotive,1066.09,2,0.0,2132.18,2024-11-30,Chiang Rai,Rayong,Bank Transfer,Completed,5.0,จะกลับมาซื้อซ้ำแน่นอน,Yes,12.0,0.13
104387,2707,Malee Prasertsak,malee.prasertsak616@yahoo.com,Plus Notebook 521,Fashion,462.81,2,0.0,,2025-01-15,Nonthaburi,Udon Thani,TrueMoney Wallet,Completed,3.0,,No,,
103800,1739,Chaiyot Thongdee,chaiyot.thongdee449@hotmail.com,Ultra Watch 589,Books,449.7,1,5.0,427.22,2024-09-13,Pattaya,Chiang Mai,Bank Transfer,Completed,1.0,แพ็คเกจไม่แน่นหนา,No,9.0,0.27
103055,2225,Somsri Wattana,somsri.wattana471@hotmail.com,Smart Sneaker 943,Electronics,320.19,5,10.0,1440.86,2025-05-26,Hat Yai,Nakhon Ratchasima,Bank Transfer,Completed,,,No,3.0,1.24
102988,1001,Kittisak Yodying,kittisak.yodying156@outlook.com,Smart Wallet 403,Groceries,131.22,4,5.0,498.64,2025-12-07,Buriram,Chonburi,PromptPay,Completed,2.0,ของมาช้ากว่ากำหนด,Yes,1.0,0.36
101803,1631,Boonmee Kaewkla,boonmee.kaewkla829@yahoo.com,Eco Pillow 729,Sports,436.66,6,10.0,2357.96,2023-01-07,Pattaya,Chiang Mai,Bank Transfer,Cancelled,5.0,สินค้าดีมาก คุ้มราคา,No,12.0,0.71
101935,1130,Chatchai Sukjai,chatchai.sukjai55@gmail.com,Mini Jacket 564,Toys,367.13,9,0.0,3304.17,2024-12-31,Nong Khai,Rayong,COD,Shipped,,โอเคสำหรับราคานี้,Yes,9.0,1.02
101049,2481,Pranee Phetcharat,pranee.phetcharat797@outlook.com,Lite Jacket 385,Books,767.79,8,10.0,5528.09,2023-04-12,Nong Khai,Rayong,TrueMoney Wallet,Shipped,3.0,คุณภาพต่ำกว่าที่คิด,No,2.0,1.88
104739,1645,Niran Wongsawat,niran.wongsawat591@yahoo.com,Max Lamp 633,Books,78.61,4,25.0,235.83,2024-01-01,Nakhon Si Thammarat,Chiang Mai,Bank Transfer,Processing,2.0,คุณภาพต่ำกว่าที่คิด,No,12.0,
103657,2706,Ratana Kaewkla,ratana.kaewkla588@outlook.com,Mini Pillow 950,Books,781.86,5,10.0,3518.37,2023-03-31,Ubon Ratchathani,Khon Kaen,TrueMoney Wallet,Completed,5.0,แพ็คเกจไม่แน่นหนา,No,3.0,1.31
103691,1873,Duangjai Thongdee,duangjai.thongdee520@hotmail.com,Max Sneaker 241,Automotive,0.0,3,15.0,393.01,2023-08-17,Hat Yai,Bangkok,TrueMoney Wallet,Returned,5.0,,No,,2.37
102955,2838,Wilai Chotirat,wilai.chotirat739@gmail.com,Smart Notebook 231,Books,1001.12,7,,7007.84,2023-03-28,Chiang Rai,Rayong,PromptPay,Completed,5.0,ใช้งานได้ตามที่คาดหวัง,No,13.0,1.65
102348,2669,Boonmee Kaewkla,boonmee.kaewkla554@gmail.com,Smart Headphone 158,Automotive,104.52,-1,0.0,104.52,2024-05-01,Buriram,Udon Thani,PromptPay,Completed,,,Yes,2.0,8.77
101952,1329,Somkiat Boonmee,somkiat.boonmee874@hotmail.com,Pro Bottle 412,Home & Living,1645.76,4,5.0,6253.89,2023-06-27,,Phuket,Installment,Completed,,ใช้งานได้ตามที่คาดหวัง,Yes,4.0,1.22
100969,2671,Duangjai Intharak,duangjai.intharak955@gmail.com,Smart Wallet 375,Toys,252.07,3,0.0,756.21,2025-06-18,Rayong,Nonthaburi,COD,Shipped,5.0,,Yes,13.0,1.12
101606,1201,Thawatchai Meesuk,thawatchai.meesuk325@yahoo.com,Lite Blender 769,Home & Living,115.78,1,5.0,109.99,2025-04-25,,Nonthaburi,Installment,Completed,,,Yes,8.0,0.7
103820,1400,Niran Phetcharat,niran.phetcharat571@hotmail.com,Plus Notebook 123,Health,159.95,2,20.0,255.92,2025-09-13,Buriram,Phuket,TrueMoney Wallet,Completed,5.0,โอเคสำหรับราคานี้,Yes,5.0,1.0
103975,1489,Chaiyot Chantra,chaiyot.chantra586@hotmail.com,Plus Keyboard 735,Electronics,387.48,2,0.0,774.96,2025-08-25,Hat Yai,Bangkok,COD,Completed,4.0,,Yes,1.0,3.09
101878,1818,Nittaya Sukjai,nittaya.sukjai678@outlook.com,Smart Wallet 699,Beauty,96.54,5,0.0,482.7,2025-10-26,Hat Yai,Chiang Mai,Bank Transfer,Cancelled,,ใช้งานได้ตามที่คาดหวัง,Yes,3.0,0.91
101670,1434,Ploy Intharak,ploy.intharak117@hotmail.com,Lite Wallet 962,Electronics,807.34,6,0.0,4844.04,2023-08-02,Lampang,Rayong,PromptPay,Completed,,ส่งไวมาก ประทับใจ,Yes,10.0,0.31
103646,1462,Boonmee Chaiyaporn,boonmee.chaiyaporn794@gmail.com,Smart Camera 399,Beauty,796.87,3,10.0,2151.55,2023-07-05,Nonthaburi,Nonthaburi,PromptPay,Cancelled,,แพ็คเกจไม่แน่นหนา,No,7.0,0.27
102095,1431,Siriporn Wongsawat,siriporn.wongsawat254@hotmail.com,Ultra Jacket 437,Electronics,848.36,9,0.0,7635.24,2024-06-20,Khon Kaen,Chonburi,PromptPay,Completed,,โอเคสำหรับราคานี้,No,4.0,1.29
100233,2981,Suchart Meesuk,suchart.meesuk910@hotmail.com,Pro Blender 289,Health,202.21,2,0.0,404.42,2024-08-07,Krabi,Udon Thani,TrueMoney Wallet,Completed,5.0,,Yes,4.0,0.46
104589,2141,Malee Naruemon,malee.naruemon399@yahoo.com,Ultra Keyboard 767,Sports,,9,5.0,2381.52,2023-12-29,Khon Kaen,Rayong,Installment,Processing,3.0,สีไม่ตรงตามรูป,No,5.0,1.3
100633,2295,Somkiat Boonmee,somkiat.boonmee582@outlook.com,Pro Bottle 817,Home & Living,186.84,5,5.0,887.49,2025-08-21,Udon Thani,Bangkok,PromptPay,Shipped,,ส่งไวมาก ประทับใจ,Yes,12.0,3.14
103837,2528,Somchai Chotirat,somchai.chotirat21@outlook.com,Plus Backpack 760,BOOKS,203.73,2,5.0,387.09,2024-07-27,Lampang,Udon Thani,Bank Transfer,Shipped,5.0,ส่งไวมาก ประทับใจ,No,5.0,1.25
100415,1956,Somkiat Panyawong,somkiat.panyawong875@yahoo.com,Lite Sneaker 635,Home & Living,646.72,4,0.0,2586.88,2024-05-01,Chiang Mai,Bangkok,Installment,Completed,,แพ็คเกจไม่แน่นหนา,No,7.0,1.26
101840,1933,Pranee Chotirat,pranee.chotirat346@gmail.com,Smart Sneaker 417,Electronics,,4,10.0,745.52,2023-07-18,Pattaya,Nonthaburi,PromptPay,Completed,,ของมาช้ากว่ากำหนด,,,2.21
101723,1758,Boonmee Yodying,boonmee.yodying972@yahoo.com,Mini Sneaker 621,Fashion,184.22,5,5.0,875.04,2025-01-16,Buriram,Chiang Mai,COD,Completed,,,Yes,13.0,2.54
101862,1454,Thawatchai Chantra,thawatchai.chantra957@gmail.com,Plus Mouse 183,Books,344.05,6,0.0,2064.3,2024-05-06,Sakon Nakhon,Rayong,Credit Card,Shipped,,,Yes,8.0,0.11
104533,2263,Pichit Intharak,pichit.intharak948@outlook.com,Plus Desk 491,Books,348.44,9,25.0,2351.97,2023-12-11,Rayong,Phuket,COD,Processing,5.0,ของมาช้ากว่ากำหนด,Yes,11.0,3.1
102236,1215,Chaiyot Rattanakul,chaiyot.rattanakul563@hotmail.com,Max Blender 286,Sports,93.62,9,0.0,842.58,2023-12-31,Khon Kaen,Chonburi,Credit Card,Shipped,4.0,คุณภาพต่ำกว่าที่คิด,No,8.0,0.26
100017,1871,Niran Prasertsak,niran.prasertsak831@yahoo.com,Mini Bottle 604,Sports,174.18,8,5.0,1323.77,2023-03-04,Lampang,Phuket,PromptPay,Completed,,คุณภาพต่ำกว่าที่คิด,No,5.0,3.58
103085,2100,Boonmee Chotirat,boonmee.chotirat146@hotmail.com,Smart Chair 925,Groceries,227.85,8,5.0,1731.66,2023-02-02,Rayong,Nonthaburi,COD,Cancelled,,,Yes,1.0,3.45
101732,1578,Thawatchai Sinthop,thawatchai.sinthop192@hotmail.com,Lite Chair 925,Sports,591.62,6,0.0,3549.72,2025-09-27,Khon Kaen,Nonthaburi,Credit Card,Completed,3.0,,Yes,6.0,6.1
101740,1095,Chomphunut Chantra,chomphunut.chantra958@hotmail.com,Mini Pillow 632,Fashion,287.23,9,10.0,2326.56,2024-04-15,Chiang Rai,Songkhla,PromptPay,Completed,4.0,สีไม่ตรงตามรูป,No,,3.61
101020,2305,Anan Meesuk,anan.meesuk718@outlook.com,Plus Notebook 385,TOYS,577.81,3,0.0,1733.43,2024-12-21,Ubon Ratchathani,Chonburi,Installment,Completed,,สินค้าดีมาก คุ้มราคา,No,,2.17
100596,1369,Suchart Wattana,suchart.wattana74@yahoo.com,Mini Watch 341,Beauty,223.07,7,20.0,1249.19,2023-05-03,Phuket,Rayong,Bank Transfer,Shipped,4.0,โอเคสำหรับราคานี้,Yes,6.0,1.15
104207,2715,Pichit Chotirat,pichit.chotirat335@yahoo.com,Mini Pillow 364,Toys,558.6,2,0.0,1117.2,2025-06-26,Rayong,Bangkok,Installment,Returned,2.0,,No,8.0,6.9
102181,2346,Somsri Meesuk,somsri.meesuk195@hotmail.com,Max Lamp 786,Health,130.37,9,5.0,1114.66,2025-12-04,Krabi,Rayong,Credit Card,Completed,4.0,,No,,0.26
100977,1739,Suchart Panyawong,suchart.panyawong92@yahoo.com,Pro Pillow 891,Automotive,847.65,7,0.0,5933.55,2023-05-22,Pattaya,Udon Thani,COD,Completed,5.0,,,9.0,1.48
102473,2518,Nittaya Panyawong,nittaya.panyawong534@hotmail.com,Plus Desk 275,Groceries,625.42,4,25.0,,2024-11-05,Surat Thani,Rayong,PromptPay,Completed,3.0,,No,6.0,4.43
102934,1303,Suchart Sukjai,suchart.sukjai652@gmail.com,Lite Charger 838,Fashion,,4,15.0,812.57,2025-11-12,,Chonburi,Installment,Completed,4.0,,No,8.0,
100893,1753,Duangjai Rattanakul,duangjai.rattanakul462@hotmail.com,Lite Bottle 965,Sports,624.88,1,5.0,593.64,2025-11-28,Phuket,Rayong,PromptPay,Processing,3.0,,Yes,1.0,0.31
100371,2327,Somchai Sinthop,somchai.sinthop662@gmail.com,Smart Charger 944,Toys,385.84,9,0.0,3472.56,2025-09-14,Chiang Rai,Rayong,COD,Shipped,,,No,13.0,0.74
101371,1844,Kittisak Chaiyaporn,kittisak.chaiyaporn22@yahoo.com,Pro Camera 348,Groceries,556.48,4,0.0,2225.92,2023-10-29,Ubon Ratchathani,Phuket,Credit Card,Returned,,ใช้งานได้ตามที่คาดหวัง,No,10.0,1.28
101973,2112,Chatchai Phetcharat,chatchai.phetcharat774@hotmail.com,Eco Jacket 202,Groceries,442.34,8,30.0,2477.1,2025-10-01,Lampang,Phuket,COD,Returned,,,Yes,13.0,
100598,2129,Yupin Boonmee,yupin.boonmee342@hotmail.com,Ultra Lamp 571,Beauty,1472.29,8,30.0,8244.82,2024-08-19,,Songkhla,COD,Processing,,ใช้งานได้ตามที่คาดหวัง,No,2.0,0.8
100238,2496,Orawan Meesuk,,Plus Camera 441,Automotive,411.86,4,30.0,1153.21,2024-11-07,Nakhon Ratchasima,Chiang Mai,Bank Transfer,Processing,,,No,1.0,0.8
104764,1820,Somkiat Thongdee,somkiat.thongdee794@yahoo.com,Eco Wallet 769,Toys,640.94,5,15.0,2724.0,2025-04-18,Krabi,Rayong,Installment,Completed,,,Yes,12.0,0.86
104391,2468,Wichai Chantra,wichai.chantra204@outlook.com,Max Sneaker 161,Groceries,339.54,2,0.0,679.08,2025-09-03,Pattaya,Chiang Mai,Installment,Completed,4.0,,No,,2.21
102917,1961,Boonmee Prasertsak,boonmee.prasertsak154@gmail.com,Lite Charger 863,Beauty,177.75,1,0.0,177.75,2024-06-02,Khon Kaen,Phuket,TrueMoney Wallet,Completed,5.0,,No,,9.38
102115,2325,Rungnapa Sukjai,rungnapa.sukjai377@yahoo.com,Ultra Notebook 578,Toys,568.82,4,25.0,1706.46,2023-07-16,Sakon Nakhon,Nakhon Ratchasima,Bank Transfer,Completed,,,No,1.0,0.53
102016,2549,Somkiat Boonmee,somkiat.boonmee311@outlook.com,Mini Wallet 911,Automotive,624.26,4,0.0,2497.04,2023-09-16,Chiang Mai,Songkhla,COD,Processing,4.0,,No,5.0,0.65
104942,1646,Wilai Prasertsak,wilai.prasertsak150@yahoo.com,Plus Bottle 113,Automotive,852.0,6,0.0,5112.0,2023-03-14,Pattaya,Songkhla,Credit Card,Completed,3.0,,No,10.0,0.35
103203,2656,Anan Thongdee,anan.thongdee197@outlook.com,Eco Blender 444,Books,992.67,2,15.0,1687.54,2023-01-06,Pattaya,Nonthaburi,TrueMoney Wallet,Cancelled,,,No,11.0,0.36
104473,2712,Suchart Thongdee,suchart.thongdee311@yahoo.com,Eco Wallet 859,Beauty,592.81,6,20.0,2845.49,2025-10-15,Trang,Khon Kaen,COD,Completed,2.0,,No,,1.07
104655,1559,Chomphunut Phetcharat,chomphunut.phetcharat806@outlook.com,Ultra Jacket 573,Toys,179.67,3,,539.01,2024-09-04,Bangkok,Khon Kaen,COD,Completed,5.0,ใช้งานได้ตามที่คาดหวัง,Yes,13.0,
102788,2062,Yupin Yodying,,Eco Keyboard 102,Toys,900.52,2,10.0,1620.94,2025-03-04,Nakhon Ratchasima,Nakhon Ratchasima,Bank Transfer,Shipped,4.0,สินค้าดีมาก คุ้มราคา,Yes,3.0,1.91
100915,1928,Wilai Sukjai,wilai.sukjai619@outlook.com,Max Wallet 453,AUTOMOTIVE,403.37,4,0.0,1613.48,2025-02-17,Khon Kaen,Chiang Mai,Installment,Shipped,,ส่งไวมาก ประทับใจ,Yes,6.0,
100733,1604,Sombat Chantra,sombat.chantra17@outlook.com,Lite Lamp 191,Home & Living,266.06,1,0.0,266.06,2023-11-05,Buriram,Nakhon Ratchasima,Bank Transfer,Returned,,,Yes,2.0,0.25
101932,1024,Pranee Panyawong,pranee.panyawong662@hotmail.com,Lite Keyboard 529,Sports,198.52,8,0.0,1588.16,2025-02-19,Nakhon Ratchasima,Bangkok,Bank Transfer,Completed,5.0,บริการลูกค้าดีเยี่ยม,No,2.0,1.64
103316,2979,Chomphunut Kaewkla,chomphunut.kaewkla336@yahoo.com,Lite Pillow 285,Books,868.68,6,25.0,3909.06,2025-01-28,Lampang,Chiang Mai,Installment,Shipped,5.0,,No,10.0,0.86
101918,1200,Pichit Rattanakul,pichit.rattanakul218@hotmail.com,Lite Desk 708,Beauty,364.55,9,0.0,3280.95,2024-04-25,Nong Khai,Chonburi,TrueMoney Wallet,Cancelled,,,Yes,3.0,
104275,2760,Malee Panyawong,malee.panyawong737@outlook.com,Pro Chair 545,Toys,487.02,2,10.0,876.64,2025-04-30,Khon Kaen,Udon Thani,COD,Processing,,,No,5.0,0.55
100841,2032,Prasert Kaewkla,prasert.kaewkla994@yahoo.com,Smart Backpack 434,Beauty,215.57,2,0.0,431.14,2023-10-17,Nakhon Ratchasima,Bangkok,Bank Transfer,Completed,4.0,,Yes,7.0,0.14
101536,2277,Suchart Wongsawat,suchart.wongsawat513@hotmail.com,Pro Headphone 384,Health,292.41,3,0.0,877.23,2025-02-22,Ubon Ratchathani,Nonthaburi,PromptPay,Completed,4.0,สีไม่ตรงตามรูป,No,9.0,0.92
101343,1714,Prasert Intharak,prasert.intharak333@gmail.com,Plus Pillow 330,Fashion,681.86,1,0.0,681.86,2024-11-22,Nong Khai,Nonthaburi,Credit Card,Completed,5.0,ของมาช้ากว่ากำหนด,Yes,,0.12
101672,1951,Pranee Srisuk,pranee.srisuk383@hotmail.com,Eco Camera 646,Beauty,192.69,3,20.0,462.46,2024-04-10,,Chiang Mai,COD,Completed,3.0,,No,7.0,3.41
103585,1521,Niran Naruemon,niran.naruemon546@yahoo.com,Lite Backpack 528,Home & Living,303.09,5,20.0,1212.36,2025-09-25,Nakhon Si Thammarat,Rayong,Installment,Completed,,บริการลูกค้าดีเยี่ยม,No,1.0,0.92
104793,2134,Chatchai Saelim,,Lite Lamp 533,Toys,706.97,4,15.0,2403.7,2023-08-22,Phuket,Chonburi,COD,Cancelled,5.0,สินค้าดีมาก คุ้มราคา,No,11.0,2.01
100621,1512,Wichai Saelim,wichai.saelim384@hotmail.com,Plus Backpack 400,Sports,611.6,4,20.0,1957.12,2025-05-30,Khon Kaen,Chonburi,Installment,Completed,1.0,สีไม่ตรงตามรูป,No,3.0,
102328,1021,Thawatchai Rattanakul,thawatchai.rattanakul38@yahoo.com,Lite Keyboard 304,Groceries,1415.92,9,0.0,12743.28,2024-03-31,Buriram,Khon Kaen,Credit Card,Shipped,5.0,บริการลูกค้าดีเยี่ยม,Yes,14.0,1.87
103679,2679,Pichit Sinthop,pichit.sinthop394@yahoo.com,Mini Backpack 569,Fashion,421.3,1,20.0,337.04,2024-07-20,Hat Yai,Khon Kaen,PromptPay,Completed,2.0,แพ็คเกจไม่แน่นหนา,Yes,8.0,0.71
100566,1304,Pranee Sinthop,pranee.sinthop596@outlook.com,Mini Charger 666,Groceries,748.31,8,25.0,4489.86,2025-11-23,,Khon Kaen,Installment,Completed,4.0,,No,5.0,1.76
101779,2409,Kanya Sinthop,,Mini Keyboard 498,Books,533.28,6,10.0,2879.71,2024-12-12,Nonthaburi,Chiang Mai,TrueMoney Wallet,Shipped,4.0,,No,13.0,0.49
102210,1036,Wichai Thongdee,wichai.thongdee910@gmail.com,Eco Lamp 703,Sports,293.94,8,10.0,2116.37,2025-10-02,Lampang,Bangkok,PromptPay,Returned,,,No,14.0,2.05
101615,1536,Anan Phetcharat,anan.phetcharat616@outlook.com,Mini Headphone 143,Fashion,605.98,6,30.0,2545.12,2025-06-12,Nonthaburi,Phuket,COD,Completed,,โอเคสำหรับราคานี้,No,7.0,
100051,1562,Rungnapa Panyawong,rungnapa.panyawong639@yahoo.com,Max Mouse 456,Electronics,416.78,8,0.0,3334.24,2025-09-26,Udon Thani,Nonthaburi,COD,Completed,3.0,,Yes,14.0,2.35
102331,1209,Kittisak Chantra,kittisak.chantra594@gmail.com,Pro Speaker 296,Books,301.81,5,0.0,1509.05,2024-03-25,Nong Khai,Bangkok,,Completed,4.0,แพ็คเกจไม่แน่นหนา,No,,0.61
100787,1728,Ratana Rattanakul,ratana.rattanakul326@gmail.com,Eco Notebook 870,Sports,1422.27,4,30.0,3982.36,2023-07-19,Rayong,Phuket,Credit Card,Shipped,5.0,สินค้าดีมาก คุ้มราคา,No,4.0,0.48
102944,2837,Somkiat Yodying,somkiat.yodying706@hotmail.com,Max Chair 252,Toys,254.23,9,10.0,2059.26,2025-06-07,Bangkok,Songkhla,PromptPay,Completed,,สินค้าดีมาก คุ้มราคา,Yes,3.0,0.24
103100,2190,Anucha Intharak,anucha.intharak152@yahoo.com,Lite Camera 943,Electronics,463.57,5,0.0,2317.85,2023-07-17,Krabi,Rayong,Credit Card,Completed,,,Yes,8.0,2.18
100534,2529,Sombat Kaewkla,sombat.kaewkla313@outlook.com,Lite Pillow 394,Electronics,,4,10.0,1445.0,2025-08-16,Ubon Ratchathani,Chiang Mai,Installment,Processing,5.0,โอเคสำหรับราคานี้,Yes,9.0,0.95
104169,2021,Somsri Sukjai,somsri.sukjai538@outlook.com,Plus Lamp 517,Groceries,878.66,4,10.0,3163.18,2023-08-27,Pattaya,Chiang Mai,COD,Completed,4.0,,Yes,7.0,0.14
101253,1713,Chatchai Sinthop,chatchai.sinthop724@gmail.com,Plus Watch 940,Toys,421.59,1,0.0,421.59,2025-05-29,,Nakhon Ratchasima,COD,Processing,,จะกลับมาซื้อซ้ำแน่นอน,Yes,8.0,2.6
100443,2388,Ploy Srisuk,ploy.srisuk853@gmail.com,Plus Keyboard 867,Groceries,503.54,7,0.0,,2024-05-26,Nakhon Ratchasima,Rayong,Bank Transfer,Completed,,โอเคสำหรับราคานี้,Yes,10.0,0.27
101424,1269,Chomphunut Wattana,chomphunut.wattana615@hotmail.com,Eco Watch 591,Electronics,463.48,9,15.0,3545.62,2023-01-06,Nong Khai,Udon Thani,Bank Transfer,Returned,5.0,โอเคสำหรับราคานี้,No,2.0,0.74
100195,2714,Wichai Chantra,,Lite Blender 348,Toys,205.93,4,0.0,823.72,2025-03-09,Phuket,Nakhon Ratchasima,Bank Transfer,Completed,,,Yes,10.0,0.41
100721,1011,Wilai Intharak,wilai.intharak222@gmail.com,Smart Lamp 252,Sports,183.47,1,10.0,165.12,2023-12-22,Rayong,Rayong,Bank Transfer,Completed,,,Yes,4.0,0.39
101618,2829,Thawatchai Rattanakul,thawatchai.rattanakul485@hotmail.com,Pro Desk 447,Beauty,325.13,2,0.0,650.26,2025-10-24,Ubon Ratchathani,Khon Kaen,Credit Card,Completed,3.0,,No,4.0,0.89
101175,2812,Siriporn Sukjai,siriporn.sukjai988@hotmail.com,Max Lamp 615,Automotive,246.24,4,0.0,984.96,2024-09-30,Pattaya,Chiang Mai,Credit Card,Processing,3.0,คุณภาพต่ำกว่าที่คิด,No,4.0,2.75
104329,1397,Suree Chaiyaporn,suree.chaiyaporn734@gmail.com,Plus Chair 762,Home & Living,631.57,1,0.0,631.57,2023-06-22,Phuket,Chonburi,Installment,Cancelled,5.0,,Yes,4.0,0.42
103044,2072,Kanya Chantra,kanya.chantra24@outlook.com,Eco Backpack 847,Health,253.08,8,15.0,1720.94,2024-12-17,Trang,Chiang Mai,PromptPay,Completed,3.0,บริการลูกค้าดีเยี่ยม,No,7.0,0.14
101397,2629,Orawan Meesuk,,Pro Notebook 118,Groceries,413.46,6,0.0,2480.76,2025-07-23,Phuket,Khon Kaen,Bank Transfer,Completed,4.0,,No,6.0,1.23
103006,2264,Thawatchai Saelim,,Mini Sneaker 497,Beauty,145.41,7,0.0,,2023-07-01,Trang,Nakhon Ratchasima,COD,Processing,,,No,6.0,2.44
104277,2274,Wilai Thongdee,wilai.thongdee25@yahoo.com,Mini Charger 844,Automotive,670.1,7,5.0,4456.16,2024-04-29,Chiang Rai,Nonthaburi,Installment,Completed,5.0,,Yes,11.0,3.65
103364,1882,Sombat Kaewkla,sombat.kaewkla63@hotmail.com,Ultra Charger 789,Home & Living,794.64,2,5.0,1509.82,2024-10-24,Chiang Mai,Khon Kaen,Installment,Completed,4.0,จะกลับมาซื้อซ้ำแน่นอน,No,,3.89
103750,1037,Nittaya Saelim,,Mini Headphone 497,Sports,1061.26,3,0.0,3183.78,2025-11-21,Surat Thani,Nonthaburi,Bank Transfer,Returned,4.0,,Yes,10.0,0.51
100644,2679,Chatchai Rattanakul,chatchai.rattanakul28@hotmail.com,Lite Bottle 966,Automotive,324.37,1,25.0,243.28,2024-12-27,Sakon Nakhon,Phuket,Installment,Cancelled,,คุณภาพต่ำกว่าที่คิด,Yes,1.0,
104717,2453,,anucha.panyawong283@outlook.com,Pro Backpack 567,Automotive,194.68,1,0.0,194.68,2023-11-01,Chiang Rai,Bangkok,COD,Cancelled,,,No,2.0,3.82
103815,2848,Orawan Boonmee,orawan.boonmee643@hotmail.com,Max Headphone 210,Books,757.58,4,0.0,3030.32,2024-08-17,Trang,Nonthaburi,Installment,Processing,3.0,,Yes,2.0,4.87
104892,1336,Suchart Prasertsak,suchart.prasertsak5@hotmail.com,Ultra Watch 644,Health,354.36,9,0.0,3189.24,2024-07-28,Hat Yai,Khon Kaen,Credit Card,Completed,,,No,14.0,2.03
102780,2239,Somsri Kaewkla,somsri.kaewkla808@gmail.com,Mini Backpack 719,Groceries,625.59,1,15.0,531.75,2024-08-16,Trang,Bangkok,Installment,Processing,,บริการลูกค้าดีเยี่ยม,Yes,4.0,0.61
100120,1337,Somchai Boonmee,somchai.boonmee684@outlook.com,Ultra Mouse 261,Sports,174.77,9,,1415.64,2024-09-09,Sakon Nakhon,Rayong,Bank Transfer,Completed,,,No,9.0,0.69
101255,2976,Chaiyot Chaiyaporn,chaiyot.chaiyaporn194@hotmail.com,Plus Bottle 673,Automotive,478.32,7,0.0,3348.24,2023-06-29,Trang,Nakhon Ratchasima,Credit Card,Shipped,,ส่งไวมาก ประทับใจ,No,6.0,1.8
101187,1523,Kittisak Kaewkla,kittisak.kaewkla495@yahoo.com,Pro Lamp 626,Fashion,999.2,6,0.0,5995.2,2025-04-21,Buriram,Rayong,COD,Completed,4.0,,Yes,2.0,1.61
104913,2749,Pichit Yodying,pichit.yodying22@gmail.com,Eco Bottle 946,Fashion,155.36,5,0.0,776.8,2024-03-28,Nakhon Si Thammarat,Phuket,Installment,Cancelled,4.0,,No,13.0,5.42
104080,1503,Somsri Srisuk,somsri.srisuk350@yahoo.com,Pro Lamp 340,Fashion,1852.68,2,0.0,3705.36,2023-10-07,Pattaya,Nakhon Ratchasima,Bank Transfer,Cancelled,,,Yes,6.0,5.05
103542,2243,Malee Chaiyaporn,,Pro Chair 387,Beauty,574.55,4,30.0,1608.74,2025-08-28,Chiang Rai,Bangkok,PromptPay,Completed,4.0,,No,13.0,0.79
100134,1064,Pranee Yodying,pranee.yodying117@hotmail.com,Max Charger 651,Groceries,308.85,1,0.0,308.85,2025-10-17,Lampang,Nakhon Ratchasima,Installment,Returned,,ของมาช้ากว่ากำหนด,Yes,4.0,5.1
102702,1260,Anucha Rattanakul,anucha.rattanakul387@outlook.com,Mini Keyboard 975,Home & Living,539.83,5,0.0,2699.15,2024-06-25,Nakhon Ratchasima,Bangkok,Credit Card,Completed,5.0,,No,4.0,1.66
103425,1337,Chomphunut Thongdee,chomphunut.thongdee586@outlook.com,Smart Backpack 181,Books,512.45,5,0.0,2562.25,2023-08-06,Nakhon Ratchasima,Udon Thani,Bank Transfer,Completed,3.0,,No,13.0,0.17
102314,1915,,anan.sinthop88@hotmail.com,Smart Bottle 247,Home & Living,241.02,7,,1687.14,2025-01-07,Surat Thani,Bangkok,Bank Transfer,Cancelled,2.0,ส่งไวมาก ประทับใจ,No,4.0,0.48
100184,1766,Suchart Panyawong,suchart.panyawong925@gmail.com,Pro Jacket 740,Books,178.94,5,0.0,894.7,2023-02-17,Chiang Rai,Khon Kaen,TrueMoney Wallet,Completed,5.0,,No,,3.29
104477,1048,Boonmee Kaewkla,boonmee.kaewkla396@hotmail.com,Lite Lamp 244,Sports,474.9,7,10.0,2991.87,2024-07-24,Bangkok,Nakhon Ratchasima,Bank Transfer,Completed,5.0,ใช้งานได้ตามที่คาดหวัง,Yes,12.0,0.88
103365,1262,Boonmee Prasertsak,boonmee.prasertsak888@yahoo.com,Max Lamp 503,Fashion,675.74,8,10.0,4865.33,2024-04-05,Trang,Nonthaburi,Installment,Shipped,4.0,,No,10.0,3.49
100511,1961,Malee Meesuk,malee.meesuk753@yahoo.com,Ultra Wallet 472,Automotive,1052.57,-1,10.0,5683.88,2025-10-25,Sakon Nakhon,Nakhon Ratchasima,Installment,Returned,4.0,,No,7.0,0.14
102133,2516,Malee Chantra,malee.chantra179@hotmail.com,Pro Sneaker 840,Toys,225.85,4,0.0,903.4,2023-02-19,Surat Thani,Bangkok,,Completed,5.0,,No,7.0,1.78
100062,1840,Suree Chotirat,suree.chotirat311@yahoo.com,Mini Camera 120,Fashion,303.43,8,0.0,2427.44,2024-09-18,Bangkok,Udon Thani,Credit Card,Shipped,,,No,3.0,0.61
103921,2642,Somkiat Chaiyaporn,somkiat.chaiyaporn954@outlook.com,Pro Blender 901,Toys,455.42,9,0.0,4098.78,2024-09-10,Trang,Songkhla,TrueMoney Wallet,Completed,4.0,ใช้งานได้ตามที่คาดหวัง,No,9.0,0.51
102707,2699,Chatchai Thongdee,chatchai.thongdee905@hotmail.com,Smart Wallet 507,Home & Living,151.12,5,15.0,642.26,2025-01-26,Ubon Ratchathani,Phuket,Credit Card,Cancelled,,,No,7.0,5.23
103764,2751,Somchai Wongsawat,somchai.wongsawat637@yahoo.com,Lite Chair 479,Home & Living,333.35,4,25.0,1000.05,2024-09-04,Lampang,Rayong,,Completed,,,No,6.0,0.36
104770,2377,Rungnapa Kaewkla,rungnapa.kaewkla342@yahoo.com,Mini Lamp 613,Fashion,1293.85,1,0.0,1293.85,2023-01-21,Krabi,Chonburi,Credit Card,Returned,,,No,1.0,0.31
103865,2097,Malee Wattana,malee.wattana252@hotmail.com,Lite Lamp 671,Automotive,161.62,5,15.0,686.88,2024-01-31,,Khon Kaen,TrueMoney Wallet,Completed,,,No,14.0,
100251,2382,Boonmee Naruemon,boonmee.naruemon944@gmail.com,Lite Headphone 320,Automotive,306.98,5,0.0,1534.9,2023-01-03,Chiang Rai,Songkhla,Credit Card,Shipped,5.0,,No,1.0,0.96
100994,1389,Siriporn Meesuk,siriporn.meesuk836@yahoo.com,Mini Sneaker 666,Groceries,683.33,1,0.0,683.33,2023-11-02,Khon Kaen,Phuket,Installment,Completed,1.0,จะกลับมาซื้อซ้ำแน่นอน,Yes,5.0,2.57
103790,1541,Ploy Intharak,ploy.intharak206@hotmail.com,Plus Bottle 394,Groceries,1138.71,2,0.0,2277.42,2023-10-19,Krabi,Udon Thani,Bank Transfer,Completed,3.0,,No,3.0,0.96
100803,1734,Kittisak Meesuk,kittisak.meesuk961@hotmail.com,Pro Bottle 813,Toys,234.88,9,0.0,2113.92,2025-12-27,Trang,Nakhon Ratchasima,Credit Card,Processing,5.0,ส่งไวมาก ประทับใจ,,,4.54
102642,1865,Pichit Naruemon,pichit.naruemon449@gmail.com,Mini Notebook 970,Toys,308.7,4,25.0,926.1,2023-09-19,Rayong,Rayong,Installment,Shipped,,,No,2.0,0.88
104529,1956,Kanya Wongsawat,kanya.wongsawat43@gmail.com,Plus Camera 774,Home & Living,756.09,6,15.0,3856.06,2023-12-12,Krabi,Rayong,Installment,Shipped,,ใช้งานได้ตามที่คาดหวัง,No,6.0,5.3
100122,2076,Kanya Boonmee,kanya.boonmee205@hotmail.com,Lite Mouse 385,Fashion,720.76,8,0.0,5766.08,2024-11-06,Rayong,Songkhla,Installment,Returned,4.0,,Yes,5.0,0.1
104886,1510,Thawatchai Rattanakul,thawatchai.rattanakul855@hotmail.com,Smart Speaker 897,Home & Living,139.41,3,5.0,397.32,2025-10-18,Krabi,Songkhla,TrueMoney Wallet,Completed,5.0,สีไม่ตรงตามรูป,Yes,1.0,0.37
103635,1661,Kittisak Meesuk,kittisak.meesuk442@hotmail.com,Max Bottle 246,Beauty,358.53,5,0.0,,2024-10-01,Ubon Ratchathani,Khon Kaen,Credit Card,Completed,5.0,,No,1.0,0.79
104257,2214,Chaiyot Meesuk,chaiyot.meesuk179@gmail.com,Smart Camera 543,Toys,201.61,5,10.0,907.25,2024-12-04,Pattaya,Phuket,Credit Card,Completed,,,No,11.0,0.47
102457,2013,Nittaya Chaiyaporn,nittaya.chaiyaporn281@outlook.com,Mini Notebook 257,Home & Living,496.89,8,0.0,3975.12,2024-10-11,Trang,Rayong,Credit Card,Returned,4.0,,No,6.0,2.26
100567,2715,Yupin Saelim,yupin.saelim654@gmail.com,Lite Charger 270,Toys,785.28,1,0.0,785.28,2024-10-17,Nakhon Si Thammarat,Phuket,PromptPay,Cancelled,,,Yes,10.0,1.4
102168,2762,Thawatchai Sinthop,thawatchai.sinthop696@yahoo.com,Mini Chair 679,Electronics,88.91,1,0.0,88.91,2025-03-29,Nakhon Si Thammarat,Nonthaburi,Installment,Completed,4.0,ส่งไวมาก ประทับใจ,,10.0,2.02
103945,2689,Pichit Intharak,pichit.intharak270@outlook.com,Mini Chair 420,Automotive,227.84,9,0.0,2050.56,2023-07-19,Ubon Ratchathani,Rayong,Installment,Completed,3.0,บริการลูกค้าดีเยี่ยม,No,4.0,2.79
101436,1131,Sombat Rattanakul,sombat.rattanakul328@hotmail.com,Smart Charger 461,Groceries,90.26,1,0.0,90.26,2024-07-02,Nakhon Ratchasima,Udon Thani,COD,Completed,,สีไม่ตรงตามรูป,No,11.0,3.44
101609,1116,Somkiat Chaiyaporn,somkiat.chaiyaporn118@yahoo.com,Ultra Wallet 323,Home & Living,658.66,2,5.0,1251.45,2024-07-24,Rayong,Chonburi,Bank Transfer,Completed,,โอเคสำหรับราคานี้,No,2.0,1.49
100896,2081,Rungnapa Wattana,rungnapa.wattana829@hotmail.com,Eco Watch 888,Home & Living,609.19,8,25.0,3655.14,2025-05-20,Rayong,Chonburi,Credit Card,Shipped,3.0,แพ็คเกจไม่แน่นหนา,No,1.0,0.89
101786,1804,Ratana Sinthop,ratana.sinthop170@hotmail.com,Max Notebook 394,Books,761.3,7,20.0,4263.28,2023-02-06,Chiang Rai,Chonburi,,Completed,5.0,จะกลับมาซื้อซ้ำแน่นอน,Yes,1.0,2.78
101025,1794,Chaiyot Saelim,chaiyot.saelim592@hotmail.com,Lite Headphone 805,Books,1235.98,6,10.0,6674.29,2024-01-24,Ubon Ratchathani,Bangkok,Installment,Returned,,,Yes,13.0,0.34
104903,2036,Wilai Naruemon,wilai.naruemon547@yahoo.com,Eco Desk 506,Sports,285.26,8,30.0,1597.46,2025-09-30,Lampang,Udon Thani,TrueMoney Wallet,Shipped,,,No,6.0,0.95
100812,2122,Anan Boonmee,anan.boonmee311@yahoo.com,Max Mouse 377,Sports,126.81,2,5.0,,2023-12-21,Lampang,Bangkok,Installment,Completed,3.0,จะกลับมาซื้อซ้ำแน่นอน,Yes,6.0,0.18
100720,1396,Nittaya Srisuk,nittaya.srisuk367@hotmail.com,Mini Lamp 520,Automotive,264.05,7,0.0,1848.35,2024-05-16,Buriram,Udon Thani,Bank Transfer,Completed,,บริการลูกค้าดีเยี่ยม,Yes,4.0,4.3
102749,2925,Boonmee Kaewkla,boonmee.kaewkla58@outlook.com,Pro Watch 353,Health,117.08,9,0.0,1053.72,2025-04-15,Chiang Mai,Rayong,TrueMoney Wallet,Processing,4.0,สีไม่ตรงตามรูป,Yes,2.0,2.37
103492,2196,Niran Boonmee,niran.boonmee534@yahoo.com,Ultra Watch 132,Automotive,169.54,2,0.0,339.08,2024-01-11,Nakhon Si Thammarat,Nonthaburi,TrueMoney Wallet,Shipped,,,No,8.0,2.71
102231,2882,Somsri Sinthop,,Smart Jacket 592,Home & Living,459.44,9,15.0,3514.72,2024-08-14,Nonthaburi,Songkhla,TrueMoney Wallet,Completed,,,Yes,10.0,0.38
103535,1519,Chatchai Prasertsak,chatchai.prasertsak873@outlook.com,Mini Pillow 554,Groceries,1173.12,7,0.0,8211.84,2024-02-17,Chiang Mai,Chonburi,TrueMoney Wallet,Processing,,บริการลูกค้าดีเยี่ยม,No,8.0,0.3
100602,1119,Duangjai Kaewkla,duangjai.kaewkla196@hotmail.com,Lite Headphone 897,Toys,885.73,8,10.0,6377.26,2025-05-06,Nakhon Ratchasima,Nonthaburi,Bank Transfer,Shipped,,แพ็คเกจไม่แน่นหนา,No,9.0,4.42
103826,1398,Suchart Chaiyaporn,suchart.chaiyaporn742@yahoo.com,Lite Keyboard 785,Books,214.44,1,25.0,160.83,2023-09-06,Sakon Nakhon,Bangkok,Installment,Cancelled,1.0,,No,4.0,0.68
103275,1577,Rungnapa Prasertsak,rungnapa.prasertsak935@yahoo.com,Mini Bottle 696,Books,425.19,9,,3826.71,2024-07-02,Bangkok,Nonthaburi,Credit Card,Completed,,ส่งไวมาก ประทับใจ,Yes,6.0,0.36
103126,2914,Niran Phetcharat,niran.phetcharat180@outlook.com,Eco Wallet 310,Electronics,462.96,1,0.0,462.96,2023-07-07,Rayong,Chiang Mai,PromptPay,Shipped,4.0,สินค้าดีมาก คุ้มราคา,No,13.0,1.32
103503,2528,Suchart Intharak,suchart.intharak116@outlook.com,Ultra Keyboard 669,Groceries,,8,0.0,3052.32,2024-07-09,Nakhon Si Thammarat,Nakhon Ratchasima,COD,Returned,,,No,13.0,1.17
100318,1197,Chatchai Yodying,chatchai.yodying306@outlook.com,Lite Camera 704,Books,428.29,9,0.0,3854.61,2024-08-16,Chiang Rai,Udon Thani,TrueMoney Wallet,Completed,,,No,,1.56
104746,1058,Yupin Thongdee,yupin.thongdee279@yahoo.com,Smart Chair 408,Beauty,863.14,9,10.0,6991.43,2024-03-05,Sakon Nakhon,Songkhla,TrueMoney Wallet,Shipped,5.0,ใช้งานได้ตามที่คาดหวัง,Yes,9.0,3.63
102311,1988,,boonmee.wattana479@hotmail.com,Mini Backpack 559,Fashion,846.69,4,0.0,3386.76,2023-05-17,Lampang,Songkhla,Credit Card,Completed,2.0,,No,,1.05
100274,1441,Orawan Intharak,orawan.intharak487@hotmail.com,Max Keyboard 741,Health,369.87,2,15.0,628.78,2023-03-28,Lampang,Chonburi,Credit Card,Completed,5.0,,Yes,4.0,0.32
101892,1806,Rungnapa Intharak,rungnapa.intharak108@yahoo.com,Max Chair 834,Beauty,362.14,7,0.0,2534.98,2025-09-27,Udon Thani,Rayong,Bank Transfer,Returned,5.0,ส่งไวมาก ประทับใจ,Yes,,0.67
100549,2115,Nittaya Saelim,nittaya.saelim875@yahoo.com,Ultra Desk 742,Books,395.51,8,0.0,3164.08,2024-12-13,Nonthaburi,Bangkok,,Completed,4.0,,Yes,13.0,1.61
104091,2095,Pichit Thongdee,pichit.thongdee569@yahoo.com,Pro Blender 462,Sports,400.4,9,0.0,3603.6,2025-02-06,Khon Kaen,Phuket,Credit Card,Returned,,,No,14.0,0.43
100838,1657,Somchai Wattana,somchai.wattana504@outlook.com,Mini Camera 484,Automotive,882.09,8,,7056.72,2024-02-25,Rayong,Phuket,COD,Returned,1.0,ใช้งานได้ตามที่คาดหวัง,No,8.0,2.25
104917,1905,Somsri Chaiyaporn,somsri.chaiyaporn426@hotmail.com,Max Keyboard 782,Electronics,141.03,4,10.0,507.71,2025-02-03,Nong Khai,Khon Kaen,Credit Card,Completed,3.0,ส่งไวมาก ประทับใจ,No,6.0,0.28
104731,1121,Anan Chotirat,anan.chotirat938@hotmail.com,Lite Camera 184,Toys,615.69,9,0.0,5541.21,2025-12-18,Phuket,Khon Kaen,TrueMoney Wallet,Cancelled,3.0,,Yes,4.0,2.23
100605,2627,Yupin Sukjai,yupin.sukjai289@yahoo.com,Mini Chair 297,Groceries,263.35,9,0.0,2370.15,2025-06-02,Pattaya,Nakhon Ratchasima,Credit Card,Shipped,5.0,,Yes,3.0,
104481,2159,Kanya Srisuk,,Max Blender 529,Beauty,,-1,20.0,3574.85,2023-06-11,Rayong,Chonburi,COD,Completed,3.0,,Yes,14.0,0.55
100527,1537,Orawan Prasertsak,orawan.prasertsak183@hotmail.com,Mini Watch 971,Fashion,135.67,4,20.0,434.14,2025-08-16,Ubon Ratchathani,Bangkok,Installment,Completed,4.0,ของมาช้ากว่ากำหนด,No,3.0,1.18
103094,2620,Nittaya Rattanakul,nittaya.rattanakul706@outlook.com,Eco Bottle 816,Toys,477.98,4,0.0,1911.92,2025-06-29,Nakhon Si Thammarat,Rayong,PromptPay,Completed,3.0,จะกลับมาซื้อซ้ำแน่นอน,Yes,11.0,1.51
102378,2562,Boonmee Naruemon,boonmee.naruemon552@gmail.com,Eco Headphone 876,Fashion,653.41,7,0.0,4573.87,2024-04-28,Nakhon Si Thammarat,Songkhla,Bank Transfer,Completed,,ของมาช้ากว่ากำหนด,No,12.0,2.88
104150,2283,Kittisak Naruemon,kittisak.naruemon662@yahoo.com,Eco Headphone 231,Fashion,616.68,6,20.0,2960.06,2024-04-02,Khon Kaen,Khon Kaen,Installment,Completed,5.0,,No,1.0,0.11
103822,2283,Duangjai Panyawong,duangjai.panyawong59@gmail.com,Lite Wallet 533,Automotive,197.03,5,5.0,935.89,2024-01-21,Nakhon Si Thammarat,Phuket,Installment,Completed,,,No,11.0,0.4
104850,2771,Chatchai Chaiyaporn,chatchai.chaiyaporn836@yahoo.com,Ultra Wallet 449,Beauty,484.99,3,0.0,1454.97,2024-01-20,Trang,Chiang Mai,Installment,Processing,,แพ็คเกจไม่แน่นหนา,No,14.0,1.72
101849,2652,Duangjai Chaiyaporn,duangjai.chaiyaporn403@yahoo.com,Ultra Headphone 197,Beauty,201.94,4,0.0,807.76,2024-04-10,Lampang,Nonthaburi,,Returned,5.0,ใช้งานได้ตามที่คาดหวัง,Yes,12.0,0.17
100298,2153,Anucha Phetcharat,anucha.phetcharat282@hotmail.com,Max Watch 121,Books,1002.72,6,0.0,6016.32,2023-12-11,Trang,Bangkok,Credit Card,Completed,3.0,,No,7.0,4.32
103982,2687,Orawan Intharak,orawan.intharak647@yahoo.com,Mini Notebook 664,Electronics,371.45,9,15.0,2841.59,2024-05-19,Nakhon Si Thammarat,Nonthaburi,TrueMoney Wallet,Completed,,,Yes,11.0,1.48
103459,1624,Chaiyot Chotirat,chaiyot.chotirat711@hotmail.com,Ultra Wallet 499,Automotive,91.85,1,30.0,64.29,2023-04-10,Bangkok,Nonthaburi,Credit Card,Completed,,ใช้งานได้ตามที่คาดหวัง,No,3.0,0.11
103026,2941,Thawatchai Chantra,thawatchai.chantra161@hotmail.com,Ultra Keyboard 460,Sports,474.83,4,10.0,1709.39,2025-03-26,Krabi,Chonburi,Credit Card,Completed,,,No,2.0,0.65
104201,2783,Pranee Wattana,pranee.wattana938@yahoo.com,Max Jacket 952,Home & Living,499.95,3,0.0,1499.85,2023-04-08,Nonthaburi,Udon Thani,PromptPay,Completed,3.0,,Yes,2.0,1.0
104450,2936,Siriporn Kaewkla,siriporn.kaewkla961@hotmail.com,Plus Watch 645,Groceries,513.36,5,25.0,1925.1,2025-02-16,Chiang Rai,Bangkok,TrueMoney Wallet,Completed,4.0,,No,7.0,0.96
104882,1902,Wilai Yodying,wilai.yodying486@outlook.com,Smart Jacket 824,Fashion,587.6,6,0.0,3525.6,2023-08-08,Nakhon Ratchasima,Udon Thani,TrueMoney Wallet,Processing,3.0,,No,11.0,0.86
101595,2854,Somchai Saelim,somchai.saelim229@outlook.com,Ultra Bottle 906,Fashion,228.01,2,0.0,456.02,2023-07-07,Udon Thani,Chiang Mai,COD,Completed,5.0,ส่งไวมาก ประทับใจ,Yes,12.0,0.43
104639,2657,Prasert Phetcharat,prasert.phetcharat867@hotmail.com,Eco Mouse 544,Home & Living,504.86,2,15.0,858.26,2023-10-03,Nong Khai,Nonthaburi,Installment,Completed,,,No,9.0,0.68
101720,2031,Pichit Wongsawat,pichit.wongsawat647@outlook.com,Eco Watch 802,Toys,808.04,7,15.0,4807.84,2023-05-17,Lampang,Nonthaburi,Bank Transfer,Completed,2.0,,No,2.0,5.16
100756,2417,Rungnapa Chotirat,rungnapa.chotirat666@yahoo.com,Eco Jacket 910,Groceries,649.64,7,5.0,4320.11,2025-09-03,Nakhon Si Thammarat,Bangkok,COD,Completed,,,No,11.0,3.79
102567,1808,Kittisak Naruemon,kittisak.naruemon298@hotmail.com,Eco Backpack 505,Home & Living,474.71,8,15.0,3228.03,2024-04-12,Chiang Mai,Bangkok,Installment,Processing,5.0,,No,1.0,2.05
102856,1703,Pichit Chotirat,pichit.chotirat742@hotmail.com,Max Headphone 160,Electronics,526.36,2,0.0,1052.72,2025-11-27,Udon Thani,Phuket,Credit Card,Shipped,,,Yes,10.0,0.56
104026,2854,Suree Sukjai,suree.sukjai13@gmail.com,Plus Lamp 352,Home & Living,409.83,2,25.0,614.74,2025-05-31,Nakhon Ratchasima,Nonthaburi,Credit Card,Cancelled,3.0,,No,1.0,0.9
104116,1928,Anan Boonmee,anan.boonmee803@yahoo.com,Ultra Keyboard 312,Groceries,1360.46,3,5.0,3877.31,2025-11-07,Nong Khai,Khon Kaen,Credit Card,Returned,,,Yes,,0.49
104725,1124,Duangjai Chotirat,,Max Notebook 618,Automotive,,9,20.0,6495.84,2024-03-24,Udon Thani,Rayong,Bank Transfer,Processing,,บริการลูกค้าดีเยี่ยม,No,14.0,2.09
104102,1467,Niran Chaiyaporn,,Mini Pillow 530,Fashion,194.73,8,15.0,1324.16,2023-09-02,Nakhon Ratchasima,Chiang Mai,COD,Completed,,บริการลูกค้าดีเยี่ยม,No,2.0,0.37
101877,2728,Chatchai Sinthop,chatchai.sinthop592@outlook.com,Ultra Notebook 673,Automotive,1323.42,1,0.0,1323.42,2025-03-04,,Khon Kaen,COD,Completed,5.0,ส่งไวมาก ประทับใจ,Yes,1.0,4.41
100376,2183,Malee Chaiyaporn,malee.chaiyaporn781@outlook.com,Max Desk 403,Health,,4,,2294.17,2023-08-12,Buriram,Chiang Mai,COD,Shipped,4.0,บริการลูกค้าดีเยี่ยม,Yes,11.0,1.99
103827,2733,Sombat Sinthop,sombat.sinthop380@gmail.com,Lite Watch 102,Beauty,362.17,1,0.0,362.17,2024-08-18,Nonthaburi,Chiang Mai,Bank Transfer,Processing,,สินค้าดีมาก คุ้มราคา,No,7.0,2.78
101073,1673,Wichai Chaiyaporn,wichai.chaiyaporn132@hotmail.com,Pro Mouse 935,Beauty,254.53,5,0.0,1272.65,2023-07-31,Nakhon Si Thammarat,Rayong,TrueMoney Wallet,Completed,1.0,จะกลับมาซื้อซ้ำแน่นอน,No,13.0,1.2
104081,1267,Wilai Boonmee,wilai.boonmee827@hotmail.com,Lite Pillow 915,Sports,561.43,8,0.0,4491.44,2023-12-29,Buriram,Udon Thani,Credit Card,Cancelled,,,Yes,8.0,1.92
101755,1822,Pichit Saelim,pichit.saelim216@outlook.com,Plus Mouse 654,Books,450.54,7,0.0,3153.78,2023-06-02,Nakhon Si Thammarat,Nakhon Ratchasima,TrueMoney Wallet,Processing,4.0,,Yes,10.0,1.46
100378,1008,Niran Wongsawat,niran.wongsawat807@gmail.com,Pro Headphone 985,Electronics,1531.15,3,15.0,3904.43,2025-08-29,Hat Yai,Nonthaburi,Bank Transfer,Completed,5.0,,No,8.0,0.34
103760,1515,Ratana Yodying,ratana.yodying847@hotmail.com,Smart Wallet 706,Electronics,411.07,4,10.0,1479.85,2023-03-21,Chiang Rai,Rayong,COD,Returned,3.0,,No,6.0,0.97
103864,1916,Ratana Sinthop,ratana.sinthop137@hotmail.com,Eco Chair 397,Beauty,1083.01,9,0.0,9747.09,2023-07-08,Phuket,Udon Thani,TrueMoney Wallet,Completed,,,No,5.0,0.12
101129,1137,Siriporn Chantra,siriporn.chantra98@yahoo.com,Mini Notebook 833,Fashion,212.29,5,10.0,955.3,2023-09-23,Khon Kaen,Udon Thani,PromptPay,Completed,5.0,จะกลับมาซื้อซ้ำแน่นอน,Yes,3.0,0.19
104420,2573,Chomphunut Sukjai,chomphunut.sukjai681@hotmail.com,Smart Backpack 415,Beauty,1090.6,7,,6870.78,2025-08-24,Udon Thani,Bangkok,Bank Transfer,Completed,4.0,ส่งไวมาก ประทับใจ,No,,0.17
102945,1497,Somchai Meesuk,somchai.meesuk941@outlook.com,Pro Keyboard 439,Health,540.59,4,0.0,2162.36,2024-01-29,Krabi,Khon Kaen,Credit Card,Returned,4.0,สินค้าดีมาก คุ้มราคา,No,14.0,1.38
102194,2560,Yupin Chantra,yupin.chantra24@hotmail.com,Ultra Watch 300,Automotive,248.42,7,0.0,1738.94,2024-05-03,Khon Kaen,Udon Thani,COD,Completed,,,No,6.0,0.18
101699,1830,Chaiyot Panyawong,chaiyot.panyawong275@yahoo.com,Max Pillow 707,Beauty,,8,5.0,3584.24,2023-01-24,Buriram,Chonburi,PromptPay,Cancelled,5.0,,No,7.0,7.18
103591,2992,Duangjai Saelim,,Pro Headphone 825,Home & Living,1672.43,3,0.0,5017.29,2024-02-08,Nong Khai,Bangkok,COD,Completed,,ใช้งานได้ตามที่คาดหวัง,No,4.0,2.26
102751,2274,Ploy Chantra,ploy.chantra322@gmail.com,Max Headphone 425,Electronics,178.18,9,0.0,1603.62,2023-11-28,Trang,Rayong,Credit Card,Completed,,แพ็คเกจไม่แน่นหนา,No,8.0,2.42
102144,2911,Chaiyot Sukjai,chaiyot.sukjai599@outlook.com,Smart Charger 972,Health,479.33,3,,1366.09,2025-01-07,Pattaya,Nonthaburi,Installment,Completed,5.0,,Yes,11.0,1.1
102302,2256,Chomphunut Wattana,chomphunut.wattana350@outlook.com,Plus Chair 116,Automotive,214.17,9,0.0,1927.53,2023-10-31,Krabi,Rayong,COD,Completed,5.0,,No,12.0,0.43
101375,1689,Duangjai Naruemon,,Eco Jacket 207,Home & Living,392.18,8,0.0,3137.44,2024-03-20,Bangkok,Rayong,Bank Transfer,Cancelled,5.0,,No,5.0,2.88
100794,1395,Ploy Panyawong,ploy.panyawong929@hotmail.com,Plus Keyboard 836,Beauty,248.02,3,0.0,744.06,2023-11-25,Phuket,Bangkok,Installment,Shipped,5.0,บริการลูกค้าดีเยี่ยม,No,1.0,1.05
102762,1796,Niran Chantra,niran.chantra845@hotmail.com,Plus Chair 595,Groceries,152.52,8,0.0,1220.16,2024-07-24,Phuket,Bangkok,COD,Shipped,5.0,,No,12.0,3.08
101666,2759,Chatchai Prasertsak,chatchai.prasertsak424@outlook.com,Ultra Backpack 434,Books,1093.03,8,0.0,8744.24,2025-06-18,Chiang Mai,Khon Kaen,Installment,Completed,3.0,,Yes,1.0,0.77
102157,2596,Kanya Srisuk,kanya.srisuk118@gmail.com,Smart Wallet 820,Automotive,721.38,4,5.0,2741.24,2024-03-20,Lampang,Udon Thani,Credit Card,Completed,,,No,10.0,1.05
100175,2762,Anan Meesuk,anan.meesuk454@hotmail.com,Pro Keyboard 154,Health,793.31,9,30.0,4997.85,2024-11-18,Pattaya,Chiang Mai,TrueMoney Wallet,Completed,2.0,,Yes,13.0,0.99
101052,2108,Thawatchai Meesuk,thawatchai.meesuk377@gmail.com,Eco Bottle 924,Groceries,235.83,3,10.0,636.74,2025-09-28,Bangkok,Bangkok,Bank Transfer,Completed,3.0,,No,,4.71
102776,1489,Somchai Saelim,somchai.saelim187@gmail.com,Ultra Sneaker 594,Electronics,654.09,5,15.0,2779.88,2023-03-21,Rayong,Songkhla,TrueMoney Wallet,Completed,4.0,สินค้าดีมาก คุ้มราคา,No,14.0,0.25
104163,1195,Niran Chaiyaporn,niran.chaiyaporn996@yahoo.com,Smart Speaker 527,Fashion,572.85,1,0.0,572.85,2023-07-21,Trang,Udon Thani,Credit Card,Completed,2.0,โอเคสำหรับราคานี้,No,12.0,0.46
100045,1975,Malee Naruemon,malee.naruemon184@hotmail.com,Eco Headphone 162,Toys,706.16,1,0.0,706.16,2025-11-19,Lampang,Chonburi,COD,Returned,5.0,บริการลูกค้าดีเยี่ยม,No,11.0,3.79
103043,1719,Anan Prasertsak,anan.prasertsak975@yahoo.com,Plus Speaker 940,Toys,267.3,4,5.0,1015.74,2023-06-25,Pattaya,Khon Kaen,PromptPay,Returned,4.0,,No,1.0,3.54
102305,2854,Malee Thongdee,malee.thongdee827@gmail.com,Ultra Mouse 787,Toys,672.56,2,0.0,1345.12,2024-06-03,Krabi,Rayong,Installment,Returned,4.0,,No,3.0,1.1
103872,1637,,anan.naruemon219@outlook.com,Eco Camera 990,Fashion,144.44,5,30.0,505.54,2024-09-09,Udon Thani,Chonburi,Bank Transfer,Shipped,,,Yes,14.0,1.01
104782,1138,Somsri Boonmee,somsri.boonmee608@outlook.com,Max Mouse 799,Sports,561.7,5,20.0,2246.8,2024-01-25,Krabi,Phuket,COD,Completed,,,No,6.0,0.17
101539,1549,Orawan Meesuk,orawan.meesuk998@hotmail.com,Mini Keyboard 274,Health,850.09,1,25.0,637.57,2025-05-06,Ubon Ratchathani,Nakhon Ratchasima,Installment,Completed,3.0,โอเคสำหรับราคานี้,No,4.0,2.17
103824,2775,Boonmee Saelim,boonmee.saelim420@gmail.com,Lite Watch 502,Health,332.02,1,0.0,332.02,2025-08-20,Bangkok,Phuket,Bank Transfer,Completed,,ใช้งานได้ตามที่คาดหวัง,Yes,3.0,0.13
102389,1868,Suree Boonmee,suree.boonmee710@hotmail.com,Eco Jacket 738,Home & Living,278.24,2,15.0,473.01,2024-07-21,Udon Thani,Udon Thani,Installment,Completed,1.0,โอเคสำหรับราคานี้,Yes,,7.49
103612,2654,Wilai Meesuk,wilai.meesuk328@yahoo.com,Eco Wallet 168,Groceries,,6,5.0,670.15,2023-03-17,Bangkok,Nakhon Ratchasima,PromptPay,Processing,4.0,ส่งไวมาก ประทับใจ,Yes,3.0,0.86
103751,1941,Suree Phetcharat,suree.phetcharat75@hotmail.com,Smart Notebook 196,Toys,1092.4,2,0.0,2184.8,2023-10-03,Nakhon Ratchasima,Chonburi,COD,Cancelled,,,Yes,,1.89
101718,2414,Chomphunut Intharak,chomphunut.intharak102@hotmail.com,Eco Camera 596,Sports,483.77,2,0.0,967.54,2023-07-11,Phuket,Nonthaburi,Installment,Completed,,,Yes,1.0,1.94
104510,2064,Somkiat Boonmee,,Pro Notebook 746,Home & Living,395.43,1,15.0,336.12,2024-09-17,Pattaya,Bangkok,TrueMoney Wallet,Completed,5.0,,No,4.0,3.33
102458,1500,Yupin Chotirat,yupin.chotirat450@hotmail.com,Max Chair 658,Automotive,348.8,2,20.0,558.08,2025-03-16,Bangkok,Udon Thani,Installment,Returned,5.0,,No,3.0,2.57
100283,2648,Niran Sinthop,niran.sinthop348@gmail.com,Plus Charger 760,Beauty,532.04,5,0.0,2660.2,2024-04-23,Chiang Mai,Songkhla,Credit Card,Completed,5.0,ใช้งานได้ตามที่คาดหวัง,Yes,14.0,0.66
101566,2828,Somkiat Panyawong,somkiat.panyawong466@yahoo.com,Eco Chair 142,Electronics,110.43,5,0.0,552.15,2025-06-17,Buriram,Chiang Mai,TrueMoney Wallet,Completed,4.0,สินค้าดีมาก คุ้มราคา,Yes,9.0,0.93
101893,1743,Chaiyot Wongsawat,chaiyot.wongsawat214@yahoo.com,Max Backpack 390,Toys,216.4,1,0.0,216.4,2023-11-17,Bangkok,Chiang Mai,TrueMoney Wallet,Processing,,,No,12.0,1.66
102251,2193,Pichit Srisuk,pichit.srisuk185@yahoo.com,Ultra Backpack 853,Electronics,645.97,2,10.0,1162.75,2025-12-01,Sakon Nakhon,Rayong,TrueMoney Wallet,Completed,,,Yes,3.0,0.12
104468,2314,Ratana Prasertsak,,Pro Watch 403,Home & Living,291.05,9,0.0,2619.45,2025-03-26,Hat Yai,Rayong,Bank Transfer,Completed,,,Yes,2.0,0.45
104789,2303,Kanya Rattanakul,kanya.rattanakul53@gmail.com,Plus Sneaker 712,Toys,1296.41,1,25.0,972.31,2023-02-04,Nong Khai,Khon Kaen,Credit Card,Completed,4.0,สีไม่ตรงตามรูป,Yes,7.0,1.42
101200,2144,Niran Chotirat,niran.chotirat412@yahoo.com,Pro Notebook 136,Sports,507.18,4,15.0,1724.41,2025-11-23,Surat Thani,Chonburi,COD,Processing,4.0,,No,4.0,2.14
102099,1584,Anan Thongdee,,Ultra Bottle 431,Automotive,424.64,1,5.0,403.41,2025-07-17,Bangkok,Phuket,PromptPay,Completed,4.0,,No,4.0,0.64
102057,2164,Chatchai Meesuk,chatchai.meesuk516@yahoo.com,Smart Chair 943,Books,206.87,5,0.0,1034.35,2025-02-22,Bangkok,Songkhla,Bank Transfer,Returned,1.0,แพ็คเกจไม่แน่นหนา,Yes,7.0,0.28
102588,2756,Yupin Sukjai,yupin.sukjai21@gmail.com,Eco Mouse 781,Home & Living,976.03,6,5.0,5563.37,2024-12-03,Buriram,Songkhla,TrueMoney Wallet,Returned,2.0,แพ็คเกจไม่แน่นหนา,Yes,11.0,0.55
101770,1081,Rungnapa Rattanakul,rungnapa.rattanakul222@yahoo.com,Lite Notebook 219,Beauty,485.8,1,0.0,485.8,2024-02-26,Khon Kaen,Chiang Mai,PromptPay,Cancelled,2.0,,No,5.0,1.6
104923,2227,Anucha Wattana,anucha.wattana79@hotmail.com,Pro Speaker 180,Beauty,1293.83,5,20.0,5175.32,2023-05-16,,Nakhon Ratchasima,Installment,Completed,4.0,คุณภาพต่ำกว่าที่คิด,Yes,6.0,5.34
104854,2022,Somchai Sinthop,somchai.sinthop8@hotmail.com,Ultra Jacket 796,Health,313.84,6,0.0,1883.04,2023-09-28,Buriram,Udon Thani,Installment,Processing,2.0,ส่งไวมาก ประทับใจ,No,11.0,0.38
101029,2633,Somchai Panyawong,somchai.panyawong824@hotmail.com,Ultra Blender 593,Sports,1051.21,8,0.0,8409.68,2024-07-13,Hat Yai,Nonthaburi,PromptPay,Processing,,ของมาช้ากว่ากำหนด,Yes,6.0,2.0
101090,1766,Duangjai Chantra,duangjai.chantra243@gmail.com,Pro Camera 834,Toys,502.51,7,30.0,2462.3,2023-11-17,Sakon Nakhon,Songkhla,Credit Card,Cancelled,5.0,,No,10.0,1.07
103574,1373,Ploy Prasertsak,ploy.prasertsak983@hotmail.com,Lite Blender 409,Fashion,143.61,9,0.0,1292.49,2024-01-14,Bangkok,Nakhon Ratchasima,Installment,Returned,,,No,12.0,0.3
104582,2842,Duangjai Thongdee,duangjai.thongdee255@yahoo.com,Max Camera 551,Electronics,429.58,2,20.0,687.33,2023-11-18,Buriram,Songkhla,PromptPay,Completed,,,No,12.0,0.59
104399,2088,Pranee Chaiyaporn,pranee.chaiyaporn235@outlook.com,Smart Sneaker 419,Home & Living,217.31,1,15.0,184.71,2023-10-24,Rayong,Khon Kaen,Bank Transfer,Completed,4.0,บริการลูกค้าดีเยี่ยม,No,5.0,
104902,1836,Prasert Meesuk,prasert.meesuk509@hotmail.com,Smart Desk 642,Books,1525.11,8,0.0,12200.88,2025-08-10,Nonthaburi,Rayong,COD,Completed,,,Yes,12.0,1.31
102583,2590,Nittaya Chotirat,,Smart Backpack 445,Electronics,658.48,7,20.0,3687.49,2024-07-05,Surat Thani,Chonburi,Bank Transfer,Completed,,,No,10.0,0.2
100099,1401,Anan Boonmee,anan.boonmee567@gmail.com,Smart Pillow 465,Beauty,724.97,2,0.0,1449.94,2023-08-17,,Chiang Mai,TrueMoney Wallet,Shipped,5.0,,Yes,11.0,2.23
102217,1592,Kanya Chotirat,kanya.chotirat973@outlook.com,Ultra Pillow 109,Health,650.51,9,0.0,,2025-01-19,Sakon Nakhon,Khon Kaen,Bank Transfer,Returned,5.0,ของมาช้ากว่ากำหนด,Yes,9.0,0.37
101345,2049,Wichai Rattanakul,wichai.rattanakul740@hotmail.com,Smart Sneaker 619,Sports,472.36,3,10.0,1275.37,2025-01-07,Buriram,Chonburi,Installment,Completed,5.0,,No,5.0,1.36
104048,2946,Nittaya Intharak,nittaya.intharak410@yahoo.com,Plus Camera 680,Sports,723.68,3,0.0,2171.04,2025-09-26,Buriram,Chonburi,Bank Transfer,Cancelled,3.0,ส่งไวมาก ประทับใจ,No,1.0,0.69
101242,2531,Anucha Naruemon,anucha.naruemon297@yahoo.com,Plus Notebook 966,Groceries,429.33,7,0.0,3005.31,2024-03-27,Pattaya,Khon Kaen,PromptPay,Processing,,,Yes,8.0,0.25
100351,1871,Suchart Yodying,suchart.yodying280@yahoo.com,Mini Camera 266,Sports,240.57,6,5.0,1371.25,2024-12-27,Lampang,Bangkok,PromptPay,Completed,5.0,,No,12.0,4.41
102770,1836,Orawan Wattana,orawan.wattana575@yahoo.com,Smart Notebook 893,Beauty,848.69,6,,4582.93,2025-05-08,Hat Yai,Phuket,TrueMoney Wallet,Returned,5.0,,Yes,11.0,0.72
102651,2961,Boonmee Yodying,boonmee.yodying536@yahoo.com,Smart Notebook 641,Home & Living,835.47,5,0.0,,2023-03-25,,Phuket,TrueMoney Wallet,Processing,,,No,6.0,1.43
101543,1814,Ploy Panyawong,ploy.panyawong515@hotmail.com,Eco Sneaker 918,Sports,207.16,7,0.0,1450.12,2023-12-10,Hat Yai,Nonthaburi,COD,Completed,5.0,บริการลูกค้าดีเยี่ยม,No,7.0,3.85
101183,1837,Duangjai Thongdee,,Plus Sneaker 660,Electronics,1047.89,4,0.0,4191.56,2024-01-25,Nakhon Ratchasima,Khon Kaen,COD,Cancelled,4.0,ใช้งานได้ตามที่คาดหวัง,Yes,14.0,1.29
100718,2579,Boonmee Chantra,boonmee.chantra694@yahoo.com,Eco Lamp 933,Beauty,574.68,4,15.0,1953.91,2024-08-23,Surat Thani,Chonburi,PromptPay,Cancelled,,,No,9.0,1.63
103138,2562,Yupin Thongdee,yupin.thongdee373@gmail.com,Max Backpack 565,Automotive,578.13,1,10.0,520.32,2025-03-30,Nakhon Si Thammarat,Khon Kaen,Credit Card,Completed,,จะกลับมาซื้อซ้ำแน่นอน,No,2.0,0.71
103946,1491,Boonmee Chantra,boonmee.chantra444@yahoo.com,Plus Notebook 130,Health,608.69,2,30.0,852.17,2025-11-11,Buriram,Chonburi,PromptPay,Completed,5.0,สินค้าดีมาก คุ้มราคา,No,5.0,0.73
101551,1957,Rungnapa Phetcharat,,Mini Wallet 208,BOOKS,636.26,4,0.0,2545.04,2024-06-04,Trang,Bangkok,TrueMoney Wallet,Shipped,5.0,ส่งไวมาก ประทับใจ,Yes,1.0,1.39
100308,1202,Somsri Meesuk,somsri.meesuk102@hotmail.com,Eco Headphone 867,Health,310.58,2,0.0,621.16,2025-05-08,Nonthaburi,Nonthaburi,TrueMoney Wallet,Completed,,ของมาช้ากว่ากำหนด,Yes,12.0,0.61
101647,1155,Chatchai Panyawong,chatchai.panyawong512@yahoo.com,Plus Headphone 117,Sports,413.86,2,0.0,827.72,2025-11-11,Sakon Nakhon,Phuket,Credit Card,Completed,,แพ็คเกจไม่แน่นหนา,No,14.0,2.63
100833,2186,Thawatchai Meesuk,thawatchai.meesuk140@outlook.com,Mini Speaker 481,Electronics,181.83,7,5.0,,2025-11-13,Nonthaburi,Songkhla,Credit Card,Returned,5.0,,Yes,2.0,0.73
100366,2016,Chomphunut Sinthop,chomphunut.sinthop280@hotmail.com,Max Mouse 110,Electronics,614.11,1,,614.11,2024-09-21,Lampang,Bangkok,PromptPay,Completed,,,No,,2.33
103102,2776,Kanya Kaewkla,kanya.kaewkla902@yahoo.com,Mini Wallet 737,Books,199.35,8,0.0,1594.8,2025-08-24,Pattaya,Nonthaburi,Credit Card,Processing,,จะกลับมาซื้อซ้ำแน่นอน,No,9.0,2.47
104969,2997,Somchai Saelim,somchai.saelim608@hotmail.com,Eco Speaker 950,Automotive,786.37,2,0.0,1572.74,2023-12-20,Chiang Mai,Songkhla,COD,Completed,5.0,,No,11.0,1.54
100944,2438,Rungnapa Panyawong,rungnapa.panyawong675@gmail.com,Pro Lamp 115,Fashion,684.99,6,15.0,3493.45,2023-09-12,Ubon Ratchathani,Udon Thani,COD,Cancelled,4.0,จะกลับมาซื้อซ้ำแน่นอน,No,14.0,1.24
103813,2326,Rungnapa Chaiyaporn,rungnapa.chaiyaporn518@gmail.com,Mini Chair 612,Groceries,772.62,5,0.0,3863.1,2023-04-26,Hat Yai,Bangkok,Credit Card,Shipped,,,No,2.0,0.15
102575,1086,Pichit Phetcharat,pichit.phetcharat811@outlook.com,Ultra Chair 864,Automotive,883.55,4,20.0,2827.36,2024-12-01,Lampang,Nakhon Ratchasima,Installment,Completed,4.0,,No,11.0,4.03
101135,2875,Kanya Rattanakul,kanya.rattanakul970@outlook.com,Lite Speaker 435,Toys,447.48,2,0.0,894.96,2023-11-13,Rayong,Nakhon Ratchasima,PromptPay,Completed,,,No,,5.67
100019,1130,Chatchai Panyawong,,Plus Camera 297,Home & Living,428.78,5,10.0,1929.51,2023-01-10,Nonthaburi,Phuket,Credit Card,Shipped,4.0,,Yes,2.0,0.57
104463,2644,Yupin Saelim,yupin.saelim248@yahoo.com,Smart Sneaker 301,Groceries,629.97,3,20.0,1511.93,2023-09-08,Phuket,Bangkok,Bank Transfer,Shipped,2.0,,No,1.0,5.24
101215,2890,Ratana Phetcharat,ratana.phetcharat673@outlook.com,Lite Sneaker 800,Sports,362.57,2,0.0,725.14,2024-07-24,,Udon Thani,Bank Transfer,Completed,5.0,,Yes,,1.19
104388,2952,Kanya Phetcharat,kanya.phetcharat437@gmail.com,Smart Backpack 746,Toys,1082.73,4,,4330.92,2023-06-15,Bangkok,Bangkok,COD,Shipped,,โอเคสำหรับราคานี้,No,8.0,0.15
100218,2109,Niran Sukjai,niran.sukjai587@gmail.com,Mini Speaker 825,Fashion,391.63,4,10.0,1409.87,2024-02-10,Chiang Rai,Songkhla,Credit Card,Completed,,ใช้งานได้ตามที่คาดหวัง,Yes,8.0,0.64
103758,2142,Suree Wongsawat,suree.wongsawat676@yahoo.com,Ultra Bottle 261,Home & Living,136.77,6,0.0,820.62,2024-02-08,Nonthaburi,Songkhla,COD,Returned,4.0,แพ็คเกจไม่แน่นหนา,No,7.0,
100438,2045,Suchart Chantra,suchart.chantra607@yahoo.com,Eco Keyboard 725,Books,252.26,7,0.0,1765.82,2023-07-20,Krabi,Phuket,Installment,Completed,,โอเคสำหรับราคานี้,Yes,8.0,2.54
102093,1292,Niran Yodying,niran.yodying619@gmail.com,Max Chair 187,Electronics,167.07,4,30.0,467.8,2024-03-21,Chiang Mai,Phuket,COD,Completed,,,Yes,7.0,0.36
103653,1087,Sombat Sinthop,,Smart Keyboard 520,Health,183.7,9,0.0,1653.3,2025-01-20,Sakon Nakhon,Chonburi,COD,Processing,,โอเคสำหรับราคานี้,,12.0,1.33
103333,1042,Thawatchai Phetcharat,thawatchai.phetcharat605@gmail.com,Smart Sneaker 442,Toys,340.43,5,0.0,1702.15,2023-10-11,Nong Khai,Chonburi,Credit Card,Completed,,แพ็คเกจไม่แน่นหนา,Yes,10.0,0.15
103479,1714,Anucha Chaiyaporn,anucha.chaiyaporn783@hotmail.com,Max Blender 103,Sports,196.36,8,0.0,1570.88,2024-09-23,Rayong,Khon Kaen,TrueMoney Wallet,Completed,4.0,,No,6.0,3.36
101084,1989,Kittisak Chaiyaporn,kittisak.chaiyaporn144@outlook.com,Max Sneaker 202,Home & Living,721.74,3,0.0,2165.22,2024-12-19,Bangkok,Bangkok,Bank Transfer,Returned,,,No,14.0,0.22
104674,1558,Chomphunut Intharak,chomphunut.intharak146@gmail.com,Plus Wallet 271,Groceries,370.13,1,0.0,370.13,2025-08-20,Krabi,Khon Kaen,Bank Transfer,Cancelled,4.0,,No,5.0,0.99
102098,2998,Yupin Rattanakul,yupin.rattanakul401@gmail.com,Mini Blender 170,Health,882.74,7,5.0,5870.22,2025-03-25,Sakon Nakhon,Bangkok,,Completed,4.0,สินค้าดีมาก คุ้มราคา,Yes,6.0,
102802,1307,Ratana Sinthop,,Ultra Headphone 722,Automotive,1523.47,7,0.0,10664.29,2025-02-27,Rayong,Chiang Mai,PromptPay,Returned,3.0,,Yes,5.0,1.0
100802,1717,Ratana Naruemon,ratana.naruemon54@hotmail.com,Max Wallet 425,Health,765.71,4,5.0,2909.7,2024-11-22,Rayong,Songkhla,PromptPay,Completed,5.0,จะกลับมาซื้อซ้ำแน่นอน,No,1.0,1.22
103039,2660,Rungnapa Boonmee,rungnapa.boonmee969@gmail.com,Eco Watch 105,Health,1273.12,1,15.0,1082.15,2023-03-30,Bangkok,Chiang Mai,Credit Card,Completed,4.0,ส่งไวมาก ประทับใจ,No,7.0,0.82
102405,2186,Pichit Prasertsak,pichit.prasertsak419@outlook.com,Pro Headphone 350,Home & Living,690.14,1,0.0,690.14,2023-12-04,Pattaya,Nonthaburi,Bank Transfer,Completed,,สีไม่ตรงตามรูป,No,14.0,3.34
103773,1535,Wilai Srisuk,wilai.srisuk260@gmail.com,Max Lamp 999,Books,541.04,4,15.0,1839.54,2024-11-24,Buriram,Songkhla,TrueMoney Wallet,Returned,,โอเคสำหรับราคานี้,Yes,11.0,0.71
102574,2035,Boonmee Sinthop,boonmee.sinthop514@outlook.com,Mini Sneaker 631,Toys,1005.54,3,5.0,2865.79,2024-10-01,Chiang Rai,Chiang Mai,Installment,Completed,5.0,,No,7.0,0.37
100582,2126,Rungnapa Meesuk,rungnapa.meesuk437@outlook.com,Eco Lamp 319,Electronics,438.95,3,0.0,1316.85,2024-04-25,Chiang Mai,Nakhon Ratchasima,,Returned,,ส่งไวมาก ประทับใจ,No,,0.12
100203,2923,Somchai Intharak,somchai.intharak219@gmail.com,Pro Headphone 512,Beauty,394.99,7,0.0,2764.93,2025-07-07,Nakhon Ratchasima,Chiang Mai,PromptPay,Completed,4.0,,Yes,8.0,1.08
104095,2934,Orawan Prasertsak,orawan.prasertsak989@yahoo.com,Smart Charger 375,Health,247.38,7,0.0,1731.66,2025-03-13,Hat Yai,Khon Kaen,TrueMoney Wallet,Processing,4.0,,No,1.0,0.88
104032,1531,Yupin Chaiyaporn,yupin.chaiyaporn761@outlook.com,Pro Watch 743,Fashion,116.62,7,20.0,653.07,2025-02-15,Bangkok,Nonthaburi,Bank Transfer,Returned,4.0,สินค้าดีมาก คุ้มราคา,No,5.0,1.12
102594,2835,Somchai Saelim,somchai.saelim310@yahoo.com,Mini Sneaker 729,Fashion,773.02,4,5.0,2937.48,2023-04-04,Phuket,Rayong,TrueMoney Wallet,Shipped,5.0,,No,13.0,0.42
104039,2678,Kanya Naruemon,,Pro Wallet 250,Beauty,1529.3,8,0.0,12234.4,2024-06-13,Lampang,Khon Kaen,Credit Card,Completed,2.0,,Yes,,2.74
103453,2948,Siriporn Sukjai,siriporn.sukjai795@gmail.com,Ultra Headphone 875,Toys,709.08,4,,2127.24,2023-06-30,Bangkok,Chiang Mai,Credit Card,Shipped,,,No,14.0,0.56
102072,1271,Orawan Meesuk,orawan.meesuk474@outlook.com,Pro Blender 661,Electronics,553.58,8,5.0,4207.21,2024-12-23,Lampang,Nakhon Ratchasima,TrueMoney Wallet,Completed,5.0,ของมาช้ากว่ากำหนด,No,10.0,0.6
101056,1000,Siriporn Meesuk,siriporn.meesuk24@outlook.com,Lite Pillow 893,Beauty,316.22,8,30.0,1770.83,2024-02-02,Trang,Khon Kaen,TrueMoney Wallet,Completed,3.0,คุณภาพต่ำกว่าที่คิด,No,3.0,2.82
103628,1646,Suree Wongsawat,suree.wongsawat918@yahoo.com,Smart Charger 609,Groceries,410.63,8,0.0,3285.04,2023-03-22,Nonthaburi,Rayong,Credit Card,Shipped,2.0,,,4.0,2.49
102726,2299,Suchart Wattana,suchart.wattana370@hotmail.com,Max Watch 858,Home & Living,384.52,4,0.0,1538.08,2023-01-09,Surat Thani,Nakhon Ratchasima,PromptPay,Processing,,ของมาช้ากว่ากำหนด,No,,2.28
102610,1444,Yupin Thongdee,yupin.thongdee407@hotmail.com,Lite Backpack 880,Electronics,295.21,1,25.0,221.41,2023-06-03,Ubon Ratchathani,Bangkok,Bank Transfer,Cancelled,4.0,,Yes,7.0,2.21
103396,1981,Wilai Boonmee,wilai.boonmee132@yahoo.com,Pro Lamp 510,Electronics,376.27,9,0.0,3386.43,2023-03-03,Trang,Bangkok,PromptPay,Cancelled,2.0,,Yes,7.0,0.21
100517,2127,Somsri Meesuk,somsri.meesuk31@gmail.com,Pro Notebook 920,Home & Living,596.73,8,0.0,4773.84,2023-10-25,Ubon Ratchathani,Songkhla,Credit Card,Cancelled,5.0,,Yes,6.0,0.88
103566,1369,Somchai Chantra,somchai.chantra655@hotmail.com,Plus Sneaker 429,Electronics ,578.23,2,0.0,1156.46,2023-09-06,Nonthaburi,Chiang Mai,COD,Returned,,สีไม่ตรงตามรูป,Yes,13.0,1.22
101362,1089,Somkiat Chotirat,somkiat.chotirat238@outlook.com,Plus Bottle 807,Books,452.49,3,10.0,1221.72,2025-06-04,Rayong,Chonburi,PromptPay,Returned,5.0,โอเคสำหรับราคานี้,Yes,8.0,2.73
101872,2599,Prasert Sukjai,prasert.sukjai327@hotmail.com,Plus Keyboard 954,Books,1397.39,7,30.0,6847.21,2025-06-23,Nakhon Ratchasima,Khon Kaen,Installment,Completed,2.0,,No,11.0,0.28
100668,2312,Sombat Chantra,sombat.chantra845@outlook.com,Mini Mouse 544,Health,735.69,3,0.0,2207.07,2023-04-22,Hat Yai,Phuket,Bank Transfer,Completed,5.0,,No,4.0,0.13
104382,2348,Chomphunut Saelim,chomphunut.saelim260@gmail.com,Lite Charger 862,Beauty,721.36,2,,1442.72,2023-01-24,Phuket,Nonthaburi,TrueMoney Wallet,Cancelled,5.0,,No,10.0,0.14
102269,2460,Pranee Srisuk,pranee.srisuk923@outlook.com,Mini Camera 830,Automotive,1206.1,6,0.0,7236.6,2023-09-16,Buriram,Chonburi,TrueMoney Wallet,Processing,4.0,โอเคสำหรับราคานี้,No,6.0,1.34
104936,1263,Niran Chaiyaporn,niran.chaiyaporn362@hotmail.com,Pro Lamp 464,Health,172.68,9,15.0,1321.0,2025-05-18,Rayong,Rayong,Credit Card,Processing,4.0,,No,11.0,7.73
103878,1791,Kanya Sukjai,kanya.sukjai565@hotmail.com,Smart Headphone 706,Books,820.75,8,10.0,5909.4,2023-03-20,Rayong,Udon Thani,Installment,Completed,5.0,,Yes,5.0,2.31
103862,2956,Pranee Sinthop,pranee.sinthop346@yahoo.com,Plus Charger 108,Health,96.71,4,30.0,270.79,2024-08-01,Nonthaburi,Khon Kaen,PromptPay,Processing,5.0,,No,3.0,1.38
101258,1085,Ploy Kaewkla,ploy.kaewkla40@yahoo.com,Ultra Backpack 473,Health,333.22,5,10.0,1499.49,2024-05-08,Khon Kaen,Udon Thani,Bank Transfer,Processing,,ส่งไวมาก ประทับใจ,No,,4.26
102387,1302,Siriporn Chantra,siriporn.chantra237@outlook.com,Lite Desk 759,Toys,420.19,7,0.0,2941.33,2025-08-27,Pattaya,Nonthaburi,Bank Transfer,Shipped,5.0,จะกลับมาซื้อซ้ำแน่นอน,Yes,3.0,1.2
104428,1347,Somchai Sinthop,somchai.sinthop151@yahoo.com,Mini Watch 205,Automotive,1337.54,6,0.0,8025.24,2024-08-03,Trang,Chiang Mai,Bank Transfer,Returned,,,No,9.0,1.39
103388,2651,Nittaya Wongsawat,nittaya.wongsawat95@outlook.com,Smart Camera 835,Home & Living,1492.17,9,5.0,12758.05,2023-04-23,Sakon Nakhon,Songkhla,Bank Transfer,Shipped,3.0,,No,13.0,1.11
103438,1182,Siriporn Naruemon,siriporn.naruemon685@yahoo.com,Eco Camera 401,Health,793.51,7,0.0,5554.57,2025-08-15,Nakhon Si Thammarat,Khon Kaen,Bank Transfer,Completed,,,No,2.0,1.86
103742,2177,Suree Wattana,suree.wattana844@outlook.com,Pro Speaker 649,Beauty,508.35,7,5.0,3380.53,2023-06-24,Nong Khai,Khon Kaen,PromptPay,Shipped,,ของมาช้ากว่ากำหนด,Yes,9.0,0.57
100759,1919,Suchart Chotirat,suchart.chotirat421@yahoo.com,Smart Keyboard 780,Health,714.66,7,0.0,5002.62,2024-03-16,Udon Thani,Bangkok,COD,Returned,,,No,2.0,0.7
101055,2901,Somchai Wattana,somchai.wattana501@hotmail.com,Mini Speaker 146,Books,862.26,8,5.0,6553.18,2024-03-26,Khon Kaen,Nonthaburi,Credit Card,Completed,,ของมาช้ากว่ากำหนด,No,1.0,0.93
103681,1128,Wilai Thongdee,wilai.thongdee880@gmail.com,Lite Sneaker 399,Toys,253.17,7,5.0,1683.58,2023-02-13,Nakhon Si Thammarat,Khon Kaen,PromptPay,Completed,5.0,โอเคสำหรับราคานี้,No,4.0,1.61
103000,2062,Orawan Boonmee,orawan.boonmee463@outlook.com,Lite Headphone 449,Groceries,1999.4,8,30.0,11196.64,2025-12-16,Lampang,Songkhla,Bank Transfer,Cancelled,,,No,1.0,0.28
104434,1578,Thawatchai Saelim,thawatchai.saelim311@hotmail.com,Max Bottle 192,Toys,,4,,935.68,2025-04-21,Pattaya,Nonthaburi,,Completed,4.0,ใช้งานได้ตามที่คาดหวัง,Yes,5.0,0.26
104301,1269,Sombat Phetcharat,sombat.phetcharat907@hotmail.com,Max Blender 876,Sports,1111.09,8,0.0,8888.72,2023-10-26,Khon Kaen,Khon Kaen,PromptPay,Completed,4.0,ใช้งานได้ตามที่คาดหวัง,No,9.0,0.17
102414,1207,Anucha Chantra,anucha.chantra761@gmail.com,Plus Charger 297,Home & Living,300.85,1,5.0,,2024-01-26,Krabi,Rayong,TrueMoney Wallet,Completed,5.0,,No,8.0,0.87
100214,2183,Prasert Chaiyaporn,prasert.chaiyaporn266@yahoo.com,Mini Backpack 973,Groceries,321.56,9,0.0,2894.04,2024-05-22,Khon Kaen,Songkhla,TrueMoney Wallet,Processing,4.0,ของมาช้ากว่ากำหนด,No,13.0,1.6
103377,2403,Suchart Saelim,suchart.saelim637@yahoo.com,Plus Watch 901,Sports,602.45,8,10.0,4337.64,2024-12-10,Phuket,Songkhla,COD,Completed,4.0,,Yes,7.0,1.89
102640,2273,Wilai Phetcharat,wilai.phetcharat166@gmail.com,Plus Lamp 451,Beauty ,529.57,6,10.0,2859.68,2024-04-25,Udon Thani,Rayong,Credit Card,Completed,5.0,,No,,
100693,2782,Somsri Chotirat,somsri.chotirat420@outlook.com,Smart Jacket 608,Electronics,1369.06,2,,2464.31,2025-10-17,Bangkok,Nakhon Ratchasima,PromptPay,Shipped,4.0,,No,5.0,0.58
104139,2910,Yupin Panyawong,yupin.panyawong203@outlook.com,Mini Desk 325,Sports,170.17,2,0.0,340.34,2023-12-19,Surat Thani,Rayong,PromptPay,Shipped,5.0,,Yes,8.0,1.29
103670,1107,Thawatchai Wongsawat,thawatchai.wongsawat348@outlook.com,Mini Notebook 174,Home & Living,838.8,9,5.0,7171.74,2023-10-01,Buriram,Khon Kaen,PromptPay,Completed,,สินค้าดีมาก คุ้มราคา,No,,0.63
102146,2540,Somkiat Saelim,somkiat.saelim31@hotmail.com,Pro Lamp 736,Toys,715.93,8,5.0,5441.07,2025-08-10,Buriram,Nakhon Ratchasima,Installment,Processing,5.0,,No,10.0,0.14
102937,2323,Pichit Rattanakul,pichit.rattanakul545@outlook.com,Lite Blender 689,Home & Living,402.95,4,5.0,1531.21,2024-05-28,Bangkok,Songkhla,Bank Transfer,Shipped,4.0,,Yes,2.0,1.91
102572,1977,Chaiyot Sinthop,chaiyot.sinthop37@gmail.com,Smart Charger 513,Books,1371.97,2,5.0,2606.74,2024-06-02,Nakhon Ratchasima,Songkhla,Installment,Completed,,,Yes,7.0,0.83
104631,2130,Thawatchai Prasertsak,thawatchai.prasertsak252@gmail.com,Eco Keyboard 483,Groceries,629.06,4,10.0,2264.62,2024-04-27,Phuket,Chonburi,COD,Processing,1.0,,No,10.0,1.05
103386,2086,Malee Chaiyaporn,malee.chaiyaporn16@yahoo.com,Mini Chair 966,Health,1140.41,5,20.0,4561.64,2023-01-14,Udon Thani,Khon Kaen,Installment,Completed,,,Yes,,1.6
101321,2063,Wilai Phetcharat,,Lite Notebook 167,Beauty,738.89,6,10.0,3990.01,2023-06-27,Pattaya,Chonburi,COD,Completed,,,No,4.0,
100196,2598,Kittisak Boonmee,kittisak.boonmee909@outlook.com,Smart Notebook 477,Health,1236.42,2,25.0,1854.63,2024-01-07,Surat Thani,Rayong,COD,Completed,,,No,3.0,0.69
101075,1117,Niran Thongdee,niran.thongdee90@yahoo.com,Pro Camera 468,Health,633.18,5,10.0,,2025-10-30,Hat Yai,Chonburi,Bank Transfer,Completed,,,Yes,5.0,4.02
101578,2485,Boonmee Chaiyaporn,boonmee.chaiyaporn41@yahoo.com,Eco Headphone 267,Sports,889.0,3,15.0,2266.95,2023-09-27,,Chonburi,Bank Transfer,Completed,,ใช้งานได้ตามที่คาดหวัง,No,14.0,1.47
104605,1295,Sombat Wattana,sombat.wattana95@gmail.com,Ultra Jacket 379,Home & Living,434.8,8,0.0,3478.4,2024-08-23,Buriram,Nonthaburi,Installment,Completed,3.0,,No,7.0,0.12
100879,2810,Nittaya Yodying,nittaya.yodying953@outlook.com,Plus Chair 357,Electronics,410.34,4,0.0,1641.36,2024-04-17,Ubon Ratchathani,Phuket,Bank Transfer,Completed,,,No,9.0,3.73
103209,1977,Prasert Naruemon,prasert.naruemon799@yahoo.com,Mini Keyboard 495,Groceries,743.03,8,0.0,5944.24,2024-06-20,,Nakhon Ratchasima,Installment,Completed,5.0,สินค้าดีมาก คุ้มราคา,No,9.0,6.1
102921,1084,Siriporn Chotirat,siriporn.chotirat476@yahoo.com,Max Headphone 267,Sports,361.0,1,0.0,361.0,2024-08-15,Hat Yai,Udon Thani,Credit Card,Returned,,จะกลับมาซื้อซ้ำแน่นอน,No,4.0,1.44
104243,1123,Malee Thongdee,malee.thongdee100@gmail.com,Smart Jacket 108,Home & Living,391.6,3,0.0,1174.8,2024-04-13,Nong Khai,Chiang Mai,Credit Card,Returned,4.0,,Yes,14.0,0.51
102759,2316,Siriporn Meesuk,siriporn.meesuk964@outlook.com,Smart Sneaker 875,Groceries,80.18,8,30.0,449.01,2025-02-21,Buriram,Bangkok,COD,Completed,,,No,12.0,2.52
100887,2554,Ratana Srisuk,ratana.srisuk751@outlook.com,Plus Chair 432,Sports,820.85,9,15.0,6279.5,2025-11-06,Lampang,Udon Thani,,Completed,,,No,13.0,1.16
102476,2567,Somchai Naruemon,somchai.naruemon734@gmail.com,Lite Blender 857,Groceries,243.17,5,25.0,911.89,2025-01-28,Ubon Ratchathani,Songkhla,COD,Cancelled,4.0,,No,10.0,0.42
100068,1013,Yupin Rattanakul,yupin.rattanakul836@gmail.com,Ultra Desk 529,Automotive,158.04,5,5.0,750.69,2025-07-20,Lampang,Nakhon Ratchasima,Bank Transfer,Completed,5.0,ส่งไวมาก ประทับใจ,No,4.0,3.06
103996,2517,Chomphunut Intharak,chomphunut.intharak726@outlook.com,Pro Wallet 238,Toys,364.13,4,0.0,1456.52,2024-12-06,Surat Thani,Nakhon Ratchasima,PromptPay,Completed,,,Yes,3.0,2.18
103123,1072,Chatchai Intharak,chatchai.intharak388@outlook.com,Mini Pillow 622,Automotive,365.12,4,0.0,1460.48,2024-08-01,Nonthaburi,Phuket,Bank Transfer,Shipped,,,Yes,11.0,1.67
100568,1681,Boonmee Srisuk,boonmee.srisuk213@hotmail.com,Ultra Pillow 819,Home & Living,149.65,2,5.0,284.33,2024-06-03,Chiang Mai,Nakhon Ratchasima,Installment,Returned,4.0,ของมาช้ากว่ากำหนด,No,9.0,0.23
103016,2845,Ratana Chotirat,ratana.chotirat564@outlook.com,Eco Notebook 306,Books,341.32,2,0.0,682.64,2023-06-08,Hat Yai,Udon Thani,COD,Completed,4.0,,,13.0,
100096,2845,Kittisak Kaewkla,kittisak.kaewkla238@gmail.com,Plus Wallet 438,Electronics,210.46,2,15.0,357.78,2024-05-31,Rayong,Phuket,COD,Completed,5.0,,No,12.0,
102135,2353,Prasert Prasertsak,,Smart Sneaker 459,Beauty,491.48,3,0.0,1474.44,2025-05-22,Buriram,Chonburi,PromptPay,Completed,5.0,,Yes,5.0,0.65
103965,1852,Chomphunut Yodying,chomphunut.yodying274@gmail.com,Pro Sneaker 531,Fashion,340.75,9,10.0,2760.08,2025-07-17,Phuket,Chonburi,TrueMoney Wallet,Completed,,,No,9.0,0.15
100139,2152,Somsri Sinthop,somsri.sinthop789@yahoo.com,Eco Bottle 243,Home & Living,324.3,7,0.0,2270.1,2023-08-19,Udon Thani,Udon Thani,Bank Transfer,Shipped,,ใช้งานได้ตามที่คาดหวัง,Yes,8.0,0.64
101391,1776,Boonmee Yodying,boonmee.yodying981@gmail.com,Max Speaker 437,Books,166.59,1,0.0,166.59,2024-10-14,Nakhon Si Thammarat,Udon Thani,Installment,Completed,2.0,คุณภาพต่ำกว่าที่คิด,No,4.0,0.19
103135,1955,Nittaya Intharak,nittaya.intharak471@gmail.com,Lite Blender 764,Health,180.16,7,15.0,1071.95,2023-09-24,Ubon Ratchathani,Udon Thani,Credit Card,Completed,4.0,,Yes,12.0,0.63
104200,1155,Somsri Sukjai,somsri.sukjai156@gmail.com,Lite Speaker 671,Fashion,183.18,4,0.0,732.72,2025-07-02,Trang,Rayong,PromptPay,Completed,,สีไม่ตรงตามรูป,Yes,6.0,0.4
101374,1901,Pranee Panyawong,pranee.panyawong704@hotmail.com,Mini Camera 800,Health,201.15,1,15.0,170.98,2024-11-27,Lampang,Nonthaburi,PromptPay,Cancelled,,บริการลูกค้าดีเยี่ยม,,1.0,1.38
101588,2369,Chomphunut Phetcharat,chomphunut.phetcharat636@gmail.com,Pro Watch 614,Fashion,947.86,9,0.0,8530.74,2023-05-23,Nonthaburi,Chiang Mai,TrueMoney Wallet,Cancelled,,,Yes,9.0,3.63
101338,1946,Siriporn Naruemon,siriporn.naruemon658@hotmail.com,Lite Headphone 254,Fashion,563.94,7,0.0,3947.58,2025-02-23,,Chiang Mai,Credit Card,Completed,4.0,,No,2.0,4.85
104418,1532,Nittaya Kaewkla,nittaya.kaewkla166@gmail.com,Ultra Sneaker 321,Sports,311.85,7,,2182.95,2025-03-27,Trang,Khon Kaen,PromptPay,Completed,3.0,,No,7.0,0.49
104240,1453,Somsri Rattanakul,somsri.rattanakul953@gmail.com,Mini Mouse 521,Toys,494.25,4,5.0,1878.15,2024-10-01,Ubon Ratchathani,Rayong,PromptPay,Completed,,แพ็คเกจไม่แน่นหนา,No,2.0,2.06
103012,2107,Pranee Sukjai,pranee.sukjai224@hotmail.com,Ultra Chair 538,Home & Living,257.15,1,0.0,257.15,2025-01-18,Rayong,Chiang Mai,TrueMoney Wallet,Completed,4.0,ส่งไวมาก ประทับใจ,No,7.0,2.56
100463,1546,Prasert Meesuk,prasert.meesuk412@gmail.com,Ultra Headphone 645,Home & Living,188.75,7,15.0,1123.06,2023-12-27,Surat Thani,Rayong,PromptPay,Cancelled,,,Yes,4.0,2.98
102361,2122,Chatchai Saelim,chatchai.saelim919@yahoo.com,Max Mouse 575,Automotive,371.26,5,0.0,1856.3,2024-06-09,Sakon Nakhon,Rayong,Credit Card,Completed,,,No,9.0,2.01
101412,2570,Somkiat Kaewkla,somkiat.kaewkla704@gmail.com,Eco Desk 530,Toys,317.86,8,0.0,2542.88,2023-01-05,Surat Thani,Nakhon Ratchasima,Installment,Cancelled,5.0,ใช้งานได้ตามที่คาดหวัง,Yes,,0.37
102024,1130,Kittisak Chotirat,kittisak.chotirat441@yahoo.com,Lite Headphone 469,Health,415.48,4,0.0,1661.92,2025-12-03,Khon Kaen,Rayong,Credit Card,Returned,4.0,คุณภาพต่ำกว่าที่คิด,No,13.0,3.5
100594,1655,Sombat Intharak,sombat.intharak949@hotmail.com,Smart Backpack 917,Fashion,237.22,4,0.0,948.88,2024-12-30,Surat Thani,Udon Thani,COD,Completed,,,No,8.0,0.61
103362,1189,Malee Boonmee,malee.boonmee144@outlook.com,Eco Charger 730,Fashion,829.07,7,0.0,5803.49,2025-04-22,Trang,Bangkok,TrueMoney Wallet,Completed,,บริการลูกค้าดีเยี่ยม,Yes,1.0,1.32
100625,2661,Pranee Saelim,pranee.saelim348@hotmail.com,Mini Chair 206,Automotive,422.68,3,0.0,1268.04,2025-01-10,Pattaya,Songkhla,Installment,Cancelled,3.0,,Yes,8.0,0.25
100450,2300,Somkiat Phetcharat,somkiat.phetcharat593@gmail.com,Pro Blender 789,Home & Living,571.05,9,15.0,4368.53,2023-05-28,Pattaya,Chonburi,Credit Card,Completed,5.0,,No,5.0,0.2
101534,2683,Suchart Panyawong,suchart.panyawong770@yahoo.com,Eco Pillow 868,Home & Living,671.75,7,0.0,4702.25,2025-02-19,Hat Yai,Nakhon Ratchasima,PromptPay,Completed,,สินค้าดีมาก คุ้มราคา,Yes,4.0,0.59
102464,2087,Anucha Kaewkla,anucha.kaewkla145@gmail.com,Smart Keyboard 749,Groceries,696.39,6,5.0,3969.42,2025-03-05,Pattaya,Chonburi,PromptPay,Completed,5.0,โอเคสำหรับราคานี้,No,12.0,0.65
101094,2252,Rungnapa Chantra,rungnapa.chantra617@hotmail.com,Lite Headphone 548,Sports,525.56,7,0.0,3678.92,2024-03-13,Pattaya,Songkhla,TrueMoney Wallet,Completed,,จะกลับมาซื้อซ้ำแน่นอน,Yes,4.0,2.83
101340,2464,Suree Phetcharat,suree.phetcharat548@gmail.com,Plus Chair 717,Fashion,813.43,6,15.0,4148.49,2023-08-17,Nakhon Si Thammarat,Nonthaburi,Credit Card,Completed,5.0,,No,1.0,0.31
102004,2500,Pichit Srisuk,pichit.srisuk968@yahoo.com,Lite Speaker 917,Beauty,229.92,1,15.0,195.43,2025-12-29,Ubon Ratchathani,Chiang Mai,Credit Card,Completed,4.0,ของมาช้ากว่ากำหนด,Yes,14.0,0.16
100996,1882,Duangjai Naruemon,duangjai.naruemon512@outlook.com,Max Mouse 469,Groceries ,398.46,2,0.0,796.92,2025-01-05,Nakhon Si Thammarat,Khon Kaen,TrueMoney Wallet,Returned,5.0,สีไม่ตรงตามรูป,Yes,14.0,0.93
104825,2845,Yupin Naruemon,yupin.naruemon721@hotmail.com,Eco Wallet 978,Health,363.12,6,0.0,2178.72,2024-07-27,Krabi,Chonburi,PromptPay,Cancelled,,สินค้าดีมาก คุ้มราคา,No,6.0,0.11
102527,1886,Chomphunut Saelim,chomphunut.saelim334@hotmail.com,Plus Mouse 282,Home & Living,107.34,5,0.0,536.7,2023-12-08,Udon Thani,Khon Kaen,Installment,Completed,,แพ็คเกจไม่แน่นหนา,No,14.0,1.23
101941,2501,Suree Wongsawat,suree.wongsawat402@outlook.com,Pro Headphone 277,Automotive,442.83,3,0.0,1328.49,2025-05-02,Chiang Rai,Chonburi,TrueMoney Wallet,Completed,5.0,,No,,0.36
103674,2252,Pichit Rattanakul,pichit.rattanakul571@gmail.com,Plus Watch 605,Books,343.45,3,5.0,978.83,2025-06-13,Bangkok,Khon Kaen,Installment,Processing,,สินค้าดีมาก คุ้มราคา,No,12.0,0.77
103976,2016,Kanya Thongdee,kanya.thongdee798@gmail.com,Ultra Bottle 180,Home & Living,980.79,2,0.0,1961.58,2024-11-30,,Phuket,COD,Completed,5.0,คุณภาพต่ำกว่าที่คิด,No,5.0,0.8
100150,1378,Somkiat Intharak,,Max Mouse 902,Electronics,798.83,4,15.0,2716.02,2023-01-17,Udon Thani,Bangkok,Credit Card,Completed,,จะกลับมาซื้อซ้ำแน่นอน,No,13.0,0.7
101451,2888,Thawatchai Boonmee,thawatchai.boonmee563@outlook.com,Ultra Watch 637,Groceries,151.44,1,0.0,151.44,2024-02-24,Nakhon Ratchasima,Phuket,,Completed,,,No,9.0,1.32
104430,1771,Sombat Chantra,sombat.chantra12@yahoo.com,Plus Chair 592,Books,253.16,6,5.0,1443.01,2023-08-22,Bangkok,Bangkok,Credit Card,Processing,,,No,8.0,0.28
104419,2842,Chatchai Chotirat,chatchai.chotirat585@hotmail.com,Max Desk 497,Fashion,368.05,8,10.0,2649.96,2025-05-27,Pattaya,Nakhon Ratchasima,TrueMoney Wallet,Completed,3.0,,No,11.0,0.3
104305,1661,Suchart Sukjai,,Ultra Wallet 542,Fashion,511.38,5,0.0,2556.9,2024-12-17,Pattaya,Rayong,Credit Card,Completed,4.0,,No,,0.11
100088,2895,Wilai Wongsawat,wilai.wongsawat53@yahoo.com,Pro Wallet 223,Automotive,,9,5.0,2342.02,2023-05-03,Phuket,Nakhon Ratchasima,COD,Completed,5.0,,Yes,13.0,0.7
100457,1452,Ploy Saelim,ploy.saelim57@yahoo.com,Mini Headphone 753,Sports,213.45,5,5.0,1013.89,2024-08-27,Chiang Rai,Phuket,TrueMoney Wallet,Processing,4.0,บริการลูกค้าดีเยี่ยม,Yes,5.0,
103541,1367,Somsri Prasertsak,somsri.prasertsak25@yahoo.com,Lite Pillow 325,Toys,173.75,8,,1390.0,2024-01-20,Nakhon Ratchasima,Nakhon Ratchasima,COD,Cancelled,5.0,,Yes,14.0,0.75
104547,2004,Yupin Sukjai,yupin.sukjai209@gmail.com,Pro Speaker 846,Fashion,618.85,8,0.0,4950.8,2023-06-05,Phuket,Bangkok,TrueMoney Wallet,Completed,,,Yes,14.0,0.12
103839,2596,Somkiat Wongsawat,somkiat.wongsawat290@outlook.com,Smart Bottle 490,Electronics,440.53,3,0.0,1321.59,2025-04-19,Pattaya,Udon Thani,Installment,Completed,5.0,โอเคสำหรับราคานี้,No,7.0,0.79
103930,2952,Wilai Chotirat,wilai.chotirat694@outlook.com,Smart Pillow 517,Fashion,1769.08,5,5.0,8403.13,2024-05-03,Trang,Phuket,PromptPay,Completed,4.0,บริการลูกค้าดีเยี่ยม,No,4.0,1.21
102036,2539,Orawan Panyawong,orawan.panyawong956@yahoo.com,Eco Watch 837,Groceries,206.27,9,5.0,1763.61,2025-03-17,Hat Yai,Nonthaburi,Bank Transfer,Cancelled,,,No,8.0,0.49
103660,2376,Kittisak Sukjai,kittisak.sukjai142@yahoo.com,Pro Wallet 692,Groceries,421.45,8,10.0,3034.44,2025-07-03,Chiang Rai,Chiang Mai,Installment,Processing,5.0,สีไม่ตรงตามรูป,Yes,6.0,1.44
104863,1406,Sombat Phetcharat,sombat.phetcharat739@hotmail.com,Pro Mouse 551,Fashion,361.67,6,0.0,2170.02,2023-01-16,Sakon Nakhon,Nakhon Ratchasima,TrueMoney Wallet,Processing,,บริการลูกค้าดีเยี่ยม,No,12.0,3.12
100831,1633,Siriporn Rattanakul,siriporn.rattanakul385@outlook.com,Ultra Charger 520,Health,488.74,4,0.0,1954.96,2024-12-04,Khon Kaen,Chonburi,TrueMoney Wallet,Completed,5.0,ใช้งานได้ตามที่คาดหวัง,Yes,11.0,0.69
100239,2254,Yupin Thongdee,yupin.thongdee599@outlook.com,Eco Keyboard 370,Health,285.46,7,10.0,1798.4,2024-05-11,Trang,Phuket,PromptPay,Completed,3.0,สินค้าดีมาก คุ้มราคา,Yes,11.0,1.63
104705,2457,Chomphunut Yodying,chomphunut.yodying53@gmail.com,Plus Jacket 897,Electronics,237.93,5,0.0,1189.65,2023-06-14,Rayong,Phuket,Installment,Completed,4.0,,No,1.0,0.81
100999,2838,Rungnapa Phetcharat,rungnapa.phetcharat614@yahoo.com,Eco Watch 823,Electronics,752.15,9,0.0,6769.35,2024-08-03,Khon Kaen,Rayong,Bank Transfer,Shipped,5.0,,No,5.0,0.47
102420,2680,Somkiat Panyawong,somkiat.panyawong926@outlook.com,Mini Jacket 192,Fashion,712.93,2,10.0,1283.27,2025-08-03,Phuket,Bangkok,COD,Completed,4.0,,No,2.0,0.64
101992,1390,Chaiyot Chotirat,chaiyot.chotirat32@hotmail.com,Smart Bottle 151,Sports,673.35,8,20.0,4309.44,2025-01-15,Nong Khai,Chonburi,Bank Transfer,Shipped,,คุณภาพต่ำกว่าที่คิด,No,1.0,
100192,2577,Pranee Boonmee,pranee.boonmee718@outlook.com,Smart Watch 843,Sports,645.28,5,0.0,3226.4,2025-11-30,Rayong,Chonburi,COD,Completed,2.0,ของมาช้ากว่ากำหนด,No,5.0,0.35
103793,2140,Rungnapa Chantra,rungnapa.chantra112@gmail.com,Mini Notebook 790,Sports,,3,10.0,531.5,2025-10-05,Krabi,Nakhon Ratchasima,PromptPay,Shipped,4.0,สีไม่ตรงตามรูป,No,1.0,5.01
104203,1189,Somchai Phetcharat,somchai.phetcharat524@outlook.com,Max Headphone 823,Home & Living,423.0,3,10.0,1142.1,2024-12-15,Rayong,Nonthaburi,TrueMoney Wallet,Completed,5.0,,Yes,2.0,3.58
103524,2234,Kanya Wattana,kanya.wattana107@outlook.com,Ultra Keyboard 903,Electronics,,4,,844.72,2025-10-19,Phuket,Phuket,COD,Cancelled,5.0,ใช้งานได้ตามที่คาดหวัง,Yes,2.0,2.09
104253,2944,Niran Meesuk,niran.meesuk270@outlook.com,Plus Speaker 492,Health,444.16,4,10.0,1598.98,2025-07-18,Buriram,Chonburi,PromptPay,Completed,,โอเคสำหรับราคานี้,No,7.0,0.79
104447,1213,Siriporn Sinthop,siriporn.sinthop580@hotmail.com,Max Camera 571,Groceries,280.8,5,0.0,1404.0,2025-08-20,Krabi,Chonburi,,Completed,5.0,,Yes,14.0,2.05
104810,1998,Niran Intharak,niran.intharak162@gmail.com,Eco Blender 325,Electronics,242.64,5,,1213.2,2025-04-15,Khon Kaen,Chiang Mai,Bank Transfer,Returned,5.0,,No,11.0,0.42
102591,1694,Sombat Chaiyaporn,sombat.chaiyaporn199@yahoo.com,Max Desk 238,Groceries,1196.17,2,5.0,2272.72,2025-09-13,Lampang,Phuket,Bank Transfer,Completed,5.0,,Yes,7.0,3.72
101972,1465,Ploy Thongdee,ploy.thongdee538@hotmail.com,Pro Backpack 824,Books,551.04,6,0.0,3306.24,2024-05-27,Bangkok,Rayong,PromptPay,Returned,5.0,สินค้าดีมาก คุ้มราคา,Yes,10.0,0.13
103270,2549,Boonmee Sinthop,boonmee.sinthop658@outlook.com,Smart Wallet 197,Health,162.8,5,0.0,814.0,2023-12-18,Pattaya,Chonburi,Credit Card,Shipped,5.0,,No,14.0,0.21
103516,1231,Malee Chantra,malee.chantra656@yahoo.com,Plus Blender 494,Electronics,408.86,8,0.0,3270.88,2023-05-10,Rayong,Nonthaburi,PromptPay,Processing,,,Yes,7.0,2.2
104215,1952,Malee Wattana,malee.wattana761@hotmail.com,Smart Watch 471,Sports,782.11,1,0.0,782.11,2025-05-19,Nonthaburi,Phuket,Credit Card,Shipped,5.0,คุณภาพต่ำกว่าที่คิด,No,2.0,12.22
102910,1101,Anucha Chantra,anucha.chantra515@yahoo.com,Plus Wallet 438,Sports,201.89,9,0.0,1817.01,2023-03-04,Pattaya,Nakhon Ratchasima,Credit Card,Returned,3.0,สินค้าดีมาก คุ้มราคา,Yes,7.0,3.56
102699,1065,Chomphunut Intharak,chomphunut.intharak335@yahoo.com,Smart Mouse 718,Fashion,359.64,8,0.0,2877.12,2024-07-30,Pattaya,Nonthaburi,TrueMoney Wallet,Completed,5.0,,Yes,8.0,0.54
103011,1035,Ratana Chantra,,Mini Camera 125,Sports,230.04,9,20.0,1656.29,2024-04-14,Khon Kaen,Nakhon Ratchasima,COD,Shipped,,โอเคสำหรับราคานี้,No,12.0,0.78
101728,2077,Pichit Yodying,pichit.yodying29@gmail.com,Ultra Bottle 508,Electronics,546.7,8,0.0,4373.6,2024-04-14,Udon Thani,Nonthaburi,Installment,Completed,5.0,,No,4.0,1.22
102671,2622,,malee.sukjai609@hotmail.com,Smart Headphone 757,Electronics,282.15,3,10.0,761.8,2025-11-07,Khon Kaen,Bangkok,Installment,Completed,4.0,,No,1.0,
104580,1201,Anucha Wongsawat,anucha.wongsawat322@yahoo.com,Ultra Sneaker 885,Beauty,437.77,3,0.0,1313.31,2025-12-28,Phuket,Chonburi,TrueMoney Wallet,Completed,5.0,,No,5.0,0.47
104941,1541,Duangjai Prasertsak,duangjai.prasertsak65@hotmail.com,Ultra Watch 852,Beauty,594.65,4,0.0,2378.6,2025-11-22,Hat Yai,Khon Kaen,Bank Transfer,Shipped,,,No,11.0,1.67
100191,2881,Wilai Chotirat,wilai.chotirat922@hotmail.com,Max Notebook 813,Toys,246.45,1,0.0,,2023-05-12,,Udon Thani,Credit Card,Returned,5.0,คุณภาพต่ำกว่าที่คิด,No,12.0,1.39
103755,1940,Suchart Srisuk,suchart.srisuk211@gmail.com,Mini Wallet 538,Fashion,219.9,8,0.0,1759.2,2023-08-24,Ubon Ratchathani,Nonthaburi,Bank Transfer,Processing,5.0,,No,2.0,0.6
101721,1832,Sombat Kaewkla,sombat.kaewkla864@yahoo.com,Eco Jacket 672,Toys,335.41,8,0.0,2683.28,2024-11-18,Pattaya,Chonburi,,Returned,5.0,,Yes,7.0,0.1
104233,2089,Nittaya Thongdee,nittaya.thongdee815@hotmail.com,Mini Blender 196,Health,133.82,7,0.0,936.74,2025-03-05,Trang,Phuket,Credit Card,Shipped,,,No,2.0,1.06
103978,1597,Somchai Chotirat,,Plus Pillow 689,Electronics,174.26,7,20.0,975.86,2025-11-23,Rayong,Udon Thani,Credit Card,Completed,,ของมาช้ากว่ากำหนด,No,10.0,
101224,1473,Pranee Panyawong,pranee.panyawong923@gmail.com,Smart Camera 266,Books,490.71,1,0.0,490.71,2025-05-26,Nonthaburi,Chonburi,Credit Card,Completed,5.0,โอเคสำหรับราคานี้,,10.0,1.34
103665,1018,Kittisak Intharak,kittisak.intharak512@gmail.com,Lite Mouse 996,Groceries,335.34,8,5.0,2548.58,2024-10-13,Chiang Rai,Bangkok,PromptPay,Completed,5.0,คุณภาพต่ำกว่าที่คิด,No,,0.74
103015,2798,Yupin Intharak,yupin.intharak786@outlook.com,Plus Blender 976,Home & Living,438.48,8,5.0,3332.45,2024-04-04,Nakhon Si Thammarat,Udon Thani,PromptPay,Returned,4.0,คุณภาพต่ำกว่าที่คิด,Yes,,0.72
101874,2019,Kanya Sukjai,kanya.sukjai653@outlook.com,Pro Blender 855,Sports,193.22,5,15.0,821.18,2023-04-16,,Nonthaburi,COD,Completed,,,Yes,7.0,
103694,1472,Wilai Prasertsak,wilai.prasertsak958@gmail.com,Mini Notebook 497,Sports,,2,15.0,,2024-02-09,Udon Thani,Bangkok,COD,Shipped,4.0,,No,9.0,0.65
103089,1920,Chatchai Panyawong,chatchai.panyawong658@gmail.com,Pro Pillow 839,Fashion,106.94,4,15.0,363.6,2024-05-01,Phuket,Chonburi,Bank Transfer,Processing,4.0,,No,3.0,2.97
104745,1076,Somkiat Saelim,somkiat.saelim445@outlook.com,Max Bottle 555,Toys,489.76,1,0.0,489.76,2025-03-15,Chiang Rai,Nonthaburi,Installment,Completed,3.0,,No,9.0,1.03
104028,1959,Siriporn Thongdee,siriporn.thongdee715@gmail.com,Ultra Pillow 552,Fashion,469.22,2,0.0,938.44,2025-02-07,Surat Thani,Chiang Mai,Installment,Cancelled,,,No,4.0,0.95
102603,1872,Chomphunut Sinthop,chomphunut.sinthop930@hotmail.com,Pro Watch 684,Home & Living,365.55,1,0.0,365.55,2025-09-15,Sakon Nakhon,Phuket,COD,Completed,3.0,คุณภาพต่ำกว่าที่คิด,Yes,1.0,1.14
100166,2597,Suree Intharak,suree.intharak382@outlook.com,Ultra Speaker 190,Automotive,297.46,1,15.0,252.84,2023-11-09,Chiang Mai,Khon Kaen,Installment,Processing,4.0,บริการลูกค้าดีเยี่ยม,No,13.0,0.92
101629,1875,Somchai Wongsawat,somchai.wongsawat538@hotmail.com,Smart Desk 611,Groceries,188.19,9,0.0,1693.71,2023-10-15,Chiang Rai,Nonthaburi,Installment,Returned,3.0,,No,12.0,0.82
102299,1413,Anucha Chotirat,anucha.chotirat945@yahoo.com,Plus Keyboard 780,Health,64.34,6,20.0,308.83,2024-07-19,Udon Thani,Rayong,Installment,Completed,4.0,,No,1.0,5.2
101024,1826,Ratana Chaiyaporn,ratana.chaiyaporn469@hotmail.com,Pro Sneaker 597,Toys,569.46,4,20.0,1822.27,2024-12-08,Nong Khai,Rayong,Installment,Completed,3.0,,Yes,2.0,
102059,2439,Orawan Yodying,orawan.yodying438@outlook.com,Lite Bottle 904,Electronics,213.81,3,20.0,513.14,2024-05-12,Lampang,Udon Thani,Installment,Completed,5.0,,No,1.0,2.89
102276,2741,Kittisak Prasertsak,kittisak.prasertsak743@hotmail.com,Lite Keyboard 617,Home & Living,256.81,8,10.0,1849.03,2025-07-06,Nong Khai,Rayong,TrueMoney Wallet,Completed,5.0,สินค้าดีมาก คุ้มราคา,No,9.0,
102688,1013,Wilai Kaewkla,wilai.kaewkla990@outlook.com,Smart Jacket 613,Groceries,80.02,3,0.0,240.06,2023-03-05,Nonthaburi,Nonthaburi,Installment,Completed,,,Yes,4.0,1.71
104174,2500,Somchai Thongdee,somchai.thongdee460@hotmail.com,Smart Watch 723,Books,265.83,3,5.0,757.62,2024-12-22,Buriram,Khon Kaen,Bank Transfer,Returned,,สินค้าดีมาก คุ้มราคา,No,2.0,0.23
103609,1121,Chatchai Wattana,chatchai.wattana823@yahoo.com,Eco Keyboard 538,Groceries,861.62,5,0.0,4308.1,2025-04-16,Udon Thani,Chonburi,COD,Returned,5.0,,No,1.0,3.74
101096,2933,Suree Naruemon,suree.naruemon285@hotmail.com,Pro Blender 261,Home & Living,355.69,2,5.0,675.81,2023-05-19,Pattaya,Rayong,Credit Card,Completed,5.0,ส่งไวมาก ประทับใจ,Yes,12.0,0.48
103001,1908,Duangjai Wattana,duangjai.wattana31@hotmail.com,Smart Mouse 864,Fashion,241.69,3,5.0,688.82,2023-06-19,Chiang Mai,Chonburi,TrueMoney Wallet,Completed,5.0,,Yes,1.0,1.86
100152,2513,Anan Meesuk,,Pro Notebook 461,Books,284.09,9,0.0,2556.81,2024-04-05,Phuket,Songkhla,PromptPay,Completed,4.0,โอเคสำหรับราคานี้,Yes,,4.02
102569,1873,Kittisak Boonmee,kittisak.boonmee340@outlook.com,Eco Pillow 999,Groceries,518.7,2,15.0,881.79,2024-09-16,Lampang,Nakhon Ratchasima,TrueMoney Wallet,Shipped,,,Yes,7.0,3.71
104712,1074,Thawatchai Sinthop,thawatchai.sinthop339@outlook.com,Plus Wallet 514,Groceries,566.5,2,15.0,963.05,2025-09-22,Khon Kaen,Nonthaburi,Installment,Cancelled,5.0,,No,8.0,3.51
103834,1601,Kittisak Chaiyaporn,kittisak.chaiyaporn878@hotmail.com,Ultra Jacket 313,Automotive,323.05,5,5.0,1534.49,2024-07-22,Nakhon Si Thammarat,Khon Kaen,COD,Shipped,5.0,,No,13.0,0.77
101503,1864,Somkiat Yodying,somkiat.yodying974@hotmail.com,Max Blender 408,Books,269.35,2,0.0,538.7,2024-08-24,Nonthaburi,Nakhon Ratchasima,COD,Shipped,4.0,,No,5.0,1.11
101926,2664,Boonmee Rattanakul,boonmee.rattanakul199@yahoo.com,Plus Speaker 648,Fashion,591.83,3,0.0,1775.49,2025-12-23,Hat Yai,Songkhla,TrueMoney Wallet,Completed,5.0,,Yes,11.0,0.29
101652,1848,Chaiyot Yodying,chaiyot.yodying655@gmail.com,Eco Chair 681,Books,988.64,5,30.0,3460.24,2025-04-28,,Rayong,Bank Transfer,Completed,3.0,,No,3.0,0.13
102926,1453,Siriporn Chantra,siriporn.chantra259@outlook.com,Lite Bottle 679,Health,,1,0.0,353.93,2023-02-21,Nonthaburi,Bangkok,PromptPay,Completed,5.0,โอเคสำหรับราคานี้,Yes,8.0,1.21
104370,1880,Orawan Sukjai,orawan.sukjai248@outlook.com,Eco Watch 125,Fashion,744.09,6,0.0,4464.54,2025-04-07,Khon Kaen,Chiang Mai,PromptPay,Completed,4.0,คุณภาพต่ำกว่าที่คิด,No,12.0,1.17
104846,1146,Siriporn Yodying,siriporn.yodying833@outlook.com,Max Lamp 210,Groceries,548.13,6,0.0,3288.78,2024-10-30,Khon Kaen,Khon Kaen,PromptPay,Shipped,1.0,ใช้งานได้ตามที่คาดหวัง,Yes,10.0,2.93
102174,1579,Somchai Chantra,somchai.chantra209@gmail.com,Lite Lamp 254,Books,515.82,6,0.0,3094.92,2025-04-15,Nong Khai,Nonthaburi,PromptPay,Completed,5.0,,Yes,7.0,0.56
102710,2326,Pichit Kaewkla,pichit.kaewkla729@hotmail.com,Ultra Camera 724,Fashion,197.22,1,0.0,197.22,2024-12-17,Nakhon Si Thammarat,Chiang Mai,Bank Transfer,Shipped,4.0,,No,14.0,2.55
100031,2184,Thawatchai Wongsawat,thawatchai.wongsawat131@yahoo.com,Smart Notebook 323,Groceries,403.66,4,0.0,1614.64,2023-03-02,Sakon Nakhon,Nakhon Ratchasima,PromptPay,Completed,4.0,,Yes,7.0,0.17
100937,2464,Ploy Chaiyaporn,ploy.chaiyaporn895@gmail.com,Plus Mouse 266,Automotive,422.96,3,30.0,888.22,2023-10-01,Pattaya,Phuket,Installment,Shipped,,,No,4.0,1.22
101244,2529,Thawatchai Chantra,thawatchai.chantra780@outlook.com,Smart Lamp 190,Automotive,504.02,3,0.0,1512.06,2024-06-16,Nakhon Ratchasima,Rayong,COD,Processing,,จะกลับมาซื้อซ้ำแน่นอน,Yes,,0.52
101983,1777,Ratana Sinthop,ratana.sinthop848@yahoo.com,Lite Pillow 180,Electronics,789.97,5,10.0,3554.86,2023-10-03,Nakhon Si Thammarat,Phuket,Installment,Completed,,,No,12.0,1.59
104822,2140,Somkiat Chantra,somkiat.chantra683@yahoo.com,Eco Camera 672,Electronics,403.25,1,0.0,403.25,2024-01-16,,Nonthaburi,Credit Card,Returned,5.0,คุณภาพต่ำกว่าที่คิด,Yes,2.0,2.01
100309,2207,Nittaya Wattana,nittaya.wattana293@hotmail.com,Plus Watch 675,Groceries,491.24,7,25.0,2579.01,2023-11-26,Ubon Ratchathani,Udon Thani,Credit Card,Completed,5.0,ส่งไวมาก ประทับใจ,No,7.0,1.44
102488,2576,Somchai Panyawong,,Mini Headphone 761,Electronics,507.91,3,0.0,1523.73,2024-01-25,Chiang Mai,Chiang Mai,COD,Returned,5.0,,No,11.0,0.78
104912,2372,Pichit Sinthop,pichit.sinthop970@outlook.com,Eco Headphone 631,Groceries,542.32,1,15.0,460.97,2025-01-03,Surat Thani,Chonburi,Bank Transfer,Completed,,ของมาช้ากว่ากำหนด,No,1.0,3.13
103985,2377,Thawatchai Phetcharat,,Pro Chair 472,Toys,251.05,1,,225.95,2023-06-26,Khon Kaen,Songkhla,Credit Card,Completed,,แพ็คเกจไม่แน่นหนา,No,,1.35
102654,1185,Suchart Rattanakul,suchart.rattanakul145@yahoo.com,Mini Chair 434,Groceries,374.19,8,0.0,2993.52,2023-06-26,Nong Khai,Nakhon Ratchasima,COD,Processing,4.0,โอเคสำหรับราคานี้,No,9.0,0.13
100495,2346,Duangjai Boonmee,duangjai.boonmee805@gmail.com,Max Backpack 894,Beauty,283.29,4,0.0,1133.16,2024-07-16,Bangkok,Bangkok,Bank Transfer,Processing,4.0,,No,5.0,0.41
100205,1484,Kittisak Sukjai,kittisak.sukjai534@yahoo.com,Lite Watch 296,Automotive,622.24,6,5.0,3546.77,2024-06-21,Chiang Rai,Phuket,Credit Card,Processing,4.0,แพ็คเกจไม่แน่นหนา,Yes,12.0,1.67
104987,1357,Somkiat Wattana,somkiat.wattana417@gmail.com,Smart Watch 328,Toys,477.45,1,0.0,477.45,2024-07-08,Buriram,Rayong,TrueMoney Wallet,Cancelled,,,No,8.0,0.46
103403,2206,Boonmee Chantra,boonmee.chantra825@hotmail.com,Max Watch 146,Groceries,822.59,2,0.0,1645.18,2023-11-15,Phuket,Bangkok,COD,Completed,,สินค้าดีมาก คุ้มราคา,No,1.0,0.53
103881,2861,Chaiyot Thongdee,chaiyot.thongdee185@outlook.com,Pro Bottle 558,Toys,155.31,6,0.0,931.86,2023-02-08,Udon Thani,Chonburi,COD,Completed,,,Yes,8.0,0.67
100305,1246,Chomphunut Kaewkla,chomphunut.kaewkla25@yahoo.com,Lite Camera 755,Fashion,849.3,6,10.0,4586.22,2023-09-18,Chiang Mai,Songkhla,TrueMoney Wallet,Completed,5.0,,Yes,,0.16
104964,2127,Malee Thongdee,malee.thongdee993@yahoo.com,Lite Lamp 451,Toys,368.1,7,0.0,2576.7,2025-10-15,Udon Thani,Nakhon Ratchasima,Installment,Completed,5.0,จะกลับมาซื้อซ้ำแน่นอน,Yes,,0.16
104436,2515,Suchart Srisuk,suchart.srisuk882@outlook.com,Plus Blender 244,Toys,239.69,5,5.0,1138.53,2025-07-09,Nakhon Ratchasima,Nakhon Ratchasima,TrueMoney Wallet,Completed,4.0,,Yes,8.0,0.27
101061,2469,Ploy Saelim,ploy.saelim306@hotmail.com,Plus Speaker 992,Home & Living,369.43,7,0.0,2586.01,2024-08-06,Ubon Ratchathani,Khon Kaen,Credit Card,Shipped,4.0,บริการลูกค้าดีเยี่ยม,No,,
100843,1953,Siriporn Srisuk,siriporn.srisuk316@gmail.com,Pro Watch 422,Electronics,268.36,2,30.0,375.7,2023-11-24,Rayong,Bangkok,COD,Returned,4.0,,No,,0.74
103455,1553,Siriporn Chotirat,siriporn.chotirat539@hotmail.com,Pro Notebook 748,Home & Living,182.31,6,15.0,929.78,2024-06-14,Hat Yai,Nakhon Ratchasima,TrueMoney Wallet,Completed,,ส่งไวมาก ประทับใจ,Yes,8.0,
102605,2666,Kittisak Wattana,kittisak.wattana509@outlook.com,Max Mouse 160,Fashion,348.22,2,20.0,557.15,2023-06-28,Phuket,Nonthaburi,Installment,Processing,3.0,จะกลับมาซื้อซ้ำแน่นอน,No,8.0,1.78
100211,1540,Suchart Panyawong,suchart.panyawong518@gmail.com,Lite Jacket 439,Groceries,346.61,8,0.0,2772.88,2024-08-05,Chiang Mai,Nakhon Ratchasima,Installment,Returned,5.0,,Yes,4.0,1.42
103765,2764,Pichit Kaewkla,pichit.kaewkla904@outlook.com,Mini Wallet 209,Home & Living,348.48,9,0.0,3136.32,2023-10-03,Phuket,Songkhla,Credit Card,Completed,4.0,จะกลับมาซื้อซ้ำแน่นอน,Yes,,0.86
100679,2203,Somchai Sinthop,somchai.sinthop184@outlook.com,Lite Blender 989,Electronics,322.07,3,0.0,966.21,2024-01-10,Udon Thani,Rayong,COD,Completed,,,Yes,13.0,0.36
100565,2365,Prasert Panyawong,prasert.panyawong486@yahoo.com,Ultra Sneaker 755,Toys,,2,15.0,770.7,2024-07-07,Nakhon Si Thammarat,Nonthaburi,Bank Transfer,Completed,4.0,,Yes,10.0,0.12
101558,1682,Somchai Prasertsak,,Ultra Backpack 921,Books,215.21,6,5.0,1226.7,2023-03-15,Ubon Ratchathani,Nakhon Ratchasima,PromptPay,Completed,,,No,,3.24
103879,2336,Yupin Wattana,yupin.wattana676@outlook.com,Lite Headphone 535,Sports,288.79,2,0.0,577.58,2025-01-23,Krabi,Chiang Mai,PromptPay,Completed,5.0,,No,12.0,0.16
100680,2246,Prasert Srisuk,prasert.srisuk469@outlook.com,Max Speaker 821,Beauty,1139.75,2,0.0,2279.5,2024-01-06,Nakhon Ratchasima,Nakhon Ratchasima,Credit Card,Completed,4.0,โอเคสำหรับราคานี้,No,8.0,0.38
100180,2792,Wilai Boonmee,,Pro Jacket 921,Toys,403.27,4,0.0,1613.08,2025-10-12,Bangkok,Chonburi,PromptPay,Processing,4.0,ของมาช้ากว่ากำหนด,Yes,11.0,1.12
102698,1027,Chomphunut Yodying,chomphunut.yodying436@outlook.com,Smart Backpack 490,Electronics,339.91,9,0.0,3059.19,2023-03-13,Bangkok,Khon Kaen,COD,Completed,4.0,จะกลับมาซื้อซ้ำแน่นอน,No,8.0,
102906,1735,Kanya Boonmee,kanya.boonmee433@gmail.com,Eco Lamp 686,Electronics,406.97,9,20.0,2930.18,2023-10-12,Nong Khai,Nakhon Ratchasima,COD,Cancelled,,,No,7.0,1.99
102347,2056,Somchai Panyawong,somchai.panyawong17@yahoo.com,Max Keyboard 209,Sports,911.87,1,10.0,820.68,2024-11-01,Nonthaburi,Phuket,Installment,Completed,,จะกลับมาซื้อซ้ำแน่นอน,Yes,14.0,0.93
104296,1595,Somsri Phetcharat,somsri.phetcharat356@yahoo.com,Mini Mouse 116,Sports,410.69,7,15.0,2443.61,2023-06-15,Ubon Ratchathani,Songkhla,Credit Card,Shipped,5.0,,No,8.0,0.22
100278,2830,Wilai Panyawong,,Pro Lamp 347,Electronics,439.98,4,20.0,1407.94,2024-09-07,Hat Yai,Nonthaburi,TrueMoney Wallet,Completed,,,No,12.0,1.65
102117,1010,Somsri Meesuk,somsri.meesuk715@gmail.com,Plus Wallet 419,Automotive,284.4,7,0.0,1990.8,2023-02-06,,Bangkok,Installment,Shipped,5.0,,Yes,1.0,6.2
103979,2014,Nittaya Meesuk,nittaya.meesuk755@yahoo.com,Pro Jacket 989,Sports,300.64,7,10.0,1894.03,2024-03-23,Lampang,Songkhla,PromptPay,Completed,5.0,,Yes,,0.13
100432,1687,Kanya Naruemon,kanya.naruemon940@hotmail.com,Lite Charger 657,Toys,554.73,4,0.0,2218.92,2023-06-10,Krabi,Bangkok,Installment,Processing,5.0,,Yes,1.0,2.27
100289,1641,Wilai Chotirat,,Lite Blender 831,Automotive,1153.57,8,0.0,9228.56,2023-01-21,Phuket,Phuket,,Completed,4.0,,No,14.0,1.15
101027,2484,Chaiyot Boonmee,chaiyot.boonmee299@hotmail.com,Max Notebook 529,Beauty,597.04,2,30.0,835.86,2025-01-01,Pattaya,Bangkok,Installment,Cancelled,,คุณภาพต่ำกว่าที่คิด,No,,0.68
100535,1902,Pichit Sinthop,pichit.sinthop246@yahoo.com,Plus Sneaker 638,Fashion,1097.72,6,0.0,6586.32,2024-02-27,Chiang Mai,Bangkok,PromptPay,Completed,1.0,ส่งไวมาก ประทับใจ,No,10.0,0.65
104127,1612,Anucha Phetcharat,anucha.phetcharat306@yahoo.com,Eco Wallet 897,Health,257.24,9,20.0,1852.13,2024-11-21,Khon Kaen,Rayong,Installment,Returned,,,Yes,9.0,1.16
100188,1392,Sombat Panyawong,sombat.panyawong739@yahoo.com,Plus Chair 763,Fashion,442.46,9,15.0,3384.82,2023-02-04,Chiang Mai,Khon Kaen,Bank Transfer,Cancelled,3.0,ใช้งานได้ตามที่คาดหวัง,No,12.0,2.77
103699,1230,Kanya Wongsawat,kanya.wongsawat605@hotmail.com,Smart Keyboard 841,Fashion,458.02,9,0.0,4122.18,2023-01-06,Lampang,Phuket,PromptPay,Completed,5.0,คุณภาพต่ำกว่าที่คิด,Yes,2.0,1.03
103967,2931,Wichai Yodying,wichai.yodying941@gmail.com,Ultra Lamp 462,Fashion,430.24,4,0.0,1720.96,2023-10-13,Buriram,Songkhla,Credit Card,Returned,1.0,แพ็คเกจไม่แน่นหนา,No,4.0,0.38
101361,1000,Orawan Boonmee,orawan.boonmee160@outlook.com,Mini Notebook 248,Automotive,384.54,6,10.0,2076.52,2025-01-28,Bangkok,Phuket,Installment,Shipped,5.0,แพ็คเกจไม่แน่นหนา,Yes,,6.97
100270,2715,Chaiyot Chotirat,chaiyot.chotirat587@yahoo.com,Lite Bottle 360,Books,,4,5.0,1441.45,2024-06-04,Trang,Udon Thani,PromptPay,Completed,5.0,,No,8.0,0.18
103571,2882,Somkiat Prasertsak,somkiat.prasertsak826@outlook.com,Max Mouse 261,Toys,780.86,7,15.0,4646.12,2023-10-05,Krabi,Chiang Mai,Installment,Cancelled,1.0,สีไม่ตรงตามรูป,Yes,5.0,0.98
104602,1386,Anan Panyawong,anan.panyawong391@yahoo.com,Plus Pillow 913,Toys,439.08,1,25.0,329.31,2025-07-07,Sakon Nakhon,Udon Thani,Bank Transfer,Completed,,,Yes,6.0,0.51
102186,2218,Suchart Sukjai,suchart.sukjai450@outlook.com,Plus Speaker 793,Beauty,635.25,8,20.0,4065.6,2023-06-27,Chiang Mai,Rayong,Installment,Completed,,,Yes,6.0,0.22
103745,2492,Yupin Panyawong,yupin.panyawong698@gmail.com,Max Pillow 532,Beauty,237.18,1,20.0,189.74,2023-09-30,Buriram,Nakhon Ratchasima,COD,Cancelled,,,Yes,3.0,5.81
100111,2485,Pichit Kaewkla,pichit.kaewkla944@outlook.com,Mini Wallet 257,Toys,678.77,6,0.0,4072.62,2024-11-06,,Phuket,COD,Completed,4.0,,No,12.0,2.37
101946,2636,,anan.rattanakul356@yahoo.com,Eco Notebook 966,Toys,656.33,5,0.0,3281.65,2023-08-19,Rayong,Rayong,Installment,Completed,5.0,บริการลูกค้าดีเยี่ยม,Yes,7.0,3.31
100220,1577,Malee Naruemon,malee.naruemon242@hotmail.com,Plus Notebook 925,Health,119.15,1,5.0,113.19,2023-10-24,Chiang Rai,Nonthaburi,TrueMoney Wallet,Returned,4.0,,No,1.0,2.16
103128,1424,Yupin Prasertsak,yupin.prasertsak15@gmail.com,Eco Camera 181,Groceries,491.87,4,0.0,1967.48,2024-06-27,Chiang Rai,Chiang Mai,PromptPay,Returned,,,No,13.0,0.68
100627,1559,Somchai Sukjai,somchai.sukjai703@outlook.com,Max Sneaker 391,Electronics,520.65,3,20.0,1249.56,2023-09-05,Ubon Ratchathani,Nonthaburi,PromptPay,Returned,,แพ็คเกจไม่แน่นหนา,No,14.0,0.19
101210,2049,Nittaya Meesuk,nittaya.meesuk405@yahoo.com,Plus Blender 798,Health,252.76,7,0.0,1769.32,2023-08-27,Khon Kaen,Nakhon Ratchasima,TrueMoney Wallet,Returned,5.0,โอเคสำหรับราคานี้,No,2.0,1.33
103402,1509,Suree Yodying,,Plus Jacket 646,Beauty,1579.07,5,30.0,5526.74,2025-01-04,Krabi,Songkhla,,Processing,4.0,,No,8.0,0.22
104155,2594,Kanya Phetcharat,,Smart Backpack 968,Electronics,637.12,5,0.0,3185.6,2024-09-08,Buriram,Udon Thani,PromptPay,Shipped,,ของมาช้ากว่ากำหนด,Yes,3.0,1.94
100790,1698,Niran Wattana,niran.wattana769@gmail.com,Mini Sneaker 319,Sports,454.28,3,30.0,953.99,2023-11-08,Trang,Songkhla,Bank Transfer,Completed,4.0,,No,12.0,1.1
102423,1519,Suchart Sukjai,suchart.sukjai730@yahoo.com,Lite Backpack 220,Sports,286.57,7,0.0,2005.99,2025-09-22,Nakhon Si Thammarat,Chiang Mai,PromptPay,Completed,,ของมาช้ากว่ากำหนด,Yes,5.0,0.14
100461,1658,Pichit Naruemon,pichit.naruemon573@gmail.com,Max Speaker 514,Sports,852.17,4,0.0,3408.68,2024-10-22,Bangkok,Nakhon Ratchasima,Credit Card,Completed,1.0,,No,2.0,0.78
104425,1131,Kittisak Chaiyaporn,kittisak.chaiyaporn597@outlook.com,Eco Watch 985,Beauty,443.45,4,0.0,1773.8,2024-04-16,Sakon Nakhon,Nonthaburi,Installment,Processing,,คุณภาพต่ำกว่าที่คิด,Yes,11.0,0.44
100551,1833,Orawan Prasertsak,orawan.prasertsak336@hotmail.com,Smart Notebook 983,Home & Living,698.06,1,0.0,698.06,2024-01-15,Chiang Rai,Phuket,Credit Card,Processing,4.0,,Yes,5.0,2.69
104542,2176,Kittisak Wattana,kittisak.wattana861@hotmail.com,Eco Backpack 470,Electronics,492.69,8,0.0,3941.52,2023-07-24,Chiang Rai,Nonthaburi,COD,Completed,3.0,,Yes,5.0,3.53
102191,1520,Pichit Sukjai,pichit.sukjai104@gmail.com,Mini Blender 455,Fashion,,7,10.0,4984.75,2023-01-04,Ubon Ratchathani,Nakhon Ratchasima,COD,Completed,4.0,ของมาช้ากว่ากำหนด,No,10.0,0.18
100198,1742,Siriporn Kaewkla,siriporn.kaewkla903@yahoo.com,Mini Jacket 184,Beauty,193.13,9,0.0,1738.17,2025-07-25,Phuket,Nonthaburi,Bank Transfer,Completed,5.0,คุณภาพต่ำกว่าที่คิด,No,7.0,2.9
104016,1587,Somchai Kaewkla,somchai.kaewkla257@yahoo.com,Plus Lamp 277,Automotive,205.31,6,15.0,1047.08,2025-12-15,Nakhon Si Thammarat,Phuket,Installment,Returned,,สีไม่ตรงตามรูป,No,3.0,0.26
101703,1924,Ratana Wattana,,Eco Headphone 852,Groceries,213.75,9,25.0,1442.81,2024-07-18,Surat Thani,Udon Thani,PromptPay,Completed,5.0,แพ็คเกจไม่แน่นหนา,Yes,3.0,2.89
100402,1509,Orawan Kaewkla,,Smart Camera 797,Beauty,369.55,4,0.0,1478.2,2023-07-26,Phuket,Udon Thani,TrueMoney Wallet,Shipped,,,Yes,1.0,1.33
103097,2577,,chomphunut.meesuk582@yahoo.com,Max Pillow 194,Toys,1418.0,4,0.0,5672.0,2023-12-25,Nonthaburi,Rayong,TrueMoney Wallet,Completed,4.0,บริการลูกค้าดีเยี่ยม,Yes,13.0,0.27
102164,2168,Chomphunut Meesuk,chomphunut.meesuk387@hotmail.com,Eco Sneaker 778,Automotive,918.39,4,0.0,3673.56,2025-03-22,Lampang,Phuket,TrueMoney Wallet,Completed,4.0,สินค้าดีมาก คุ้มราคา,Yes,4.0,0.1
104787,2627,Chomphunut Boonmee,chomphunut.boonmee505@gmail.com,Pro Mouse 383,Home & Living,238.16,9,0.0,2143.44,2025-08-21,Chiang Rai,Phuket,Bank Transfer,Completed,,,No,9.0,3.16
104247,1854,Kittisak Meesuk,kittisak.meesuk760@yahoo.com,Pro Speaker 418,Health,271.93,7,20.0,1522.81,2023-09-25,Chiang Rai,Chiang Mai,Bank Transfer,Completed,4.0,,No,,3.22
104826,2708,Chaiyot Srisuk,chaiyot.srisuk38@gmail.com,Pro Blender 497,Automotive,619.9,8,0.0,4959.2,2023-02-14,Buriram,Khon Kaen,COD,Shipped,,ใช้งานได้ตามที่คาดหวัง,No,12.0,1.05
104485,1864,Pranee Kaewkla,pranee.kaewkla609@hotmail.com,Lite Headphone 780,Fashion,1176.5,9,0.0,10588.5,2024-02-04,,Rayong,TrueMoney Wallet,Completed,5.0,บริการลูกค้าดีเยี่ยม,No,9.0,0.41
100650,2997,Duangjai Chantra,,Eco Jacket 161,Fashion,411.49,5,5.0,1954.58,2023-07-14,Surat Thani,Chonburi,Bank Transfer,Cancelled,,ใช้งานได้ตามที่คาดหวัง,Yes,6.0,3.09
100708,1690,Wichai Meesuk,,Mini Backpack 120,Automotive,1011.9,7,0.0,7083.3,2023-11-19,Nonthaburi,Udon Thani,PromptPay,Completed,5.0,ส่งไวมาก ประทับใจ,No,14.0,1.58
101514,1014,Duangjai Sukjai,duangjai.sukjai663@outlook.com,Mini Bottle 961,Groceries,476.79,6,30.0,2002.52,2024-07-08,Pattaya,Nonthaburi,Bank Transfer,Completed,5.0,,Yes,3.0,2.87
104437,1193,Anan Intharak,,Ultra Chair 482,Electronics,1104.05,3,0.0,3312.15,2023-06-22,Nakhon Si Thammarat,Phuket,Credit Card,Completed,5.0,คุณภาพต่ำกว่าที่คิด,No,9.0,1.73
103907,1631,Ploy Meesuk,ploy.meesuk923@hotmail.com,Eco Backpack 741,Fashion,472.1,9,5.0,4036.46,2024-03-13,Trang,Chiang Mai,,Cancelled,,บริการลูกค้าดีเยี่ยม,No,1.0,1.12
101873,1129,Pichit Sukjai,pichit.sukjai772@outlook.com,Max Jacket 444,Health,680.43,3,25.0,1530.97,2024-03-08,Nonthaburi,Nonthaburi,PromptPay,Completed,4.0,,Yes,10.0,1.66
102503,2951,Kittisak Sukjai,kittisak.sukjai290@hotmail.com,Ultra Bottle 651,Home & Living,538.75,3,15.0,1373.81,2023-04-15,Nakhon Ratchasima,Bangkok,TrueMoney Wallet,Completed,1.0,,Yes,13.0,0.73
100314,1279,Nittaya Sinthop,nittaya.sinthop695@hotmail.com,Pro Watch 947,Beauty,173.69,8,15.0,1181.09,2025-02-25,Nakhon Si Thammarat,Bangkok,COD,Cancelled,4.0,จะกลับมาซื้อซ้ำแน่นอน,No,6.0,
103240,2219,Wichai Intharak,wichai.intharak256@yahoo.com,Smart Watch 243,Sports,624.0,1,20.0,499.2,2024-01-19,Hat Yai,Nonthaburi,Installment,Completed,4.0,จะกลับมาซื้อซ้ำแน่นอน,No,12.0,0.45
104497,1232,Siriporn Saelim,siriporn.saelim195@yahoo.com,Ultra Keyboard 232,Books,563.83,7,5.0,,2024-11-23,Ubon Ratchathani,Chonburi,TrueMoney Wallet,Completed,5.0,,Yes,9.0,0.4
100113,2275,Sombat Saelim,sombat.saelim741@outlook.com,Smart Blender 275,Home & Living,486.15,2,0.0,972.3,2025-11-16,Udon Thani,Udon Thani,Installment,Completed,5.0,,No,14.0,1.15
100960,1971,Duangjai Prasertsak,duangjai.prasertsak925@outlook.com,Mini Wallet 987,Fashion,368.3,9,0.0,3314.7,2025-11-29,Nonthaburi,Chiang Mai,TrueMoney Wallet,Shipped,3.0,,No,14.0,1.45
102951,1406,Wichai Chaiyaporn,wichai.chaiyaporn346@yahoo.com,Plus Lamp 130,Books,155.91,6,5.0,888.69,2024-03-26,Chiang Rai,Bangkok,Installment,Shipped,5.0,,Yes,5.0,0.9
102287,1016,Anan Chantra,anan.chantra876@outlook.com,Pro Mouse 264,Fashion,,1,30.0,237.56,2024-05-04,Krabi,Phuket,Bank Transfer,Completed,5.0,,Yes,6.0,2.51
101662,2383,Niran Chantra,niran.chantra919@yahoo.com,Ultra Bottle 865,Automotive,612.83,7,20.0,3431.85,2024-05-19,Trang,Phuket,COD,Shipped,,,No,7.0,2.61
104703,2648,Ploy Panyawong,ploy.panyawong356@yahoo.com,Pro Mouse 231,Automotive,436.51,3,30.0,916.67,2025-08-14,Hat Yai,Khon Kaen,PromptPay,Completed,1.0,สินค้าดีมาก คุ้มราคา,No,1.0,1.59
101182,2428,Anucha Sukjai,anucha.sukjai389@hotmail.com,Ultra Charger 590,Electronics,814.99,9,20.0,5867.93,2023-01-22,Bangkok,Songkhla,COD,Completed,,,No,9.0,0.8
101612,2826,Ploy Phetcharat,,Smart Charger 546,Groceries,749.7,3,0.0,2249.1,2023-09-09,Rayong,Khon Kaen,Credit Card,Returned,,,Yes,14.0,0.86
103238,2430,Orawan Prasertsak,orawan.prasertsak800@outlook.com,Ultra Sneaker 568,Beauty,456.09,9,15.0,3489.09,2025-01-13,Nong Khai,Chonburi,TrueMoney Wallet,Completed,2.0,ของมาช้ากว่ากำหนด,Yes,6.0,3.52
101235,2030,Suree Panyawong,suree.panyawong812@gmail.com,Mini Jacket 407,Electronics,,2,0.0,2501.24,2024-10-14,Nong Khai,Nonthaburi,Installment,Shipped,5.0,,Yes,11.0,1.78
103460,1104,Orawan Wongsawat,orawan.wongsawat384@hotmail.com,Mini Chair 683,Electronics,552.76,1,0.0,552.76,2025-10-29,Lampang,Chiang Mai,PromptPay,Cancelled,3.0,,No,3.0,0.1
104955,1187,Kittisak Phetcharat,kittisak.phetcharat397@yahoo.com,Eco Notebook 128,Fashion,359.9,3,30.0,755.79,2024-06-08,Ubon Ratchathani,Udon Thani,Bank Transfer,Completed,,จะกลับมาซื้อซ้ำแน่นอน,No,7.0,
104926,2687,Wichai Intharak,wichai.intharak977@hotmail.com,Max Notebook 121,Beauty,455.3,3,30.0,956.13,2024-09-02,Chiang Rai,Nakhon Ratchasima,Credit Card,Returned,5.0,,Yes,14.0,1.04
102015,2296,Pichit Chotirat,pichit.chotirat639@hotmail.com,Mini Speaker 991,Toys,961.34,8,20.0,6152.58,2024-04-17,Nakhon Si Thammarat,Nakhon Ratchasima,TrueMoney Wallet,Completed,5.0,,Yes,6.0,2.34
102341,1947,Somsri Sinthop,somsri.sinthop671@gmail.com,Plus Headphone 161,Home & Living,182.27,7,0.0,1275.89,2025-08-06,Lampang,Songkhla,Installment,Shipped,5.0,จะกลับมาซื้อซ้ำแน่นอน,Yes,1.0,0.9
104086,1475,Anan Wattana,anan.wattana215@yahoo.com,Pro Charger 650,Home & Living,344.77,8,30.0,1930.71,2025-05-16,Bangkok,Nakhon Ratchasima,Credit Card,Returned,,คุณภาพต่ำกว่าที่คิด,Yes,9.0,1.68
104896,1839,Wilai Wongsawat,wilai.wongsawat3@outlook.com,Ultra Pillow 418,Fashion,458.8,2,5.0,871.72,2024-08-28,Bangkok,Udon Thani,COD,Shipped,3.0,,Yes,4.0,1.95
104213,2337,Anucha Naruemon,anucha.naruemon116@gmail.com,Eco Camera 633,Automotive,271.85,5,30.0,951.47,2023-01-20,Buriram,Chiang Mai,Bank Transfer,Cancelled,4.0,,Yes,6.0,3.49
103058,1914,Wilai Thongdee,wilai.thongdee997@outlook.com,Mini Speaker 256,Health,733.39,5,0.0,3666.95,2024-03-15,Sakon Nakhon,Nakhon Ratchasima,TrueMoney Wallet,Cancelled,4.0,ของมาช้ากว่ากำหนด,No,13.0,2.55
104541,1519,Wichai Naruemon,wichai.naruemon951@yahoo.com,Max Lamp 365,Toys,155.22,3,0.0,465.66,2025-06-15,Phuket,Khon Kaen,Credit Card,Shipped,3.0,,No,7.0,1.17
104519,1126,Pranee Intharak,pranee.intharak524@outlook.com,Pro Jacket 991,Automotive,1374.03,3,0.0,4122.09,2025-09-01,Chiang Rai,Rayong,Credit Card,Returned,5.0,,No,9.0,7.44
102280,2985,Siriporn Thongdee,siriporn.thongdee976@gmail.com,Max Notebook 659,Groceries,516.41,4,,1652.51,2023-06-19,Krabi,Nakhon Ratchasima,Installment,Completed,,ส่งไวมาก ประทับใจ,No,6.0,3.06
102902,1604,Chomphunut Sukjai,chomphunut.sukjai132@outlook.com,Smart Jacket 849,Fashion,266.56,1,5.0,253.23,2025-06-06,Hat Yai,Udon Thani,Bank Transfer,Completed,4.0,แพ็คเกจไม่แน่นหนา,Yes,4.0,0.9
103371,2795,Wilai Chantra,,Pro Lamp 380,Toys,305.81,4,0.0,1223.24,2024-09-09,Sakon Nakhon,Bangkok,Bank Transfer,Completed,1.0,,No,9.0,2.24
104373,1267,Suree Srisuk,suree.srisuk222@outlook.com,Ultra Sneaker 415,Electronics,306.54,9,0.0,2758.86,2023-01-22,Trang,Bangkok,TrueMoney Wallet,Completed,,,No,12.0,0.44
101751,1181,Pichit Chotirat,pichit.chotirat401@gmail.com,Smart Lamp 706,Groceries,245.39,5,5.0,1165.6,2023-07-01,Krabi,Nonthaburi,Credit Card,Completed,4.0,จะกลับมาซื้อซ้ำแน่นอน,No,8.0,2.65
101665,2792,Sombat Chantra,sombat.chantra665@outlook.com,Plus Lamp 103,Beauty,255.95,4,5.0,972.61,2024-06-10,Phuket,Songkhla,TrueMoney Wallet,Shipped,4.0,,No,,2.27
100789,1396,Anan Boonmee,anan.boonmee664@yahoo.com,Pro Sneaker 191,Health,690.57,9,0.0,6215.13,2025-04-28,Phuket,Chiang Mai,TrueMoney Wallet,Completed,5.0,,No,1.0,0.74
102295,1674,Thawatchai Meesuk,thawatchai.meesuk677@yahoo.com,Eco Bottle 162,Home & Living,296.15,7,5.0,1969.4,2023-06-04,Bangkok,Chiang Mai,Installment,Processing,1.0,,No,12.0,3.68
103271,1072,Kanya Prasertsak,kanya.prasertsak438@outlook.com,Plus Backpack 815,Automotive,62.42,5,0.0,312.1,2024-12-23,Krabi,Nakhon Ratchasima,PromptPay,Returned,4.0,ส่งไวมาก ประทับใจ,No,4.0,0.25
103162,2821,Suree Prasertsak,suree.prasertsak202@outlook.com,Eco Backpack 767,Sports,481.95,3,,1301.26,2024-09-05,Nakhon Ratchasima,Songkhla,Bank Transfer,Completed,,แพ็คเกจไม่แน่นหนา,No,10.0,0.45
100871,2350,Somsri Meesuk,somsri.meesuk259@yahoo.com,Eco Desk 230,Automotive,329.88,6,30.0,1385.5,2023-11-15,Udon Thani,Chonburi,COD,Completed,,,No,2.0,1.63
101736,2006,Rungnapa Chantra,rungnapa.chantra744@outlook.com,Lite Mouse 140,Health,1790.5,1,0.0,1790.5,2024-02-08,Surat Thani,Nonthaburi,Installment,Completed,3.0,โอเคสำหรับราคานี้,No,7.0,1.56
104384,2299,Sombat Naruemon,sombat.naruemon179@outlook.com,Plus Chair 919,Sports,332.83,8,,2396.38,2023-03-18,Udon Thani,Khon Kaen,TrueMoney Wallet,Completed,5.0,,Yes,8.0,0.81
101351,2433,Ratana Panyawong,ratana.panyawong181@yahoo.com,Lite Bottle 490,Beauty,561.81,4,0.0,2247.24,2023-01-31,Nakhon Si Thammarat,Udon Thani,Installment,Completed,4.0,โอเคสำหรับราคานี้,No,12.0,3.06
100073,1897,Wilai Naruemon,,Smart Pillow 198,Beauty,217.99,7,30.0,1068.15,2023-08-16,Chiang Mai,Chiang Mai,Installment,Cancelled,5.0,,No,,
101876,2386,Boonmee Meesuk,boonmee.meesuk535@hotmail.com,Eco Backpack 479,Books,795.57,1,10.0,716.01,2024-12-03,Khon Kaen,Udon Thani,TrueMoney Wallet,Shipped,5.0,จะกลับมาซื้อซ้ำแน่นอน,Yes,4.0,0.32
101822,2258,Wilai Chaiyaporn,wilai.chaiyaporn588@outlook.com,Lite Wallet 138,Sports,356.01,8,5.0,2705.68,2025-12-24,Buriram,Songkhla,PromptPay,Cancelled,,โอเคสำหรับราคานี้,Yes,9.0,0.95
102517,2126,Chomphunut Rattanakul,chomphunut.rattanakul861@hotmail.com,Lite Bottle 377,Toys,542.07,7,25.0,2845.87,2024-05-31,,Nakhon Ratchasima,Installment,Shipped,5.0,,Yes,4.0,3.61
104681,2442,Nittaya Chotirat,nittaya.chotirat475@hotmail.com,Plus Watch 227,Beauty,507.61,8,0.0,4060.88,2023-08-10,Hat Yai,Chonburi,TrueMoney Wallet,Completed,4.0,,No,10.0,0.41
102897,1710,Chomphunut Thongdee,chomphunut.thongdee477@gmail.com,Eco Backpack 482,Fashion,723.34,9,0.0,6510.06,2025-06-19,Sakon Nakhon,Phuket,Bank Transfer,Completed,,,No,1.0,0.2
104927,2570,Somsri Chotirat,somsri.chotirat68@yahoo.com,Lite Headphone 848,Groceries,752.39,4,10.0,2708.6,2023-10-23,Trang,Chiang Mai,TrueMoney Wallet,Completed,3.0,,Yes,8.0,1.29
103859,1580,Somsri Sukjai,somsri.sukjai472@outlook.com,Eco Blender 992,Sports,425.0,3,0.0,,2025-07-10,Buriram,Chiang Mai,Installment,Completed,,,Yes,,1.19
102274,1355,Duangjai Sinthop,,Max Jacket 610,Automotive,1934.21,7,0.0,13539.47,2025-10-24,Surat Thani,Rayong,PromptPay,Completed,,สินค้าดีมาก คุ้มราคา,No,12.0,0.29
102925,2473,Anucha Sinthop,anucha.sinthop52@yahoo.com,Eco Bottle 905,Beauty,923.79,1,0.0,923.79,2024-10-07,Buriram,Khon Kaen,PromptPay,Completed,4.0,,Yes,10.0,6.07
101765,2404,Siriporn Phetcharat,siriporn.phetcharat163@yahoo.com,Mini Notebook 715,Home & Living,517.63,5,5.0,2458.74,2024-10-25,Nonthaburi,Rayong,Bank Transfer,Completed,5.0,,Yes,5.0,1.36
100494,2279,Rungnapa Chotirat,rungnapa.chotirat656@hotmail.com,Max Watch 888,Home & Living,399.22,6,30.0,1676.72,2024-03-31,Bangkok,Udon Thani,PromptPay,Returned,4.0,ส่งไวมาก ประทับใจ,No,6.0,0.96
103173,2326,Rungnapa Phetcharat,rungnapa.phetcharat604@outlook.com,Smart Chair 398,Automotive,266.46,3,0.0,799.38,2023-03-08,Rayong,Rayong,COD,Completed,5.0,ของมาช้ากว่ากำหนด,Yes,7.0,0.76
104248,1639,Suree Naruemon,suree.naruemon78@yahoo.com,Lite Watch 958,Automotive,383.19,3,0.0,1149.57,2025-11-10,Sakon Nakhon,Nonthaburi,Installment,Completed,3.0,บริการลูกค้าดีเยี่ยม,Yes,9.0,
101293,2975,Wilai Phetcharat,wilai.phetcharat90@gmail.com,Pro Mouse 680,Books,1062.09,7,0.0,7434.63,2024-11-24,Nakhon Ratchasima,Bangkok,Credit Card,Processing,5.0,,Yes,10.0,0.88
101164,2218,Wichai Wattana,wichai.wattana986@outlook.com,Max Jacket 573,Sports,396.68,4,30.0,1110.7,2025-11-03,Ubon Ratchathani,Nonthaburi,Credit Card,Completed,4.0,,Yes,7.0,
104649,1846,Wilai Wattana,wilai.wattana295@outlook.com,Pro Keyboard 514,Fashion,809.09,9,30.0,5097.27,2023-01-30,Udon Thani,Nakhon Ratchasima,PromptPay,Completed,4.0,,Yes,11.0,0.53
104196,1475,Malee Chantra,malee.chantra719@gmail.com,Mini Bottle 718,Automotive,194.46,7,0.0,1361.22,2024-08-01,Chiang Mai,Rayong,COD,Completed,,,No,,1.67
101831,1804,Nittaya Thongdee,nittaya.thongdee616@yahoo.com,Mini Wallet 434,Sports,458.79,8,0.0,3670.32,2023-06-15,Ubon Ratchathani,Bangkok,COD,Shipped,5.0,,No,8.0,1.71
102450,1520,Somkiat Boonmee,somkiat.boonmee977@hotmail.com,Mini Bottle 837,Fashion,682.57,6,0.0,4095.42,2024-12-11,Ubon Ratchathani,Khon Kaen,Installment,Completed,5.0,แพ็คเกจไม่แน่นหนา,Yes,,5.01
104807,1761,Somsri Phetcharat,somsri.phetcharat852@yahoo.com,Pro Sneaker 254,Electronics,661.29,9,0.0,5951.61,2025-04-11,,Udon Thani,Credit Card,Completed,2.0,,No,12.0,
100618,2664,Pichit Sinthop,pichit.sinthop440@outlook.com,Max Backpack 557,Health,678.55,6,30.0,2849.91,2023-10-29,Chiang Rai,Rayong,Bank Transfer,Completed,3.0,,No,11.0,4.35
101738,2441,Wilai Boonmee,wilai.boonmee676@gmail.com,Pro Blender 960,Toys,1823.8,2,15.0,3100.46,2023-09-02,Sakon Nakhon,Chonburi,Credit Card,Completed,,,No,6.0,1.6
102441,2176,Anucha Kaewkla,anucha.kaewkla450@hotmail.com,Pro Wallet 223,Beauty,444.2,6,30.0,1865.64,2024-12-29,Khon Kaen,Nonthaburi,Credit Card,Shipped,3.0,,Yes,,3.93
104404,2447,Ploy Chaiyaporn,ploy.chaiyaporn449@outlook.com,Eco Wallet 509,Automotive,113.42,1,15.0,96.41,2024-12-07,Udon Thani,Chiang Mai,Bank Transfer,Completed,,ส่งไวมาก ประทับใจ,Yes,12.0,0.13
103443,1545,Wichai Kaewkla,wichai.kaewkla97@hotmail.com,Max Camera 225,Home & Living,598.23,5,10.0,2692.04,2023-08-08,Sakon Nakhon,Chonburi,TrueMoney Wallet,Cancelled,5.0,จะกลับมาซื้อซ้ำแน่นอน,No,4.0,0.45
102101,1816,Boonmee Wattana,boonmee.wattana496@hotmail.com,Smart Blender 557,Fashion,892.32,2,0.0,1784.64,2024-12-03,Krabi,Phuket,Credit Card,Completed,,บริการลูกค้าดีเยี่ยม,No,9.0,0.18
103456,1020,Kanya Meesuk,kanya.meesuk577@gmail.com,Ultra Watch 598,Sports,173.48,3,0.0,520.44,2025-02-05,Krabi,Rayong,PromptPay,Processing,5.0,,No,14.0,2.24
100869,2680,Nittaya Saelim,nittaya.saelim898@outlook.com,Pro Lamp 585,Groceries,979.58,7,0.0,,2024-01-23,,Phuket,PromptPay,Completed,,บริการลูกค้าดีเยี่ยม,Yes,13.0,0.32
102757,1968,Ploy Intharak,ploy.intharak928@yahoo.com,Lite Sneaker 608,Toys,319.38,9,5.0,2730.7,2024-08-25,Nonthaburi,Rayong,PromptPay,Completed,5.0,,Yes,4.0,2.2
101042,1770,Anucha Yodying,anucha.yodying643@outlook.com,Pro Blender 595,Books,691.5,6,,4149.0,2024-03-05,Nakhon Si Thammarat,Songkhla,PromptPay,Completed,,,Yes,7.0,1.17
101392,2994,Anucha Panyawong,anucha.panyawong556@yahoo.com,Smart Jacket 117,Groceries,1012.29,7,5.0,6731.73,2023-04-05,Nakhon Ratchasima,Phuket,TrueMoney Wallet,Shipped,4.0,จะกลับมาซื้อซ้ำแน่นอน,No,11.0,0.44
100356,2969,Somchai Chantra,somchai.chantra757@gmail.com,Max Keyboard 842,Health,637.96,7,10.0,4019.15,2024-10-19,Bangkok,Rayong,Credit Card,Completed,3.0,บริการลูกค้าดีเยี่ยม,No,5.0,1.49
101162,2719,Siriporn Naruemon,siriporn.naruemon568@outlook.com,Lite Mouse 478,Toys,335.47,2,20.0,536.75,2025-03-08,Bangkok,Phuket,TrueMoney Wallet,Processing,,ของมาช้ากว่ากำหนด,No,,0.83
102804,2969,Ratana Panyawong,ratana.panyawong213@yahoo.com,Mini Wallet 826,Electronics,655.63,4,0.0,2622.52,2025-05-05,Nakhon Ratchasima,Rayong,Bank Transfer,Processing,4.0,โอเคสำหรับราคานี้,No,9.0,1.58
101260,1125,Anucha Naruemon,,Mini Bottle 934,Fashion,249.12,8,10.0,1793.66,2025-05-24,Lampang,Songkhla,PromptPay,Processing,5.0,,No,13.0,3.07
101295,1876,Thawatchai Meesuk,thawatchai.meesuk43@hotmail.com,Eco Charger 206,Groceries,275.03,7,0.0,1925.21,2025-04-02,Surat Thani,Udon Thani,COD,Completed,,สีไม่ตรงตามรูป,Yes,8.0,0.5
101583,2430,Somchai Wongsawat,somchai.wongsawat525@yahoo.com,Mini Camera 970,Books,,2,0.0,,2024-03-12,Nong Khai,Rayong,COD,Shipped,,,No,1.0,1.09
103861,2855,Kittisak Chaiyaporn,kittisak.chaiyaporn475@yahoo.com,Max Backpack 457,Toys,,3,20.0,1512.62,2023-07-23,Krabi,Chiang Mai,Installment,Shipped,4.0,ใช้งานได้ตามที่คาดหวัง,Yes,10.0,3.0
103971,2201,Wilai Thongdee,wilai.thongdee826@gmail.com,Max Watch 314,Toys,420.83,9,0.0,3787.47,2023-03-24,,Songkhla,Credit Card,Cancelled,4.0,สินค้าดีมาก คุ้มราคา,No,6.0,0.77
103689,2247,Ratana Kaewkla,ratana.kaewkla913@outlook.com,Plus Notebook 969,Books,537.27,5,0.0,2686.35,2025-07-25,Trang,Songkhla,Credit Card,Completed,5.0,,No,12.0,0.64
102470,2343,Wichai Panyawong,,Mini Wallet 381,Toys,437.67,4,10.0,1575.61,2024-05-01,Nakhon Si Thammarat,Udon Thani,Installment,Shipped,4.0,,Yes,1.0,0.69
102989,2968,Anucha Yodying,anucha.yodying875@outlook.com,Plus Notebook 234,Fashion,106.15,6,0.0,636.9,2023-12-15,Buriram,Songkhla,PromptPay,Shipped,3.0,,No,9.0,0.92
100332,1659,Suree Phetcharat,suree.phetcharat30@outlook.com,Pro Blender 952,Books,1180.92,3,0.0,3542.76,2024-07-28,Nong Khai,Udon Thani,Credit Card,Processing,4.0,,Yes,4.0,1.35
101419,2372,Pichit Intharak,pichit.intharak946@gmail.com,Max Notebook 146,Electronics,580.76,1,0.0,580.76,2025-12-07,Pattaya,Khon Kaen,PromptPay,Shipped,5.0,,No,5.0,0.23
102775,2035,Ploy Kaewkla,ploy.kaewkla941@gmail.com,Pro Desk 973,Home & Living,109.15,8,0.0,873.2,2025-12-13,Buriram,Songkhla,Credit Card,Completed,3.0,สีไม่ตรงตามรูป,No,1.0,4.81
102968,1786,Suree Panyawong,suree.panyawong695@yahoo.com,Mini Backpack 235,Health,495.05,5,0.0,2475.25,2025-05-10,Krabi,Nakhon Ratchasima,Installment,Completed,3.0,บริการลูกค้าดีเยี่ยม,No,11.0,3.37
103717,2037,Orawan Boonmee,orawan.boonmee680@yahoo.com,Max Pillow 515,Fashion,1087.35,4,,3044.58,2023-05-17,Bangkok,Nakhon Ratchasima,Installment,Completed,,คุณภาพต่ำกว่าที่คิด,Yes,4.0,0.23
101669,1214,Ratana Naruemon,ratana.naruemon536@yahoo.com,Pro Pillow 666,Health,839.32,3,30.0,1762.57,2024-09-05,Chiang Mai,Nakhon Ratchasima,Bank Transfer,Returned,,,,11.0,0.86
101116,1165,Anan Sinthop,anan.sinthop701@outlook.com,Mini Lamp 326,Automotive,1443.99,4,0.0,5775.96,2023-09-11,,Bangkok,COD,Completed,,,Yes,10.0,0.25
101894,2250,Ratana Wongsawat,ratana.wongsawat779@yahoo.com,Ultra Backpack 238,Fashion,247.18,2,15.0,420.21,2023-10-31,Krabi,Udon Thani,Bank Transfer,Completed,4.0,โอเคสำหรับราคานี้,Yes,6.0,0.99
104503,2552,Kittisak Sukjai,kittisak.sukjai211@yahoo.com,Ultra Keyboard 852,Sports,,7,20.0,3081.68,2024-01-18,Nong Khai,Chiang Mai,Credit Card,Returned,,คุณภาพต่ำกว่าที่คิด,Yes,8.0,1.65
103625,1301,Chatchai Srisuk,,Ultra Notebook 173,Books,546.43,1,0.0,546.43,2023-11-24,Hat Yai,Rayong,Credit Card,Shipped,4.0,จะกลับมาซื้อซ้ำแน่นอน,Yes,1.0,2.78
104538,1987,Orawan Srisuk,orawan.srisuk292@outlook.com,Max Jacket 977,Fashion,619.61,6,10.0,3345.89,2024-01-19,Ubon Ratchathani,Bangkok,Bank Transfer,Completed,5.0,,No,13.0,2.06
104194,2154,Pranee Prasertsak,pranee.prasertsak597@outlook.com,Plus Desk 876,Beauty,128.31,1,5.0,121.89,2023-06-11,Khon Kaen,Bangkok,Installment,Completed,,,No,13.0,
101752,1468,Kanya Naruemon,kanya.naruemon503@gmail.com,Ultra Bottle 117,Sports,305.75,7,,2140.25,2023-12-16,Rayong,Nakhon Ratchasima,TrueMoney Wallet,Processing,3.0,แพ็คเกจไม่แน่นหนา,Yes,9.0,3.65
100445,1437,Anan Meesuk,anan.meesuk533@hotmail.com,Pro Camera 758,Toys,238.88,1,30.0,167.22,2025-11-18,Nonthaburi,Khon Kaen,PromptPay,Completed,,สินค้าดีมาก คุ้มราคา,Yes,,2.57
102275,2281,Nittaya Phetcharat,,Smart Jacket 887,Fashion,898.0,6,0.0,5388.0,2025-01-19,Phuket,Nakhon Ratchasima,TrueMoney Wallet,Completed,5.0,ใช้งานได้ตามที่คาดหวัง,No,3.0,2.3
100452,2632,Anan Kaewkla,anan.kaewkla939@gmail.com,Lite Speaker 972,Beauty,367.12,9,0.0,3304.08,2025-03-14,Nonthaburi,Nonthaburi,Credit Card,Completed,,คุณภาพต่ำกว่าที่คิด,No,11.0,2.02
102615,1352,Kanya Intharak,kanya.intharak830@gmail.com,Eco Lamp 675,Books,1182.56,4,25.0,3547.68,2023-08-15,Phuket,Chiang Mai,Credit Card,Shipped,5.0,,No,12.0,0.76
104457,2490,Rungnapa Yodying,rungnapa.yodying688@yahoo.com,Ultra Mouse 862,fashion,511.38,7,10.0,3221.69,2024-04-12,Nong Khai,Udon Thani,Installment,Processing,5.0,,Yes,9.0,0.29
102995,2482,Siriporn Chotirat,siriporn.chotirat575@yahoo.com,Plus Jacket 116,Fashion,675.2,2,0.0,1350.4,2023-11-03,Buriram,Chonburi,Installment,Processing,,,Yes,1.0,
100014,1087,Prasert Srisuk,prasert.srisuk488@yahoo.com,Max Blender 581,Electronics,102.98,3,0.0,308.94,2025-03-30,Nonthaburi,Bangkok,COD,Cancelled,5.0,สีไม่ตรงตามรูป,Yes,12.0,3.62
102662,1020,Sombat Chotirat,sombat.chotirat11@yahoo.com,Max Headphone 919,Books,567.38,5,0.0,2836.9,2025-12-06,Udon Thani,Bangkok,Credit Card,Completed,,,No,10.0,0.42
100945,2536,Pichit Boonmee,pichit.boonmee752@outlook.com,Lite Charger 279,Books,644.69,2,0.0,1289.38,2024-02-17,Sakon Nakhon,Bangkok,Credit Card,Completed,,,No,9.0,0.3
100247,1627,Rungnapa Rattanakul,rungnapa.rattanakul712@hotmail.com,Mini Charger 336,Beauty,504.03,7,20.0,2822.57,2023-11-16,Nakhon Si Thammarat,Udon Thani,TrueMoney Wallet,Shipped,3.0,โอเคสำหรับราคานี้,Yes,6.0,6.92
103262,2239,Wilai Meesuk,wilai.meesuk766@hotmail.com,Plus Notebook 466,Sports,0.0,3,10.0,1467.99,2025-07-10,Sakon Nakhon,Nonthaburi,TrueMoney Wallet,Processing,4.0,,No,3.0,0.61
100360,2634,Rungnapa Wattana,rungnapa.wattana743@yahoo.com,Mini Sneaker 299,Beauty,239.58,3,0.0,718.74,2024-02-12,Bangkok,Nonthaburi,Credit Card,Returned,,,Yes,3.0,2.77
104680,1913,Chaiyot Prasertsak,chaiyot.prasertsak381@hotmail.com,Eco Keyboard 837,Books,552.02,8,15.0,3753.74,2024-11-15,,Udon Thani,TrueMoney Wallet,Completed,5.0,โอเคสำหรับราคานี้,Yes,12.0,2.87
103852,1562,Niran Prasertsak,niran.prasertsak148@gmail.com,Smart Sneaker 348,Health,640.47,1,0.0,640.47,2025-02-06,Rayong,Songkhla,Installment,Processing,4.0,,No,11.0,1.14
103464,1392,Malee Phetcharat,malee.phetcharat554@outlook.com,Ultra Camera 313,Groceries,225.7,8,0.0,1805.6,2023-02-04,Trang,Chiang Mai,Bank Transfer,Shipped,,,Yes,,2.08
104665,1439,Somsri Chaiyaporn,somsri.chaiyaporn307@yahoo.com,Ultra Pillow 578,Electronics,802.77,4,5.0,3050.53,2023-04-01,Nong Khai,Khon Kaen,Installment,Processing,5.0,จะกลับมาซื้อซ้ำแน่นอน,No,13.0,0.27
103407,1404,Somsri Boonmee,somsri.boonmee290@gmail.com,Plus Backpack 175,Fashion,394.87,3,0.0,1184.61,2024-01-16,Bangkok,Songkhla,,Processing,5.0,ของมาช้ากว่ากำหนด,Yes,3.0,2.04
103704,1111,Somchai Meesuk,somchai.meesuk961@outlook.com,Ultra Wallet 386,Books,317.05,9,15.0,2425.43,2025-04-22,,Khon Kaen,Credit Card,Completed,3.0,,No,2.0,1.1
101789,2757,Chatchai Boonmee,chatchai.boonmee434@yahoo.com,Pro Blender 858,Beauty,502.72,6,0.0,3016.32,2023-05-13,Phuket,Songkhla,PromptPay,Completed,3.0,,No,5.0,5.09
103841,1049,Suchart Kaewkla,,Pro Backpack 839,Automotive,133.41,1,0.0,133.41,2025-09-14,Phuket,Songkhla,TrueMoney Wallet,Processing,4.0,,Yes,9.0,0.16
101370,2891,Malee Kaewkla,malee.kaewkla664@yahoo.com,Ultra Bottle 480,Groceries,702.04,2,0.0,1404.08,2023-06-27,Nakhon Si Thammarat,Nakhon Ratchasima,COD,Returned,,,No,4.0,2.03
104909,2137,Yupin Panyawong,yupin.panyawong15@outlook.com,Smart Bottle 706,Home & Living,148.8,4,0.0,595.2,2023-05-09,,Chiang Mai,COD,Completed,,,No,9.0,
102893,1724,Anan Sinthop,anan.sinthop36@yahoo.com,Pro Sneaker 551,Beauty,268.3,3,10.0,724.41,2024-10-02,Nonthaburi,Rayong,Bank Transfer,Returned,5.0,,Yes,7.0,0.33
100490,1252,Chaiyot Phetcharat,,Max Charger 917,Books,218.79,4,0.0,,2025-11-07,Udon Thani,Chiang Mai,Installment,Returned,,,No,,1.41
100862,1338,Nittaya Wattana,nittaya.wattana261@hotmail.com,Lite Speaker 727,Automotive,185.35,6,5.0,1056.49,2025-07-29,Nakhon Ratchasima,Rayong,COD,Completed,1.0,สีไม่ตรงตามรูป,Yes,4.0,0.85
102197,1954,Thawatchai Rattanakul,thawatchai.rattanakul400@yahoo.com,Pro Lamp 825,Sports,1049.72,2,0.0,2099.44,2023-03-24,Sakon Nakhon,Bangkok,Installment,Completed,3.0,,No,8.0,1.0
102242,1570,Duangjai Srisuk,duangjai.srisuk244@hotmail.com,Smart Headphone 266,Automotive,550.79,1,0.0,550.79,2024-11-09,Buriram,Phuket,TrueMoney Wallet,Completed,5.0,,No,13.0,2.87
101921,2524,Wichai Chotirat,wichai.chotirat55@outlook.com,Mini Headphone 633,Groceries,1191.82,2,5.0,2264.46,2024-05-11,Nakhon Ratchasima,Songkhla,TrueMoney Wallet,Completed,,,,2.0,3.39
102480,1800,Nittaya Boonmee,nittaya.boonmee286@gmail.com,Ultra Pillow 182,Health,385.41,5,10.0,1734.35,2025-02-07,Phuket,Nakhon Ratchasima,Bank Transfer,Completed,5.0,,No,6.0,2.45
103720,2460,Malee Kaewkla,malee.kaewkla290@yahoo.com,Ultra Bottle 634,Toys,947.42,6,0.0,5684.52,2025-12-15,Bangkok,Chiang Mai,Bank Transfer,Processing,,บริการลูกค้าดีเยี่ยม,Yes,,0.55
100506,1625,Somsri Wattana,somsri.wattana943@gmail.com,Eco Desk 552,Toys,509.43,8,0.0,4075.44,2025-04-07,Bangkok,Chonburi,TrueMoney Wallet,Completed,5.0,,No,14.0,
102715,1629,Yupin Intharak,yupin.intharak572@outlook.com,Lite Pillow 899,Books,456.76,1,0.0,456.76,2023-08-28,Phuket,Bangkok,TrueMoney Wallet,Shipped,3.0,,No,10.0,0.51
104397,1727,Malee Sukjai,malee.sukjai188@hotmail.com,Ultra Chair 320,Home & Living,346.98,6,5.0,1977.79,2024-06-17,Rayong,Khon Kaen,COD,Completed,2.0,,Yes,6.0,0.24
101988,2817,Anan Saelim,anan.saelim152@outlook.com,Max Lamp 646,Home & Living,306.42,9,30.0,1930.45,2024-07-19,Trang,Phuket,TrueMoney Wallet,Completed,,ของมาช้ากว่ากำหนด,Yes,4.0,4.29
101222,1725,Chatchai Chantra,chatchai.chantra137@outlook.com,Plus Desk 940,Groceries,691.96,6,0.0,4151.76,2023-07-31,Lampang,Udon Thani,Credit Card,Shipped,5.0,,No,9.0,1.21
101113,1446,Somsri Chantra,somsri.chantra988@hotmail.com,Ultra Notebook 132,Sports,581.31,6,5.0,3313.47,2025-06-21,Surat Thani,Phuket,PromptPay,Completed,,,No,3.0,1.84
103308,2415,Boonmee Srisuk,boonmee.srisuk915@hotmail.com,Lite Headphone 780,Electronics,545.05,2,5.0,1035.59,2024-08-11,Bangkok,Chonburi,PromptPay,Completed,2.0,ส่งไวมาก ประทับใจ,,10.0,0.88
103469,2583,Chaiyot Boonmee,chaiyot.boonmee923@outlook.com,Smart Camera 236,Beauty,622.06,7,10.0,3918.98,2024-01-03,,Phuket,Bank Transfer,Completed,,,No,7.0,1.92
101954,2846,Wilai Wattana,wilai.wattana698@gmail.com,Max Chair 605,Toys,384.77,9,0.0,3462.93,2025-09-23,Rayong,Songkhla,Bank Transfer,Cancelled,,,No,13.0,0.99
104696,2651,Kanya Meesuk,kanya.meesuk150@yahoo.com,Lite Lamp 867,Sports,122.65,2,0.0,,2024-03-03,Chiang Mai,Chonburi,PromptPay,Returned,3.0,,Yes,6.0,2.95
100433,1459,Thawatchai Wattana,thawatchai.wattana202@hotmail.com,Smart Mouse 499,Sports,213.97,1,20.0,171.18,2023-01-28,Udon Thani,Nonthaburi,PromptPay,Completed,,ใช้งานได้ตามที่คาดหวัง,Yes,13.0,1.48
102094,2688,Pranee Intharak,pranee.intharak533@gmail.com,Ultra Sneaker 778,Fashion,,4,5.0,786.75,2024-05-16,Surat Thani,Nonthaburi,Installment,Shipped,5.0,ใช้งานได้ตามที่คาดหวัง,Yes,12.0,0.42
103254,2262,Boonmee Sukjai,,Smart Keyboard 244,Fashion,722.58,1,0.0,722.58,2025-04-29,Nakhon Ratchasima,Udon Thani,Bank Transfer,Returned,5.0,,No,3.0,2.03
102876,2667,Suree Boonmee,suree.boonmee686@gmail.com,Ultra Chair 316,Automotive,454.81,5,0.0,2274.05,2023-11-17,Chiang Mai,Phuket,Credit Card,Returned,,,No,8.0,0.44
103828,2582,Pichit Saelim,pichit.saelim147@gmail.com,Pro Backpack 805,Beauty,145.36,5,0.0,726.8,2025-11-24,Chiang Mai,Nonthaburi,Installment,Processing,5.0,ของมาช้ากว่ากำหนด,No,7.0,1.47
101553,1984,Orawan Wongsawat,orawan.wongsawat987@yahoo.com,Smart Pillow 755,Sports,631.02,7,0.0,4417.14,2024-01-22,Buriram,Chonburi,COD,Completed,,ส่งไวมาก ประทับใจ,Yes,6.0,1.88
103206,2107,Somkiat Kaewkla,somkiat.kaewkla625@hotmail.com,Max Camera 678,Toys,147.83,1,0.0,147.83,2024-07-13,,Chonburi,PromptPay,Completed,3.0,,No,6.0,0.57
102970,2357,Wilai Chotirat,wilai.chotirat417@hotmail.com,Smart Keyboard 900,Toys,1037.89,8,0.0,8303.12,2024-11-24,Khon Kaen,Udon Thani,Bank Transfer,Completed,4.0,ใช้งานได้ตามที่คาดหวัง,No,11.0,0.87
104093,1904,Sombat Boonmee,sombat.boonmee716@hotmail.com,Max Backpack 585,Health,1045.68,5,5.0,4966.98,2024-11-12,Sakon Nakhon,Udon Thani,TrueMoney Wallet,Shipped,3.0,จะกลับมาซื้อซ้ำแน่นอน,No,13.0,0.11
102957,2147,Kittisak Kaewkla,,Eco Bottle 308,Electronics,945.77,2,0.0,1891.54,2024-10-14,Chiang Rai,Bangkok,,Completed,,,Yes,3.0,
101102,2727,Suree Yodying,suree.yodying86@yahoo.com,Mini Backpack 954,Health,1197.08,4,0.0,4788.32,2023-07-04,Buriram,Phuket,Credit Card,Cancelled,5.0,,No,,0.67
101480,2692,Somsri Yodying,somsri.yodying81@hotmail.com,Mini Camera 165,Automotive,309.11,6,0.0,1854.66,2023-12-26,Phuket,Chonburi,COD,Shipped,,,Yes,3.0,2.2
101489,2120,Kanya Intharak,kanya.intharak294@gmail.com,Smart Sneaker 687,Books,,5,0.0,2379.65,2023-06-16,Buriram,Khon Kaen,COD,Completed,2.0,คุณภาพต่ำกว่าที่คิด,Yes,7.0,2.28
102167,1159,Chatchai Meesuk,chatchai.meesuk503@outlook.com,Pro Wallet 211,Toys,427.38,7,0.0,2991.66,2025-09-07,Lampang,Nonthaburi,Bank Transfer,Completed,3.0,,Yes,13.0,0.17
103893,1547,Boonmee Rattanakul,boonmee.rattanakul806@gmail.com,Max Watch 227,Groceries,896.95,7,5.0,5964.72,2023-02-13,Nakhon Si Thammarat,Bangkok,COD,Processing,5.0,ของมาช้ากว่ากำหนด,Yes,3.0,0.78
100156,2051,Kittisak Chaiyaporn,kittisak.chaiyaporn751@gmail.com,Lite Sneaker 658,Health,,8,,4301.12,2023-05-10,Phuket,Udon Thani,Credit Card,Processing,,ใช้งานได้ตามที่คาดหวัง,Yes,13.0,1.54
103559,2640,Anucha Naruemon,anucha.naruemon878@gmail.com,Lite Keyboard 676,Health,682.06,3,0.0,2046.18,2025-03-29,Pattaya,Khon Kaen,Credit Card,Shipped,,ใช้งานได้ตามที่คาดหวัง,No,2.0,0.72
102224,1114,Boonmee Panyawong,boonmee.panyawong666@yahoo.com,Pro Keyboard 240,Groceries,358.34,8,0.0,2866.72,2023-08-29,Udon Thani,Nonthaburi,Bank Transfer,Completed,3.0,สีไม่ตรงตามรูป,No,2.0,2.01
100615,2416,Kanya Yodying,kanya.yodying740@outlook.com,Max Lamp 215,Electronics,321.49,4,0.0,1285.96,2025-02-09,Lampang,Bangkok,COD,Cancelled,4.0,,No,9.0,6.36
100643,1153,Ratana Rattanakul,ratana.rattanakul33@outlook.com,Smart Watch 880,Beauty,699.57,7,0.0,4896.99,2024-06-09,Trang,Nonthaburi,PromptPay,Completed,5.0,สีไม่ตรงตามรูป,Yes,3.0,0.93
102812,2799,Pranee Kaewkla,,Pro Chair 837,Electronics,312.95,2,0.0,625.9,2024-04-30,Sakon Nakhon,Rayong,Installment,Completed,,,No,3.0,1.83
103513,2668,Niran Chantra,niran.chantra886@yahoo.com,Eco Watch 850,Beauty,,3,20.0,1360.94,2023-11-27,Nonthaburi,Udon Thani,Installment,Completed,,สินค้าดีมาก คุ้มราคา,No,3.0,0.88
101068,1094,Siriporn Boonmee,siriporn.boonmee989@gmail.com,Plus Desk 410,Books,230.83,7,5.0,1535.02,2025-06-15,Rayong,Nakhon Ratchasima,COD,Completed,4.0,คุณภาพต่ำกว่าที่คิด,No,7.0,0.59
103504,1086,Wilai Saelim,wilai.saelim437@hotmail.com,Pro Mouse 636,Home & Living,471.51,8,5.0,3583.48,2025-05-23,Krabi,Songkhla,Credit Card,Completed,3.0,สีไม่ตรงตามรูป,No,1.0,0.36
102683,1317,Duangjai Intharak,duangjai.intharak106@hotmail.com,Smart Mouse 100,Books,2256.39,2,15.0,3835.86,2025-08-01,Nong Khai,Udon Thani,Installment,Completed,,ส่งไวมาก ประทับใจ,No,10.0,2.37
104262,1948,Orawan Wattana,orawan.wattana720@outlook.com,Max Desk 901,Health,644.34,7,0.0,4510.38,2023-10-03,Chiang Rai,Rayong,PromptPay,Completed,5.0,,No,5.0,0.68
103185,2423,Siriporn Srisuk,siriporn.srisuk115@hotmail.com,Eco Charger 206,Fashion,434.64,8,0.0,3477.12,2024-05-21,Bangkok,Phuket,COD,Completed,,สีไม่ตรงตามรูป,No,12.0,0.83
100330,2372,Ratana Intharak,ratana.intharak567@outlook.com,Lite Charger 701,Toys,1036.83,9,20.0,7465.18,2025-02-08,Ubon Ratchathani,Nakhon Ratchasima,TrueMoney Wallet,Completed,5.0,,Yes,,0.46
104943,1578,Anucha Panyawong,anucha.panyawong165@hotmail.com,Ultra Chair 605,Toys,203.68,5,20.0,814.72,2025-04-22,Krabi,Bangkok,Installment,Completed,2.0,คุณภาพต่ำกว่าที่คิด,No,13.0,0.52
102857,2989,Wichai Chotirat,wichai.chotirat158@yahoo.com,Plus Blender 246,Health,351.48,6,5.0,2003.44,2023-11-30,Phuket,Rayong,Credit Card,Completed,5.0,,Yes,3.0,5.85
102221,1223,Kanya Chantra,kanya.chantra278@gmail.com,Max Blender 583,Home & Living,400.22,3,0.0,1200.66,2024-07-04,Nakhon Ratchasima,Khon Kaen,TrueMoney Wallet,Completed,5.0,สินค้าดีมาก คุ้มราคา,Yes,4.0,1.32
100622,2774,Thawatchai Panyawong,thawatchai.panyawong592@hotmail.com,Plus Wallet 489,Fashion,897.33,8,0.0,7178.64,2023-04-07,Nonthaburi,Bangkok,Installment,Completed,,บริการลูกค้าดีเยี่ยม,No,13.0,0.2
101634,1024,Thawatchai Meesuk,thawatchai.meesuk169@hotmail.com,Mini Notebook 957,Groceries,1373.3,4,5.0,5218.54,2023-09-22,Rayong,Chiang Mai,PromptPay,Returned,,,Yes,3.0,1.48
104523,2191,Anucha Kaewkla,anucha.kaewkla610@gmail.com,Max Camera 437,Sports,1284.9,1,30.0,899.43,2025-02-26,Chiang Rai,Nonthaburi,PromptPay,Completed,5.0,คุณภาพต่ำกว่าที่คิด,No,3.0,1.03
103688,2506,Malee Chaiyaporn,,Smart Bottle 516,Fashion,908.38,7,5.0,6040.73,2023-10-09,Pattaya,Udon Thani,Credit Card,Shipped,3.0,,Yes,12.0,1.04
102942,1342,Nittaya Wongsawat,,Mini Notebook 317,Home & Living,1057.95,4,0.0,4231.8,2023-05-27,Chiang Rai,Rayong,PromptPay,Completed,3.0,แพ็คเกจไม่แน่นหนา,Yes,5.0,8.84
101965,2750,Nittaya Wattana,nittaya.wattana993@outlook.com,Ultra Jacket 906,Automotive,66.98,8,0.0,535.84,2025-12-02,Lampang,Udon Thani,Credit Card,Shipped,5.0,,No,4.0,1.47
102649,2797,Somsri Thongdee,somsri.thongdee446@yahoo.com,Pro Chair 755,Sports,1567.73,7,15.0,9327.99,2023-06-11,Rayong,Khon Kaen,COD,Completed,4.0,,No,10.0,
102748,2742,Chatchai Wattana,chatchai.wattana855@gmail.com,Lite Watch 969,Automotive,117.45,6,10.0,634.23,2024-05-15,Pattaya,Chonburi,PromptPay,Shipped,5.0,,No,4.0,5.13
100755,1675,Kanya Sukjai,kanya.sukjai674@yahoo.com,Max Headphone 623,Fashion,639.66,5,0.0,3198.3,2024-12-17,Nakhon Ratchasima,Bangkok,Bank Transfer,Completed,5.0,ของมาช้ากว่ากำหนด,Yes,,0.93
100518,2952,,duangjai.kaewkla146@yahoo.com,Mini Pillow 754,Electronics,166.69,7,0.0,1166.83,2025-06-17,Pattaya,Chiang Mai,Installment,Shipped,5.0,ส่งไวมาก ประทับใจ,No,10.0,0.68
103853,1756,Wichai Kaewkla,,Smart Camera 274,Beauty,1049.96,2,15.0,1784.93,2023-09-17,Khon Kaen,Udon Thani,Credit Card,Processing,4.0,ของมาช้ากว่ากำหนด,No,8.0,5.08
100032,1459,Pichit Boonmee,pichit.boonmee862@hotmail.com,Mini Lamp 688,Books,307.88,1,10.0,277.09,2023-08-23,Bangkok,Nonthaburi,COD,Completed,3.0,,Yes,10.0,0.78
102978,2692,Wilai Rattanakul,wilai.rattanakul227@gmail.com,Ultra Camera 914,Health,715.83,3,0.0,2147.49,2024-03-01,Buriram,Nakhon Ratchasima,PromptPay,Completed,,,Yes,10.0,0.66
101157,2935,Pranee Wongsawat,pranee.wongsawat650@gmail.com,Lite Sneaker 275,Health,311.51,1,30.0,218.06,2025-02-21,Nakhon Ratchasima,Bangkok,Credit Card,Cancelled,,,No,,2.72
100744,2524,,,Max Mouse 464,Health,609.98,1,30.0,426.99,2024-01-09,Buriram,Nakhon Ratchasima,COD,Completed,1.0,,No,,0.88
101434,2433,Malee Panyawong,malee.panyawong883@hotmail.com,Pro Jacket 978,Health,487.17,8,20.0,3117.89,2024-09-10,Krabi,Nonthaburi,PromptPay,Completed,3.0,,No,14.0,1.2
103372,2638,Chatchai Wattana,chatchai.wattana806@hotmail.com,Smart Keyboard 667,Automotive,1253.39,4,0.0,5013.56,2024-05-29,Nonthaburi,Chonburi,Credit Card,Completed,,แพ็คเกจไม่แน่นหนา,Yes,9.0,4.92
101675,1031,Wilai Wattana,wilai.wattana391@yahoo.com,Plus Headphone 964,Home & Living,696.32,1,10.0,626.69,2025-08-09,Nonthaburi,Songkhla,Credit Card,Processing,,,Yes,8.0,0.24
102628,1731,Somchai Boonmee,somchai.boonmee893@gmail.com,Pro Camera 713,Sports,1881.3,4,,7525.2,2025-01-20,Phuket,Khon Kaen,TrueMoney Wallet,Completed,5.0,,Yes,6.0,2.4
100783,2904,Duangjai Naruemon,duangjai.naruemon210@gmail.com,Plus Jacket 647,Electronics,467.27,4,0.0,1869.08,2023-06-03,Ubon Ratchathani,Khon Kaen,Credit Card,Completed,3.0,ใช้งานได้ตามที่คาดหวัง,Yes,6.0,5.37
101813,1520,Wichai Chotirat,wichai.chotirat219@outlook.com,Eco Lamp 464,Health,553.63,1,0.0,553.63,2025-02-04,Buriram,Nonthaburi,PromptPay,Processing,,,No,,0.53
104044,2749,Chatchai Rattanakul,chatchai.rattanakul430@gmail.com,Max Wallet 244,Groceries,370.48,1,0.0,370.48,2023-11-19,Nong Khai,Songkhla,Credit Card,Cancelled,3.0,,Yes,5.0,0.67
100229,2643,Wichai Chaiyaporn,wichai.chaiyaporn151@outlook.com,Max Sneaker 868,Fashion,113.03,2,0.0,226.06,2024-08-24,Surat Thani,Songkhla,COD,Completed,5.0,,No,9.0,0.59
100857,2217,Wichai Thongdee,wichai.thongdee36@yahoo.com,Pro Wallet 264,Health,430.37,8,10.0,3098.66,2025-01-10,Phuket,Chonburi,COD,Processing,4.0,คุณภาพต่ำกว่าที่คิด,Yes,1.0,5.64
102107,2828,Anucha Chaiyaporn,anucha.chaiyaporn652@gmail.com,Lite Jacket 759,Fashion,1181.45,4,25.0,3544.35,2023-01-01,Bangkok,Chonburi,Bank Transfer,Returned,,,No,9.0,3.1
104350,1333,Siriporn Naruemon,siriporn.naruemon635@outlook.com,Max Desk 173,Toys,427.1,7,10.0,2690.73,2023-02-24,Trang,Phuket,TrueMoney Wallet,Completed,4.0,,Yes,4.0,0.75
100408,2919,Yupin Wattana,yupin.wattana956@hotmail.com,Lite Sneaker 774,Toys,922.46,3,0.0,2767.38,2024-01-25,Chiang Rai,Chonburi,Bank Transfer,Shipped,,,No,9.0,3.56
100170,1683,Anucha Saelim,anucha.saelim142@outlook.com,Lite Jacket 623,Books,713.31,7,0.0,4993.17,2023-04-01,Chiang Mai,Chiang Mai,Installment,Completed,3.0,สีไม่ตรงตามรูป,No,8.0,1.41
100540,1320,Kittisak Yodying,kittisak.yodying122@hotmail.com,Mini Sneaker 160,Books,948.35,1,25.0,711.26,2024-08-25,Chiang Mai,Rayong,PromptPay,Completed,5.0,,No,7.0,0.23
102240,1091,Malee Naruemon,malee.naruemon352@outlook.com,Mini Watch 298,Books,786.6,7,0.0,5506.2,2025-12-02,Nakhon Si Thammarat,Songkhla,COD,Returned,,,Yes,5.0,3.64
103036,1983,Wilai Chaiyaporn,wilai.chaiyaporn634@hotmail.com,Mini Speaker 209,Automotive,753.33,4,20.0,2410.66,2025-01-14,Lampang,Chiang Mai,COD,Cancelled,,ของมาช้ากว่ากำหนด,No,1.0,1.03
102602,1311,Nittaya Chantra,nittaya.chantra495@yahoo.com,Ultra Speaker 968,Groceries,379.44,3,0.0,1138.32,2023-12-12,Chiang Rai,Phuket,TrueMoney Wallet,Cancelled,,สินค้าดีมาก คุ้มราคา,No,10.0,0.42
100613,1790,Pichit Meesuk,pichit.meesuk486@hotmail.com,Eco Wallet 577,Health,295.56,1,20.0,236.45,2023-03-01,Lampang,Songkhla,PromptPay,Processing,5.0,,No,3.0,0.26
103829,1077,Pranee Srisuk,pranee.srisuk701@hotmail.com,Lite Blender 659,BOOKS,86.18,6,0.0,517.08,2023-01-08,Buriram,Nonthaburi,Credit Card,Completed,4.0,ของมาช้ากว่ากำหนด,No,6.0,1.95
102333,2293,Prasert Sinthop,prasert.sinthop977@gmail.com,Pro Keyboard 612,Health,340.47,1,0.0,340.47,2025-09-30,Lampang,Chonburi,Credit Card,Completed,,,Yes,14.0,
103484,1725,,wichai.chaiyaporn73@hotmail.com,Smart Headphone 296,Beauty,747.69,5,0.0,3738.45,2024-04-02,Nakhon Si Thammarat,Khon Kaen,Bank Transfer,Completed,4.0,,No,6.0,0.89
101161,1899,Ploy Chotirat,ploy.chotirat87@yahoo.com,Lite Blender 810,Toys,359.37,3,,1078.11,2023-07-02,Pattaya,Khon Kaen,PromptPay,Completed,,,No,4.0,3.71
102088,1375,Anan Wongsawat,anan.wongsawat737@gmail.com,Plus Backpack 151,Toys,507.94,7,20.0,2844.46,2024-07-30,Lampang,Nakhon Ratchasima,TrueMoney Wallet,Completed,4.0,ใช้งานได้ตามที่คาดหวัง,No,14.0,0.38
103550,1961,Yupin Rattanakul,,Lite Jacket 278,Beauty,468.84,8,30.0,2625.5,2023-08-20,Rayong,Nakhon Ratchasima,PromptPay,Completed,4.0,,Yes,12.0,0.71
102266,2417,Ratana Boonmee,ratana.boonmee540@yahoo.com,Max Pillow 172,Automotive,1006.71,8,10.0,7248.31,2025-02-26,Rayong,Bangkok,Installment,Completed,,สีไม่ตรงตามรูป,No,2.0,0.36
104748,1637,Suchart Naruemon,suchart.naruemon511@outlook.com,Mini Keyboard 182,Toys,248.64,3,0.0,745.92,2023-09-27,Nakhon Ratchasima,Phuket,Bank Transfer,Cancelled,5.0,,No,,1.14
101487,1549,Kanya Chaiyaporn,kanya.chaiyaporn740@yahoo.com,Smart Bottle 438,Electronics,211.61,6,25.0,952.25,2024-09-06,Phuket,Khon Kaen,Credit Card,Completed,,สินค้าดีมาก คุ้มราคา,Yes,,0.9
102228,2063,Siriporn Prasertsak,siriporn.prasertsak27@hotmail.com,Pro Desk 806,Beauty,447.72,6,10.0,2417.69,2023-06-27,Sakon Nakhon,Songkhla,PromptPay,Completed,5.0,,No,13.0,1.57
100564,1569,Anan Panyawong,anan.panyawong733@outlook.com,Max Wallet 918,Groceries,567.02,1,,538.67,2025-11-25,Khon Kaen,Rayong,COD,Completed,2.0,,No,2.0,0.41
103620,2420,Malee Sinthop,malee.sinthop735@hotmail.com,Eco Blender 495,Home & Living,773.09,9,,6609.92,2024-12-03,Hat Yai,Udon Thani,PromptPay,Returned,4.0,,,5.0,1.46
104270,2787,Somsri Chotirat,somsri.chotirat997@gmail.com,Mini Chair 651,Home & Living,494.43,3,0.0,1483.29,2024-02-16,Phuket,Nakhon Ratchasima,Credit Card,Shipped,5.0,,No,4.0,3.07
101837,1041,Malee Naruemon,malee.naruemon292@hotmail.com,Mini Camera 608,Toys,586.91,7,0.0,4108.37,2025-10-03,Bangkok,Bangkok,COD,Completed,3.0,บริการลูกค้าดีเยี่ยม,No,2.0,1.17
101505,1805,Somsri Chantra,somsri.chantra411@gmail.com,Smart Chair 859,Toys,407.68,5,0.0,2038.4,2025-11-28,Lampang,Bangkok,Bank Transfer,Completed,,,Yes,9.0,1.05
101413,1512,Siriporn Wattana,,Ultra Charger 960,Sports,105.14,6,,536.21,2024-12-11,Nakhon Ratchasima,Nonthaburi,Installment,Completed,,,No,14.0,1.72
101432,2402,Suchart Chotirat,suchart.chotirat831@gmail.com,Smart Bottle 494,Groceries,682.9,5,10.0,3073.05,2024-03-08,Chiang Mai,Udon Thani,Installment,Completed,5.0,ของมาช้ากว่ากำหนด,Yes,2.0,1.12
104953,1647,Pichit Naruemon,,Max Pillow 145,Toys,568.61,7,,3980.27,2023-08-16,Lampang,Nakhon Ratchasima,,Completed,4.0,คุณภาพต่ำกว่าที่คิด,No,,3.47
103523,1398,Pranee Chaiyaporn,pranee.chaiyaporn682@yahoo.com,Ultra Desk 430,Toys,1227.01,9,0.0,11043.09,2023-01-30,Hat Yai,Songkhla,TrueMoney Wallet,Processing,,,Yes,8.0,2.7
104610,1418,Yupin Yodying,yupin.yodying880@outlook.com,Lite Keyboard 239,Groceries,319.71,3,5.0,911.17,2025-09-21,Udon Thani,Chiang Mai,PromptPay,Completed,,,Yes,6.0,1.09
103685,1448,Orawan Panyawong,orawan.panyawong354@gmail.com,Pro Jacket 424,Toys,149.31,5,0.0,746.55,2025-09-28,Buriram,Chiang Mai,COD,Cancelled,,สินค้าดีมาก คุ้มราคา,No,9.0,0.49
102518,1193,Somkiat Srisuk,somkiat.srisuk897@yahoo.com,Smart Sneaker 555,Home & Living,369.6,9,15.0,2827.44,2023-11-30,Nong Khai,Udon Thani,Installment,Completed,3.0,ใช้งานได้ตามที่คาดหวัง,No,12.0,0.33
101417,2595,Suree Wattana,suree.wattana631@yahoo.com,Plus Blender 624,Books,408.35,2,15.0,694.2,2023-03-26,Udon Thani,Nonthaburi,Installment,Completed,5.0,จะกลับมาซื้อซ้ำแน่นอน,Yes,9.0,1.46
101172,1633,Niran Boonmee,niran.boonmee720@yahoo.com,Max Chair 686,Health,693.65,2,0.0,1387.3,2023-05-31,,Songkhla,PromptPay,Completed,,,No,8.0,0.21
103811,1475,Duangjai Thongdee,duangjai.thongdee401@outlook.com,Eco Desk 974,Books,325.7,4,5.0,1237.66,2025-09-10,Nakhon Ratchasima,Nonthaburi,Credit Card,Shipped,,,Yes,,0.21
100325,2224,Rungnapa Naruemon,rungnapa.naruemon246@hotmail.com,Eco Wallet 200,Sports,161.58,6,20.0,775.58,2024-07-07,Chiang Rai,Phuket,COD,Shipped,5.0,,No,13.0,1.11
101051,2168,Somchai Saelim,somchai.saelim282@outlook.com,Max Chair 244,Fashion,1137.36,7,0.0,7961.52,2023-07-07,Pattaya,Nonthaburi,Credit Card,Completed,2.0,บริการลูกค้าดีเยี่ยม,No,12.0,0.25
103954,2105,Ratana Intharak,ratana.intharak205@outlook.com,Mini Speaker 918,Sports,214.32,6,20.0,1028.74,2023-05-16,Chiang Mai,Khon Kaen,PromptPay,Cancelled,1.0,สินค้าดีมาก คุ้มราคา,Yes,,0.62
103339,1286,Chomphunut Wattana,chomphunut.wattana768@yahoo.com,Smart Wallet 407,Beauty,257.35,8,0.0,2058.8,2024-08-05,Krabi,Chonburi,Credit Card,Completed,5.0,,Yes,1.0,0.14
103435,2940,Suchart Sinthop,suchart.sinthop827@outlook.com,Lite Keyboard 813,Electronics,282.96,6,5.0,1612.87,2023-04-30,Bangkok,Nakhon Ratchasima,Installment,Returned,5.0,,Yes,8.0,2.33
102021,1187,Malee Chantra,malee.chantra290@gmail.com,Mini Charger 516,Home & Living,435.16,2,5.0,826.8,2024-08-15,Trang,Phuket,COD,Completed,,,Yes,5.0,0.49
101533,1068,Suchart Phetcharat,suchart.phetcharat9@yahoo.com,Smart Notebook 894,Groceries,592.38,6,0.0,3554.28,2025-12-26,Nonthaburi,Songkhla,Installment,Shipped,,บริการลูกค้าดีเยี่ยม,Yes,7.0,1.06
101196,2096,Thawatchai Chotirat,thawatchai.chotirat337@yahoo.com,Plus Notebook 867,Beauty,288.04,5,0.0,1440.2,2024-02-27,Buriram,Nakhon Ratchasima,Credit Card,Completed,5.0,สินค้าดีมาก คุ้มราคา,No,10.0,1.13
100620,1633,Nittaya Chaiyaporn,nittaya.chaiyaporn461@gmail.com,Eco Charger 302,Automotive,503.85,8,,4030.8,2023-08-06,Udon Thani,Bangkok,COD,Completed,4.0,ส่งไวมาก ประทับใจ,No,5.0,
101405,1333,Pichit Meesuk,pichit.meesuk146@gmail.com,Eco Camera 137,Electronics,383.53,5,0.0,1917.65,2025-06-18,Nakhon Si Thammarat,Songkhla,PromptPay,Returned,5.0,,,11.0,2.38
103227,2601,Anan Sinthop,anan.sinthop25@yahoo.com,Plus Jacket 728,Books,235.77,3,,707.31,2025-08-11,Nong Khai,Chiang Mai,TrueMoney Wallet,Cancelled,1.0,,No,,0.62
101189,2069,Prasert Wongsawat,prasert.wongsawat3@outlook.com,Eco Headphone 101,Health,138.72,4,30.0,388.42,2023-11-10,Sakon Nakhon,Nonthaburi,Bank Transfer,Completed,4.0,,No,14.0,3.04
100328,2349,Niran Naruemon,niran.naruemon276@gmail.com,Max Jacket 963,Groceries,522.75,4,20.0,1672.8,2023-08-04,Ubon Ratchathani,Nakhon Ratchasima,Credit Card,Processing,,,No,,1.06
100648,1696,Somsri Panyawong,somsri.panyawong239@yahoo.com,Max Pillow 728,Beauty,,2,15.0,1101.6,2025-02-03,Buriram,Songkhla,TrueMoney Wallet,Shipped,,,No,4.0,
100897,2683,Sombat Chantra,sombat.chantra266@outlook.com,Eco Sneaker 561,Toys,478.23,8,25.0,2869.38,2025-10-05,Trang,Chiang Mai,COD,Completed,4.0,,Yes,6.0,0.33
102138,1824,Wilai Wattana,wilai.wattana70@outlook.com,Ultra Blender 609,Beauty,140.2,5,5.0,665.95,2023-02-12,Buriram,Chiang Mai,Installment,Completed,,ของมาช้ากว่ากำหนด,No,13.0,2.2
101123,2129,Anan Meesuk,anan.meesuk101@outlook.com,Eco Blender 759,Toys,1396.2,3,0.0,4188.6,2023-05-12,Nakhon Si Thammarat,Bangkok,TrueMoney Wallet,Completed,5.0,คุณภาพต่ำกว่าที่คิด,No,9.0,3.34
101937,2252,Anan Saelim,anan.saelim245@gmail.com,Plus Speaker 913,Electronics,952.37,2,0.0,1904.74,2025-03-31,Phuket,Udon Thani,COD,Processing,5.0,ใช้งานได้ตามที่คาดหวัง,No,6.0,3.2
104667,1932,Chomphunut Kaewkla,chomphunut.kaewkla499@hotmail.com,Plus Notebook 649,Sports,241.92,1,15.0,205.63,2025-09-01,Nonthaburi,Chonburi,TrueMoney Wallet,Completed,,คุณภาพต่ำกว่าที่คิด,No,3.0,0.67
101869,1701,Kittisak Rattanakul,kittisak.rattanakul948@hotmail.com,Plus Blender 314,Electronics,89.8,9,15.0,686.97,2024-02-13,Nakhon Si Thammarat,Chiang Mai,Installment,Returned,,,No,6.0,1.59
101832,1074,Anan Chotirat,anan.chotirat606@outlook.com,Plus Speaker 846,Groceries,822.46,7,10.0,5181.5,2024-11-05,Sakon Nakhon,Chiang Mai,Bank Transfer,Completed,5.0,,No,5.0,1.25
104527,1583,Pranee Wongsawat,,Eco Camera 455,Electronics,492.29,7,10.0,3101.43,2023-07-27,Nonthaburi,Bangkok,Installment,Completed,1.0,สินค้าดีมาก คุ้มราคา,No,8.0,2.13
104400,2031,Niran Chotirat,,Mini Keyboard 559,Groceries,216.15,9,5.0,1848.08,2025-10-30,,Udon Thani,Installment,Completed,5.0,,No,,6.59
103357,2928,Malee Intharak,malee.intharak748@yahoo.com,Ultra Chair 867,Beauty,519.64,9,15.0,3975.25,2023-08-18,Surat Thani,Bangkok,Credit Card,Cancelled,2.0,ส่งไวมาก ประทับใจ,Yes,9.0,1.76
102462,1583,Anucha Rattanakul,anucha.rattanakul947@hotmail.com,Pro Watch 890,Health,273.43,5,0.0,1367.15,2023-06-03,Nakhon Ratchasima,Khon Kaen,Installment,Completed,3.0,,No,12.0,1.98
103263,2693,Rungnapa Srisuk,rungnapa.srisuk189@yahoo.com,Max Lamp 366,Electronics,1070.5,9,0.0,9634.5,2024-10-08,Surat Thani,Nonthaburi,Credit Card,Completed,1.0,คุณภาพต่ำกว่าที่คิด,No,11.0,0.28
103616,2256,Pichit Phetcharat,pichit.phetcharat99@outlook.com,Pro Wallet 778,Automotive,591.36,3,15.0,1507.97,2025-08-01,Pattaya,Nonthaburi,Installment,Completed,4.0,,No,10.0,
101023,2877,Orawan Srisuk,orawan.srisuk871@yahoo.com,Ultra Jacket 105,Toys,937.47,7,5.0,6234.18,2024-05-24,Chiang Mai,Nonthaburi,Installment,Shipped,4.0,,Yes,4.0,3.19
102123,1563,Somchai Boonmee,somchai.boonmee12@yahoo.com,Max Wallet 171,Fashion,,9,20.0,2973.1,2023-10-08,Bangkok,Bangkok,PromptPay,Cancelled,3.0,โอเคสำหรับราคานี้,No,4.0,0.32
102422,2332,Prasert Kaewkla,,Ultra Camera 420,Books,932.58,3,0.0,2797.74,2023-07-07,Chiang Rai,Songkhla,Installment,Completed,5.0,,Yes,,0.29
103892,1984,Pranee Sinthop,pranee.sinthop693@gmail.com,Pro Speaker 130,Toys,724.71,5,5.0,3442.37,2025-04-15,Ubon Ratchathani,Nonthaburi,Credit Card,Completed,4.0,,No,7.0,0.69
102486,2714,Ploy Wongsawat,ploy.wongsawat520@yahoo.com,Mini Mouse 276,Beauty,256.52,2,,487.39,2023-12-29,Phuket,Phuket,Credit Card,Shipped,3.0,จะกลับมาซื้อซ้ำแน่นอน,No,10.0,2.62
103114,2190,Yupin Prasertsak,yupin.prasertsak598@yahoo.com,Ultra Jacket 172,Groceries,231.83,2,0.0,463.66,2024-04-06,Ubon Ratchathani,Nakhon Ratchasima,TrueMoney Wallet,Completed,4.0,,No,6.0,3.04
100809,1143,Niran Prasertsak,niran.prasertsak739@hotmail.com,Pro Desk 654,Automotive,119.24,6,0.0,715.44,2025-02-12,Nonthaburi,Nonthaburi,COD,Processing,,,No,12.0,0.83
103131,2804,Prasert Sinthop,prasert.sinthop230@hotmail.com,Max Blender 747,Health,279.21,3,0.0,837.63,2023-08-25,,Udon Thani,Installment,Shipped,3.0,ของมาช้ากว่ากำหนด,No,13.0,5.49
100978,2727,Chatchai Phetcharat,chatchai.phetcharat759@hotmail.com,Plus Wallet 529,Books,393.25,6,30.0,1651.65,2024-06-20,Chiang Rai,Udon Thani,Credit Card,Completed,,บริการลูกค้าดีเยี่ยม,No,6.0,4.86
104873,2972,Boonmee Chotirat,boonmee.chotirat341@yahoo.com,Smart Headphone 291,Books,204.71,5,0.0,1023.55,2024-03-16,Udon Thani,Khon Kaen,COD,Completed,4.0,,No,2.0,2.13
102728,2706,Boonmee Meesuk,boonmee.meesuk337@gmail.com,Mini Sneaker 322,Home & Living,484.57,5,0.0,2422.85,2023-11-02,Udon Thani,Bangkok,COD,Shipped,2.0,สินค้าดีมาก คุ้มราคา,No,2.0,1.83
103381,1419,Duangjai Panyawong,duangjai.panyawong36@hotmail.com,Mini Pillow 868,Automotive,674.14,8,20.0,4314.5,2025-08-22,Ubon Ratchathani,Rayong,Bank Transfer,Completed,4.0,จะกลับมาซื้อซ้ำแน่นอน,No,14.0,0.61
102525,1993,Duangjai Yodying,duangjai.yodying987@yahoo.com,Max Camera 457,Fashion,125.6,8,,954.56,2023-11-22,,Phuket,Bank Transfer,Completed,5.0,แพ็คเกจไม่แน่นหนา,No,6.0,3.45
101438,2772,Pichit Chotirat,pichit.chotirat739@outlook.com,Plus Backpack 702,Groceries,831.71,8,0.0,6653.68,2024-11-03,Hat Yai,Chonburi,TrueMoney Wallet,Cancelled,,คุณภาพต่ำกว่าที่คิด,No,10.0,0.23
104986,2146,Niran Chaiyaporn,niran.chaiyaporn316@yahoo.com,Eco Lamp 445,Sports,,7,20.0,1920.13,2024-08-31,Udon Thani,Nakhon Ratchasima,COD,Cancelled,1.0,จะกลับมาซื้อซ้ำแน่นอน,No,12.0,
101526,1626,Suree Wongsawat,,Max Bottle 309,Sports,722.75,3,30.0,1517.78,2023-08-11,Sakon Nakhon,Phuket,Installment,Cancelled,,,No,7.0,
101844,2176,Ploy Chaiyaporn,ploy.chaiyaporn282@yahoo.com,Smart Jacket 449,Health,1078.62,7,20.0,6040.27,2025-01-10,Chiang Rai,Nakhon Ratchasima,Bank Transfer,Shipped,,,No,6.0,0.82
101808,1720,Kanya Kaewkla,kanya.kaewkla381@hotmail.com,Eco Watch 375,Health,275.51,6,15.0,1405.1,2024-10-15,Bangkok,Chonburi,Credit Card,Cancelled,3.0,ใช้งานได้ตามที่คาดหวัง,No,9.0,0.21
100174,1960,Anan Wattana,anan.wattana967@gmail.com,Pro Desk 831,Beauty,571.35,8,,3885.18,2025-09-01,Chiang Mai,Songkhla,COD,Returned,,,No,9.0,3.37
101590,1419,Ploy Intharak,ploy.intharak717@gmail.com,Ultra Blender 377,Sports,800.39,2,,1360.66,2024-01-02,Rayong,Chonburi,Installment,Completed,,จะกลับมาซื้อซ้ำแน่นอน,No,,0.18
103450,2768,,thawatchai.chotirat990@hotmail.com,Lite Camera 168,Sports,910.95,4,0.0,3643.8,2025-03-14,Trang,Nonthaburi,Credit Card,Completed,,,Yes,7.0,0.93
104584,2996,Somchai Rattanakul,somchai.rattanakul389@outlook.com,Pro Backpack 679,Fashion,227.09,3,0.0,681.27,2023-04-11,Chiang Rai,Phuket,Bank Transfer,Shipped,,,No,9.0,4.36
104484,1891,Duangjai Phetcharat,duangjai.phetcharat896@yahoo.com,Pro Chair 751,Books,205.42,1,20.0,164.34,2024-10-11,Udon Thani,Udon Thani,COD,Completed,2.0,แพ็คเกจไม่แน่นหนา,No,10.0,0.37
100217,2266,Somsri Srisuk,somsri.srisuk460@yahoo.com,Ultra Bottle 948,Fashion,118.87,6,0.0,713.22,2024-07-12,Udon Thani,Nonthaburi,Installment,Completed,1.0,คุณภาพต่ำกว่าที่คิด,No,,0.25
103966,1383,Wichai Boonmee,wichai.boonmee936@outlook.com,Lite Speaker 672,Books,728.0,6,0.0,4368.0,2024-12-16,Nakhon Si Thammarat,Udon Thani,PromptPay,Completed,4.0,,No,6.0,0.88
103770,1899,Pranee Panyawong,pranee.panyawong387@yahoo.com,Plus Desk 985,Automotive,221.07,5,0.0,1105.35,2025-01-09,Buriram,Nonthaburi,Credit Card,Completed,5.0,,Yes,1.0,0.26
100690,2039,Somkiat Rattanakul,somkiat.rattanakul378@gmail.com,Pro Wallet 286,Health,465.34,7,0.0,3257.38,2025-09-25,Trang,Udon Thani,COD,Completed,5.0,แพ็คเกจไม่แน่นหนา,Yes,4.0,
102614,2230,Somsri Saelim,somsri.saelim341@hotmail.com,Max Desk 263,Fashion,268.87,4,0.0,1075.48,2024-04-04,,Rayong,Credit Card,Completed,,,No,10.0,1.22
103603,2311,Kittisak Yodying,kittisak.yodying425@hotmail.com,Max Watch 439,Home & Living,706.75,4,0.0,2827.0,2025-02-16,Surat Thani,Nonthaburi,Credit Card,Completed,,สีไม่ตรงตามรูป,Yes,,3.31
102268,1362,Nittaya Wongsawat,nittaya.wongsawat56@yahoo.com,Ultra Desk 497,Groceries,836.64,9,0.0,7529.76,2025-11-08,Chiang Rai,Nakhon Ratchasima,TrueMoney Wallet,Completed,,,No,1.0,0.51
101106,2329,Niran Rattanakul,niran.rattanakul73@yahoo.com,Pro Pillow 825,Fashion,375.64,4,0.0,1502.56,2025-10-17,Rayong,Nonthaburi,COD,Cancelled,4.0,,Yes,12.0,1.26
101860,2772,Boonmee Wongsawat,boonmee.wongsawat742@yahoo.com,Eco Desk 723,Electronics,1046.22,6,5.0,5963.45,2025-11-23,Chiang Mai,Khon Kaen,TrueMoney Wallet,Completed,4.0,,Yes,14.0,0.64
101942,1101,Somkiat Sukjai,somkiat.sukjai104@hotmail.com,Mini Chair 565,Books,256.97,5,0.0,1284.85,2024-03-06,Trang,Songkhla,Bank Transfer,Completed,4.0,,Yes,14.0,0.21
101564,2156,Thawatchai Meesuk,thawatchai.meesuk561@gmail.com,Lite Sneaker 188,Home & Living,444.66,1,20.0,355.73,2024-11-14,Krabi,Bangkok,COD,Completed,4.0,,No,,0.81
100611,1116,Orawan Panyawong,orawan.panyawong234@hotmail.com,Lite Lamp 312,Automotive,722.8,5,0.0,3614.0,2025-09-21,Khon Kaen,Khon Kaen,TrueMoney Wallet,Completed,4.0,ของมาช้ากว่ากำหนด,No,10.0,2.26
103286,1792,Niran Srisuk,niran.srisuk588@outlook.com,Pro Wallet 757,Beauty,684.53,6,0.0,4107.18,2023-03-17,Phuket,Nonthaburi,Installment,Completed,,ใช้งานได้ตามที่คาดหวัง,No,5.0,2.57
103761,2244,Somsri Panyawong,somsri.panyawong381@outlook.com,Plus Jacket 424,Automotive,1634.7,6,30.0,6865.74,2023-07-30,Sakon Nakhon,Khon Kaen,COD,Processing,3.0,,No,10.0,2.41
100576,1263,Suchart Prasertsak,suchart.prasertsak261@gmail.com,Mini Keyboard 725,Electronics,537.28,5,0.0,2686.4,2023-07-29,Trang,Songkhla,TrueMoney Wallet,Shipped,1.0,จะกลับมาซื้อซ้ำแน่นอน,No,12.0,5.23
102091,1145,Pranee Thongdee,pranee.thongdee118@gmail.com,Max Lamp 840,Toys,375.47,8,0.0,3003.76,2025-03-16,Nakhon Si Thammarat,Chonburi,Installment,Completed,,,No,14.0,2.51
104458,2403,Suree Yodying,suree.yodying401@outlook.com,Plus Backpack 960,Fashion,409.59,9,10.0,3317.68,2024-10-17,Pattaya,Rayong,Installment,Completed,4.0,,Yes,4.0,2.5
101180,2852,Orawan Chaiyaporn,orawan.chaiyaporn976@gmail.com,Max Camera 669,Sports,946.24,2,15.0,1608.61,2023-10-22,Khon Kaen,Songkhla,Installment,Shipped,5.0,,No,12.0,1.77
100888,1038,Sombat Boonmee,sombat.boonmee175@hotmail.com,Mini Pillow 916,Toys,519.33,4,,2077.32,2024-09-27,Udon Thani,Khon Kaen,COD,Returned,2.0,,Yes,,0.13
101558,1682,Somchai Prasertsak,,Ultra Backpack 921,Books,215.21,6,5.0,1226.7,2023-03-15,Ubon Ratchathani,Nakhon Ratchasima,PromptPay,Completed,,,No,,3.24
101773,1814,Chomphunut Thongdee,chomphunut.thongdee142@hotmail.com,Ultra Wallet 886,Books,161.57,4,0.0,646.28,2025-09-23,Bangkok,Bangkok,Installment,Completed,5.0,,No,,1.12
104698,2227,Thawatchai Boonmee,thawatchai.boonmee522@hotmail.com,Smart Mouse 511,Fashion,1689.56,9,0.0,15206.04,2023-04-06,Nong Khai,Chonburi,PromptPay,Completed,4.0,,No,14.0,0.59
100817,2492,Ploy Chaiyaporn,ploy.chaiyaporn408@outlook.com,Smart Desk 732,Health,537.34,5,0.0,2686.7,2023-08-11,Krabi,Rayong,COD,Completed,5.0,ของมาช้ากว่ากำหนด,No,14.0,1.15
103322,2676,Somkiat Kaewkla,somkiat.kaewkla959@hotmail.com,Lite Chair 509,Beauty,395.34,5,10.0,1779.03,2025-02-21,Sakon Nakhon,Nonthaburi,PromptPay,Cancelled,3.0,,No,5.0,2.63
101905,2785,Orawan Thongdee,orawan.thongdee169@yahoo.com,Ultra Desk 429,Toys,197.4,5,15.0,838.95,2024-03-14,Udon Thani,Bangkok,Installment,Completed,,โอเคสำหรับราคานี้,Yes,12.0,
100208,1748,Suree Intharak,suree.intharak912@yahoo.com,Mini Watch 625,Toys,1127.78,9,10.0,9135.02,2025-10-31,Surat Thani,Phuket,Bank Transfer,Completed,4.0,โอเคสำหรับราคานี้,No,12.0,3.38
100293,2759,Suchart Yodying,suchart.yodying981@hotmail.com,Mini Desk 757,Toys,652.57,8,15.0,4437.48,2025-07-23,Hat Yai,Udon Thani,COD,Shipped,5.0,,Yes,,0.22
101119,2358,Somchai Sukjai,,Plus Pillow 802,Health,606.06,5,0.0,3030.3,2025-08-13,,Phuket,COD,Processing,,บริการลูกค้าดีเยี่ยม,No,7.0,0.86
102303,2247,Wichai Rattanakul,,Lite Mouse 403,electronics,,4,0.0,1768.2,2024-11-19,Nong Khai,Udon Thani,Credit Card,Completed,,,No,11.0,0.87
102078,1925,Somkiat Sinthop,somkiat.sinthop580@outlook.com,Max Camera 917,Groceries,401.15,3,0.0,1203.45,2024-06-26,Phuket,Chiang Mai,TrueMoney Wallet,Cancelled,1.0,บริการลูกค้าดีเยี่ยม,Yes,6.0,2.39
101264,2548,Pranee Sukjai,pranee.sukjai538@yahoo.com,Ultra Jacket 478,Toys,1487.48,2,10.0,2677.46,2023-07-26,Phuket,Nonthaburi,Credit Card,Cancelled,3.0,,No,11.0,1.35
100990,1908,Boonmee Wattana,,Plus Notebook 122,Health,507.55,7,30.0,2487.0,2023-02-23,Chiang Mai,Nakhon Ratchasima,Bank Transfer,Shipped,,,No,12.0,0.74
102304,1993,Chatchai Naruemon,chatchai.naruemon802@gmail.com,Max Watch 615,Home & Living,444.43,9,0.0,3999.87,2024-03-24,Rayong,Nonthaburi,PromptPay,Completed,,,No,7.0,0.18
104219,2685,Wilai Boonmee,wilai.boonmee370@outlook.com,Eco Bottle 436,Sports,382.97,4,5.0,1455.29,2023-05-27,Udon Thani,Chonburi,Credit Card,Completed,3.0,,Yes,5.0,1.67
101545,1301,Chaiyot Naruemon,chaiyot.naruemon489@gmail.com,Lite Headphone 777,Fashion,635.29,7,10.0,4002.33,2024-07-16,Lampang,Chiang Mai,PromptPay,Processing,5.0,จะกลับมาซื้อซ้ำแน่นอน,No,13.0,0.9
100353,2802,Pichit Srisuk,pichit.srisuk360@hotmail.com,Smart Wallet 787,Home & Living,,1,0.0,1546.13,2025-01-15,Chiang Rai,Nakhon Ratchasima,Credit Card,Completed,4.0,แพ็คเกจไม่แน่นหนา,No,10.0,3.61
101897,1054,Niran Intharak,niran.intharak869@gmail.com,Max Speaker 813,Beauty,463.18,1,0.0,463.18,2023-10-15,Nakhon Ratchasima,Phuket,Installment,Completed,3.0,คุณภาพต่ำกว่าที่คิด,,13.0,2.66
104778,1382,Chomphunut Intharak,chomphunut.intharak294@hotmail.com,Plus Blender 496,Groceries,1055.07,3,0.0,3165.21,2024-05-13,Khon Kaen,Bangkok,Credit Card,Shipped,5.0,,Yes,10.0,0.78
103084,1589,Prasert Intharak,prasert.intharak673@yahoo.com,Lite Speaker 905,Beauty,783.58,4,0.0,3134.32,2025-11-21,Nakhon Si Thammarat,Bangkok,COD,Cancelled,5.0,,No,11.0,0.99
104279,1406,Kittisak Thongdee,kittisak.thongdee241@outlook.com,Lite Desk 437,Sports,740.28,8,0.0,5922.24,2025-06-05,Chiang Mai,Songkhla,TrueMoney Wallet,Completed,,,No,12.0,0.98
104066,2011,Chatchai Meesuk,chatchai.meesuk69@yahoo.com,Pro Jacket 108,Toys,,4,0.0,5093.12,2025-12-10,Nakhon Si Thammarat,Rayong,Credit Card,Completed,,,Yes,10.0,0.49
101228,2409,Wichai Rattanakul,wichai.rattanakul122@outlook.com,Pro Pillow 515,Books,589.66,7,0.0,4127.62,2023-06-21,Nong Khai,Udon Thani,Credit Card,Returned,5.0,,Yes,10.0,0.26
100259,2842,Siriporn Saelim,siriporn.saelim498@gmail.com,Ultra Charger 604,Beauty,880.72,6,25.0,3963.24,2025-12-09,Nakhon Si Thammarat,Udon Thani,Bank Transfer,Completed,5.0,สีไม่ตรงตามรูป,No,2.0,
101554,1992,Siriporn Panyawong,siriporn.panyawong459@hotmail.com,Plus Desk 993,Electronics,785.21,4,30.0,2198.59,2024-09-09,Udon Thani,Songkhla,Bank Transfer,Returned,,แพ็คเกจไม่แน่นหนา,No,3.0,0.77
101818,2382,Ploy Thongdee,ploy.thongdee617@hotmail.com,Pro Charger 299,Home & Living,328.83,2,5.0,624.78,2023-12-06,Krabi,Phuket,TrueMoney Wallet,Completed,1.0,,No,12.0,0.48
104763,2877,Prasert Kaewkla,prasert.kaewkla972@gmail.com,Lite Pillow 102,Toys,328.59,1,0.0,328.59,2023-02-14,Nakhon Ratchasima,Chiang Mai,COD,Returned,1.0,,Yes,,1.5
104939,2511,Suree Chantra,,Lite Backpack 335,Home & Living,213.42,7,15.0,1269.85,2025-11-01,Nakhon Ratchasima,Songkhla,TrueMoney Wallet,Completed,,,Yes,,5.91
102577,1908,Somkiat Thongdee,somkiat.thongdee290@yahoo.com,Eco Keyboard 812,Sports,402.64,6,0.0,2415.84,2023-06-19,Phuket,Chonburi,COD,Completed,4.0,,No,14.0,1.46
100052,2899,Chaiyot Prasertsak,chaiyot.prasertsak350@hotmail.com,Mini Charger 560,Automotive,718.65,4,0.0,2874.6,2023-02-12,Surat Thani,Khon Kaen,PromptPay,Processing,5.0,,Yes,4.0,0.54
102226,2346,Prasert Wongsawat,prasert.wongsawat311@hotmail.com,Plus Mouse 214,Health,314.48,6,0.0,1886.88,2024-11-08,Pattaya,Bangkok,COD,Completed,,บริการลูกค้าดีเยี่ยม,No,8.0,3.18
101886,2319,Sombat Phetcharat,sombat.phetcharat712@gmail.com,Plus Sneaker 110,Automotive,461.46,7,0.0,3230.22,2023-03-01,Ubon Ratchathani,Nakhon Ratchasima,PromptPay,Cancelled,3.0,,Yes,,2.54
102223,1348,Somkiat Boonmee,somkiat.boonmee509@hotmail.com,Eco Chair 862,Groceries,863.69,4,10.0,3109.28,2025-11-02,Chiang Rai,Khon Kaen,,Completed,4.0,,Yes,10.0,0.53
102440,1526,Orawan Chantra,orawan.chantra389@yahoo.com,Max Notebook 818,Health,265.42,1,10.0,238.88,2023-01-02,Nakhon Si Thammarat,Phuket,COD,Returned,,,No,3.0,1.22
102827,2437,Somsri Srisuk,,Eco Blender 587,Toys,596.52,9,20.0,4294.94,2023-11-30,Phuket,Chiang Mai,TrueMoney Wallet,Processing,5.0,ส่งไวมาก ประทับใจ,Yes,1.0,4.06
102985,2443,Chomphunut Sukjai,chomphunut.sukjai352@yahoo.com,Smart Backpack 703,Health,690.77,2,0.0,1381.54,2023-12-12,Bangkok,Nonthaburi,COD,Shipped,4.0,ของมาช้ากว่ากำหนด,No,14.0,0.23
101479,2646,Orawan Rattanakul,orawan.rattanakul375@hotmail.com,Mini Wallet 968,Books,959.55,1,25.0,719.66,2025-09-23,Khon Kaen,Chiang Mai,Bank Transfer,Processing,3.0,,No,12.0,2.07
101033,1384,Wichai Chaiyaporn,wichai.chaiyaporn386@outlook.com,Ultra Blender 725,Electronics,122.43,1,0.0,122.43,2023-10-16,Rayong,Songkhla,TrueMoney Wallet,Shipped,3.0,,Yes,5.0,
101097,1577,Kittisak Sinthop,kittisak.sinthop747@outlook.com,Smart Backpack 180,Sports,1224.69,8,0.0,9797.52,2024-08-18,Ubon Ratchathani,Nonthaburi,PromptPay,Shipped,5.0,บริการลูกค้าดีเยี่ยม,No,14.0,3.41
101469,1197,Suree Meesuk,suree.meesuk848@hotmail.com,Lite Lamp 108,Health,149.2,3,,447.6,2023-08-28,Rayong,Bangkok,COD,Completed,3.0,โอเคสำหรับราคานี้,Yes,6.0,0.39
100543,1399,Somchai Boonmee,somchai.boonmee197@outlook.com,Eco Headphone 308,Electronics,295.44,4,0.0,1181.76,2025-10-04,Phuket,Songkhla,Installment,Completed,2.0,,No,,2.17
101046,2588,Kanya Yodying,kanya.yodying310@hotmail.com,Lite Chair 579,Groceries,285.52,4,0.0,1142.08,2025-01-07,Pattaya,Nakhon Ratchasima,COD,Completed,5.0,,No,6.0,1.17
102623,1956,Pranee Phetcharat,pranee.phetcharat259@outlook.com,Plus Desk 803,Electronics,894.32,6,20.0,4292.74,2025-12-16,Nakhon Ratchasima,Bangkok,PromptPay,Completed,5.0,,No,2.0,0.65
101632,2205,Orawan Boonmee,orawan.boonmee95@outlook.com,Ultra Jacket 669,Toys,810.66,-1,0.0,,2023-02-05,,Udon Thani,Bank Transfer,Returned,5.0,,No,,1.97
100030,1276,Kittisak Chantra,kittisak.chantra308@hotmail.com,Pro Sneaker 800,Beauty,588.55,2,25.0,882.82,2023-12-01,Nakhon Si Thammarat,Rayong,COD,Cancelled,2.0,,No,11.0,3.73
100725,2276,Orawan Kaewkla,orawan.kaewkla400@yahoo.com,Lite Speaker 547,Home & Living,357.59,3,0.0,1072.77,2024-05-23,Bangkok,Bangkok,Bank Transfer,Shipped,4.0,,No,2.0,1.74
104122,1612,Chomphunut Sinthop,,Mini Watch 906,Toys,640.38,4,0.0,2561.52,2023-04-20,Nong Khai,Phuket,COD,Completed,,,No,4.0,0.61
104462,1092,Duangjai Phetcharat,,Max Watch 841,Home & Living,378.29,9,0.0,,2023-04-19,Surat Thani,Nakhon Ratchasima,Bank Transfer,Completed,,สินค้าดีมาก คุ้มราคา,Yes,6.0,0.11
103955,2604,Suchart Thongdee,suchart.thongdee390@outlook.com,Pro Pillow 838,Sports,338.49,3,5.0,964.7,2025-09-10,,Khon Kaen,,Cancelled,4.0,,Yes,11.0,0.38
101426,1797,Anucha Naruemon,anucha.naruemon154@yahoo.com,Lite Wallet 674,Beauty,1093.98,8,0.0,8751.84,2023-11-03,Lampang,Nakhon Ratchasima,COD,Cancelled,4.0,,No,13.0,2.6
102531,2994,Anucha Wattana,anucha.wattana677@gmail.com,Pro Wallet 979,Health,637.31,4,0.0,2549.24,2023-03-26,Krabi,Udon Thani,Credit Card,Completed,,,No,5.0,1.16
100436,1469,Nittaya Panyawong,nittaya.panyawong29@outlook.com,Eco Jacket 489,Automotive,763.3,2,,1450.27,2025-12-03,Nonthaburi,Rayong,PromptPay,Returned,1.0,,,10.0,
104576,2793,Kanya Saelim,kanya.saelim721@gmail.com,Max Lamp 908,Books,1124.0,3,20.0,2697.6,2024-05-24,Hat Yai,Songkhla,Bank Transfer,Returned,,ใช้งานได้ตามที่คาดหวัง,Yes,1.0,0.76
100912,2392,Kanya Rattanakul,kanya.rattanakul385@yahoo.com,Pro Lamp 627,Groceries,142.82,5,0.0,714.1,2025-01-12,Lampang,Udon Thani,TrueMoney Wallet,Completed,5.0,,Yes,9.0,0.31
104244,1000,Rungnapa Srisuk,rungnapa.srisuk377@hotmail.com,Mini Lamp 416,Groceries,491.81,6,5.0,2803.32,2023-05-17,Udon Thani,Nakhon Ratchasima,Bank Transfer,Processing,3.0,,No,,0.93
104505,2812,Somsri Prasertsak,somsri.prasertsak384@hotmail.com,Plus Desk 574,Groceries,493.81,4,10.0,1777.72,2024-09-07,Phuket,Phuket,Credit Card,Returned,5.0,จะกลับมาซื้อซ้ำแน่นอน,No,5.0,1.84
104535,2324,Ratana Naruemon,ratana.naruemon913@gmail.com,Mini Mouse 181,Home & Living,896.89,4,0.0,3587.56,2025-10-23,,Nonthaburi,Bank Transfer,Completed,3.0,,No,3.0,2.59
104072,1600,Somchai Srisuk,somchai.srisuk427@outlook.com,Max Backpack 177,Fashion,340.92,5,25.0,1278.45,2025-04-15,Krabi,Chonburi,Installment,Completed,4.0,,No,9.0,
102318,2347,Anucha Naruemon,,Lite Pillow 718,Health,495.75,9,10.0,4015.58,2024-04-23,Chiang Rai,Rayong,TrueMoney Wallet,Cancelled,4.0,บริการลูกค้าดีเยี่ยม,No,12.0,0.92
103172,1286,Ploy Panyawong,ploy.panyawong797@hotmail.com,Mini Jacket 465,Groceries,195.93,8,0.0,1567.44,2025-09-21,,Chonburi,Credit Card,Completed,4.0,โอเคสำหรับราคานี้,No,,1.17
101238,1918,Sombat Phetcharat,sombat.phetcharat786@hotmail.com,Mini Bottle 834,Automotive,261.92,9,0.0,2357.28,2025-06-25,Ubon Ratchathani,Chonburi,Bank Transfer,Completed,,โอเคสำหรับราคานี้,Yes,8.0,1.17
100903,2958,Chaiyot Kaewkla,chaiyot.kaewkla66@yahoo.com,Max Keyboard 462,Electronics,1317.8,5,5.0,6259.55,2025-02-24,Trang,Songkhla,Bank Transfer,Completed,,คุณภาพต่ำกว่าที่คิด,Yes,8.0,1.87
101815,2985,Malee Phetcharat,malee.phetcharat921@hotmail.com,Mini Watch 967,Beauty,594.3,7,0.0,4160.1,2025-01-21,Hat Yai,Bangkok,TrueMoney Wallet,Completed,4.0,,No,4.0,1.08
103187,2671,Siriporn Wattana,siriporn.wattana327@outlook.com,Plus Backpack 239,Automotive,518.38,3,0.0,1555.14,2025-10-11,Udon Thani,Khon Kaen,PromptPay,Completed,,ใช้งานได้ตามที่คาดหวัง,Yes,2.0,1.32
101541,1711,Pichit Wongsawat,,Mini Notebook 147,Toys,299.28,7,0.0,2094.96,2025-10-30,Bangkok,Udon Thani,Bank Transfer,Completed,,,Yes,7.0,7.39
100507,2311,Suree Rattanakul,suree.rattanakul655@hotmail.com,Mini Watch 983,Automotive,253.05,5,0.0,1265.25,2025-11-02,Krabi,Nakhon Ratchasima,Installment,Completed,,จะกลับมาซื้อซ้ำแน่นอน,No,14.0,0.56
104359,2660,Anan Boonmee,anan.boonmee433@yahoo.com,Plus Camera 555,Groceries,192.49,3,,548.6,2025-08-24,Nakhon Ratchasima,Chiang Mai,PromptPay,Completed,,,Yes,11.0,6.66
100183,1502,Niran Prasertsak,niran.prasertsak677@hotmail.com,Max Desk 641,Health,143.82,6,25.0,647.19,2024-05-08,Chiang Rai,Chiang Mai,Credit Card,Completed,4.0,คุณภาพต่ำกว่าที่คิด,No,9.0,1.05
102767,1484,Pranee Chantra,pranee.chantra706@outlook.com,Eco Watch 663,Home & Living,498.72,4,,1994.88,2024-08-31,Surat Thani,Chonburi,TrueMoney Wallet,Processing,5.0,,Yes,5.0,0.26
101497,1597,Kittisak Sukjai,kittisak.sukjai568@yahoo.com,Mini Headphone 295,Automotive,310.64,9,5.0,2655.97,2025-06-22,Surat Thani,Nonthaburi,PromptPay,Completed,,แพ็คเกจไม่แน่นหนา,No,10.0,0.49
101871,2581,Orawan Chaiyaporn,orawan.chaiyaporn123@hotmail.com,Max Sneaker 691,Automotive,273.87,6,25.0,1232.42,2025-09-14,Krabi,Nonthaburi,TrueMoney Wallet,Returned,3.0,,Yes,11.0,0.56
100321,2534,Sombat Chaiyaporn,sombat.chaiyaporn915@yahoo.com,Mini Sneaker 902,Health,375.35,3,0.0,1126.05,2023-02-22,Chiang Rai,Chiang Mai,Installment,Completed,3.0,จะกลับมาซื้อซ้ำแน่นอน,No,11.0,3.23
104690,2829,Somchai Panyawong,somchai.panyawong364@outlook.com,Pro Lamp 548,Toys,316.47,1,25.0,,2024-10-06,Sakon Nakhon,Nonthaburi,Credit Card,Cancelled,4.0,,No,13.0,0.73
104836,1976,Rungnapa Chaiyaporn,rungnapa.chaiyaporn126@yahoo.com,Pro Watch 655,Books,935.51,4,10.0,3367.84,2025-12-17,Ubon Ratchathani,Phuket,Credit Card,Completed,,,No,14.0,3.47
104002,2540,Anucha Phetcharat,,Ultra Keyboard 483,Health,,3,25.0,1397.05,2024-02-14,Sakon Nakhon,Chiang Mai,Installment,Completed,,แพ็คเกจไม่แน่นหนา,No,,0.48
104575,2958,Chatchai Wattana,chatchai.wattana382@hotmail.com,Eco Speaker 878,Health,1047.88,9,15.0,8016.28,2024-09-30,,Nonthaburi,COD,Returned,,โอเคสำหรับราคานี้,Yes,1.0,5.91
103810,1762,Suchart Saelim,suchart.saelim206@gmail.com,Eco Speaker 712,Toys,762.13,5,0.0,3810.65,2023-11-11,Hat Yai,Rayong,Installment,Cancelled,5.0,,No,6.0,2.37
102354,1569,Suree Naruemon,suree.naruemon334@yahoo.com,Smart Blender 312,Groceries,476.54,7,10.0,3002.2,2025-03-04,Surat Thani,Bangkok,Bank Transfer,Returned,5.0,แพ็คเกจไม่แน่นหนา,Yes,,0.98
104008,1841,Suree Kaewkla,suree.kaewkla193@hotmail.com,Pro Backpack 534,Electronics,400.36,3,0.0,1201.08,2024-03-20,Trang,Udon Thani,PromptPay,Completed,5.0,สีไม่ตรงตามรูป,No,9.0,2.65
104460,2472,Wilai Boonmee,wilai.boonmee767@hotmail.com,Ultra Notebook 583,Health,425.61,7,10.0,2681.34,2023-12-10,Krabi,Songkhla,COD,Shipped,,,No,13.0,1.78
101146,2775,Sombat Thongdee,sombat.thongdee695@outlook.com,Max Sneaker 115,Books,478.01,6,15.0,2437.85,2025-12-19,,Phuket,Credit Card,Completed,5.0,,Yes,4.0,0.63
103049,1049,Duangjai Wattana,duangjai.wattana180@outlook.com,Smart Backpack 277,Health,185.01,9,0.0,1665.09,2024-06-06,Nong Khai,Phuket,Bank Transfer,Completed,,,No,2.0,1.42
100044,1699,Ploy Meesuk,ploy.meesuk117@outlook.com,Mini Blender 543,Fashion,163.5,3,15.0,416.92,2023-12-15,,Nonthaburi,Installment,Cancelled,5.0,,No,9.0,3.05
102073,2463,Kittisak Saelim,,Smart Charger 912,Beauty,580.93,6,20.0,2788.46,2023-08-05,Nonthaburi,Nakhon Ratchasima,TrueMoney Wallet,Completed,3.0,,No,2.0,1.39
103873,1742,Thawatchai Sukjai,,Lite Chair 655,Health,381.26,5,0.0,1906.3,2024-04-22,Rayong,Songkhla,COD,Processing,1.0,แพ็คเกจไม่แน่นหนา,No,,0.98
101867,1980,Duangjai Chotirat,,Lite Chair 500,Health,306.72,7,0.0,2147.04,2023-02-20,Chiang Mai,Rayong,Credit Card,Completed,5.0,ของมาช้ากว่ากำหนด,No,6.0,1.58
101378,2942,Kittisak Sukjai,kittisak.sukjai931@outlook.com,Mini Lamp 768,Electronics,485.05,4,,1940.2,2025-09-05,Phuket,Songkhla,COD,Completed,4.0,,Yes,14.0,
104470,1748,,ploy.naruemon379@yahoo.com,Max Lamp 148,Home & Living,480.99,5,5.0,2284.7,2023-08-31,Nonthaburi,Rayong,COD,Cancelled,,,No,1.0,0.13
104012,1434,Thawatchai Thongdee,thawatchai.thongdee651@yahoo.com,Smart Keyboard 160,Fashion,0.0,3,0.0,1939.89,2023-01-02,Hat Yai,Phuket,Installment,Completed,5.0,,No,9.0,3.02
100413,2186,Ratana Chantra,ratana.chantra3@outlook.com,Ultra Desk 558,Sports,421.46,4,0.0,1685.84,2025-09-07,Khon Kaen,Khon Kaen,Installment,Cancelled,,,No,14.0,0.83
102187,1920,Niran Thongdee,niran.thongdee641@outlook.com,Mini Chair 995,ELECTRONICS,,1,15.0,218.14,2023-06-06,Chiang Rai,Udon Thani,PromptPay,Returned,,โอเคสำหรับราคานี้,Yes,9.0,2.82
101407,1375,Sombat Kaewkla,sombat.kaewkla25@hotmail.com,Lite Wallet 602,Home & Living,638.16,1,20.0,510.53,2024-07-10,Sakon Nakhon,Songkhla,TrueMoney Wallet,Completed,5.0,สินค้าดีมาก คุ้มราคา,No,3.0,0.79
104309,1946,Chomphunut Kaewkla,chomphunut.kaewkla872@hotmail.com,Max Camera 603,Health,275.01,7,0.0,1925.07,2024-11-19,Bangkok,Nonthaburi,Credit Card,Completed,4.0,,Yes,2.0,1.92
100801,2819,Suree Wongsawat,suree.wongsawat72@hotmail.com,Lite Jacket 227,Groceries,751.33,4,10.0,2704.79,2024-09-25,Trang,Khon Kaen,PromptPay,Shipped,,,Yes,4.0,2.86
101288,1691,Boonmee Srisuk,boonmee.srisuk340@yahoo.com,Mini Desk 697,Sports,807.53,5,0.0,4037.65,2024-09-29,Nakhon Si Thammarat,Khon Kaen,Bank Transfer,Completed,5.0,,No,2.0,0.82
103779,2211,Rungnapa Chaiyaporn,rungnapa.chaiyaporn924@outlook.com,Pro Notebook 833,Electronics,891.75,3,5.0,2541.49,2023-11-30,Nong Khai,Phuket,COD,Returned,4.0,,No,7.0,1.95
104222,1619,Somchai Intharak,somchai.intharak223@gmail.com,Plus Bottle 736,Automotive,383.24,1,0.0,383.24,2025-08-10,Sakon Nakhon,Songkhla,COD,Cancelled,5.0,,No,7.0,1.16
102063,2062,Niran Srisuk,niran.srisuk981@outlook.com,Lite Lamp 329,Automotive,428.04,2,0.0,856.08,2024-11-03,Bangkok,Chiang Mai,Bank Transfer,Completed,5.0,แพ็คเกจไม่แน่นหนา,No,13.0,0.74
102451,2701,Kanya Chantra,kanya.chantra43@hotmail.com,Lite Lamp 695,Fashion,379.88,8,0.0,3039.04,2024-09-28,Udon Thani,Nonthaburi,Credit Card,Returned,4.0,,No,3.0,0.48
100256,1317,Chaiyot Panyawong,chaiyot.panyawong121@yahoo.com,Mini Notebook 632,Fashion,746.69,8,25.0,4480.14,2024-07-12,Bangkok,Udon Thani,PromptPay,Completed,3.0,,Yes,8.0,2.15
101870,1633,Wichai Yodying,wichai.yodying598@outlook.com,Ultra Wallet 969,Groceries,1068.93,9,5.0,9139.35,2023-04-21,Buriram,Songkhla,Installment,Shipped,4.0,,Yes,9.0,0.24
101729,1760,Rungnapa Sinthop,rungnapa.sinthop586@outlook.com,Max Camera 399,Home & Living,299.85,3,0.0,899.55,2025-10-22,Rayong,Chiang Mai,Credit Card,Completed,4.0,บริการลูกค้าดีเยี่ยม,No,10.0,1.46
101151,2686,Ploy Intharak,ploy.intharak283@outlook.com,Plus Blender 255,Groceries,556.09,4,0.0,2224.36,2024-11-06,Nakhon Ratchasima,Chonburi,COD,Completed,,,Yes,,3.53
104073,1378,Boonmee Boonmee,boonmee.boonmee14@yahoo.com,Plus Desk 780,Fashion,332.68,7,0.0,2328.76,2024-10-22,,Phuket,PromptPay,Returned,,,Yes,,2.1
100647,2109,Kittisak Srisuk,kittisak.srisuk291@hotmail.com,Eco Backpack 532,Home & Living,725.43,5,10.0,3264.44,2023-07-04,Sakon Nakhon,Chonburi,Credit Card,Completed,5.0,คุณภาพต่ำกว่าที่คิด,No,7.0,0.19
102949,2004,Somkiat Saelim,somkiat.saelim624@gmail.com,Ultra Wallet 682,Beauty,,9,,4355.21,2025-03-26,Krabi,Songkhla,Installment,Completed,,ของมาช้ากว่ากำหนด,No,8.0,
101743,2311,Somkiat Sinthop,somkiat.sinthop114@outlook.com,Eco Watch 782,Toys,477.68,1,0.0,477.68,2025-12-22,Chiang Rai,Nakhon Ratchasima,Credit Card,Completed,4.0,สินค้าดีมาก คุ้มราคา,Yes,1.0,1.0
104862,2239,Rungnapa Panyawong,rungnapa.panyawong930@hotmail.com,Smart Desk 587,Fashion,88.34,6,20.0,,2025-04-18,Chiang Mai,Songkhla,PromptPay,Cancelled,3.0,สินค้าดีมาก คุ้มราคา,No,1.0,1.56
104372,2693,Ratana Naruemon,ratana.naruemon318@outlook.com,Eco Wallet 578,Sports,336.16,8,0.0,2689.28,2025-01-03,Nonthaburi,Udon Thani,Installment,Completed,,,Yes,,2.03
101315,1822,Chomphunut Phetcharat,chomphunut.phetcharat814@hotmail.com,Pro Pillow 934,Fashion,329.88,4,0.0,1319.52,2024-09-24,Chiang Mai,Songkhla,Credit Card,Completed,5.0,,No,12.0,3.88
101088,1400,Nittaya Prasertsak,nittaya.prasertsak705@gmail.com,Eco Camera 155,Beauty,574.35,4,0.0,2297.4,2025-01-07,Sakon Nakhon,Phuket,TrueMoney Wallet,Completed,,,Yes,8.0,1.73
102316,1483,Ploy Panyawong,ploy.panyawong346@outlook.com,Plus Speaker 313,Electronics,625.94,8,20.0,4006.02,2025-01-28,Chiang Mai,Rayong,Credit Card,Returned,4.0,ส่งไวมาก ประทับใจ,Yes,11.0,0.62
102499,2683,Duangjai Kaewkla,duangjai.kaewkla272@outlook.com,Lite Sneaker 588,Fashion,344.54,3,,981.94,2023-01-18,Lampang,Udon Thani,Credit Card,Processing,,แพ็คเกจไม่แน่นหนา,No,10.0,0.63
101741,2111,Malee Wattana,malee.wattana643@gmail.com,Max Charger 100,Health,108.19,4,0.0,432.76,2025-02-11,Surat Thani,Udon Thani,COD,Shipped,5.0,บริการลูกค้าดีเยี่ยม,No,3.0,0.51
101350,1325,Somsri Rattanakul,somsri.rattanakul225@yahoo.com,Eco Lamp 882,Home & Living,421.15,7,0.0,2948.05,2023-10-05,Nonthaburi,Khon Kaen,TrueMoney Wallet,Shipped,5.0,,No,11.0,1.73
102534,1634,Nittaya Wongsawat,nittaya.wongsawat793@outlook.com,Pro Jacket 538,Automotive,597.37,7,0.0,4181.59,2024-03-15,Udon Thani,Bangkok,Credit Card,Returned,4.0,,Yes,10.0,0.34
100112,2750,Chaiyot Chantra,chaiyot.chantra135@yahoo.com,Max Headphone 585,Automotive,749.63,3,10.0,2024.0,2025-06-15,Sakon Nakhon,Phuket,Installment,Completed,,บริการลูกค้าดีเยี่ยม,Yes,1.0,10.26
103176,1207,Somsri Sinthop,somsri.sinthop616@yahoo.com,Plus Wallet 843,HOME & LIVING,367.46,7,30.0,,2023-09-05,Phuket,Songkhla,Credit Card,Processing,4.0,ของมาช้ากว่ากำหนด,Yes,13.0,5.68
100263,2998,Malee Chotirat,malee.chotirat911@yahoo.com,Lite Wallet 899,Electronics,315.14,3,10.0,850.88,2025-08-06,Phuket,Nakhon Ratchasima,Bank Transfer,Completed,5.0,,Yes,5.0,3.23
101393,1910,Anan Sinthop,anan.sinthop874@gmail.com,Max Camera 706,Automotive,667.53,2,,1201.55,2024-06-17,Trang,Phuket,Installment,Completed,,ใช้งานได้ตามที่คาดหวัง,No,1.0,0.22
101924,1295,Somchai Srisuk,somchai.srisuk665@outlook.com,Smart Sneaker 135,Beauty,770.26,1,0.0,770.26,2023-08-26,Chiang Mai,Khon Kaen,Credit Card,Returned,,ใช้งานได้ตามที่คาดหวัง,No,13.0,
101186,1232,Siriporn Saelim,siriporn.saelim298@yahoo.com,Mini Speaker 418,Fashion,885.8,2,25.0,1328.7,2025-06-07,Chiang Rai,Phuket,PromptPay,Returned,,สีไม่ตรงตามรูป,No,14.0,0.34
102721,1843,Orawan Sinthop,orawan.sinthop746@outlook.com,Plus Sneaker 258,Fashion,194.95,7,,1296.42,2024-09-29,Buriram,Nonthaburi,Installment,Completed,4.0,โอเคสำหรับราคานี้,No,7.0,1.35
100056,2528,Suchart Phetcharat,suchart.phetcharat445@gmail.com,Eco Notebook 117,Fashion,1035.59,5,0.0,5177.95,2024-12-19,Krabi,Chiang Mai,COD,Completed,,สีไม่ตรงตามรูป,No,4.0,1.02
101309,1842,Chatchai Wattana,chatchai.wattana70@outlook.com,Lite Charger 555,Health,770.65,9,15.0,5895.47,2024-03-21,Rayong,Udon Thani,TrueMoney Wallet,Completed,,ใช้งานได้ตามที่คาดหวัง,No,,0.67
100695,1496,Anan Kaewkla,anan.kaewkla213@gmail.com,Pro Speaker 303,Fashion,507.71,9,0.0,4569.39,2024-05-26,Rayong,Nonthaburi,Credit Card,Completed,5.0,แพ็คเกจไม่แน่นหนา,No,14.0,
104225,2806,Pranee Wattana,pranee.wattana882@yahoo.com,Lite Lamp 590,Groceries,464.88,5,0.0,2324.4,2025-06-01,Rayong,Phuket,COD,Cancelled,,,No,8.0,1.34
102011,1401,Chatchai Srisuk,chatchai.srisuk993@gmail.com,Smart Backpack 861,Health,523.19,1,0.0,523.19,2023-03-26,Hat Yai,Chiang Mai,COD,Returned,5.0,คุณภาพต่ำกว่าที่คิด,No,2.0,1.8
101767,2571,Suree Naruemon,suree.naruemon198@gmail.com,Mini Speaker 532,Sports,465.3,7,0.0,3257.1,2024-10-16,Sakon Nakhon,Nonthaburi,Credit Card,Cancelled,,แพ็คเกจไม่แน่นหนา,Yes,10.0,
102426,2709,Rungnapa Wattana,,Eco Mouse 416,Automotive,967.31,7,0.0,6771.17,2024-09-17,Nonthaburi,Songkhla,TrueMoney Wallet,Completed,,,No,1.0,2.8
101879,1692,Thawatchai Prasertsak,thawatchai.prasertsak288@yahoo.com,Plus Charger 942,Fashion,1141.16,9,0.0,10270.44,2023-01-30,Udon Thani,Bangkok,COD,Completed,5.0,ใช้งานได้ตามที่คาดหวัง,Yes,12.0,
100319,1981,Kanya Thongdee,kanya.thongdee102@yahoo.com,Ultra Desk 792,Automotive,400.78,5,10.0,1803.51,2024-06-11,Khon Kaen,Bangkok,Installment,Shipped,,,Yes,13.0,0.55
102317,2265,Yupin Prasertsak,yupin.prasertsak40@yahoo.com,Smart Keyboard 527,Sports,740.05,4,15.0,2516.17,2023-06-02,Rayong,Khon Kaen,Installment,Completed,,แพ็คเกจไม่แน่นหนา,Yes,14.0,2.27
101589,2645,Somchai Srisuk,somchai.srisuk759@hotmail.com,Eco Chair 713,Health,1057.54,8,10.0,7614.29,2024-01-21,Nong Khai,Bangkok,TrueMoney Wallet,Completed,,สีไม่ตรงตามรูป,Yes,6.0,1.66
100682,1761,Orawan Wattana,orawan.wattana716@gmail.com,Plus Chair 143,Electronics,1184.83,1,,1125.59,2025-12-21,,Chonburi,Bank Transfer,Completed,5.0,,Yes,3.0,0.93
102346,1906,Kittisak Chantra,kittisak.chantra999@yahoo.com,Eco Wallet 721,Electronics,,8,5.0,5143.68,2023-02-13,Bangkok,Chiang Mai,TrueMoney Wallet,Completed,3.0,,Yes,14.0,1.15
103258,1593,Chatchai Phetcharat,chatchai.phetcharat144@gmail.com,Max Jacket 469,Health,236.48,8,20.0,1513.47,2024-09-30,Phuket,Songkhla,TrueMoney Wallet,Completed,,ของมาช้ากว่ากำหนด,Yes,7.0,1.38
100479,1279,Somsri Chaiyaporn,somsri.chaiyaporn191@hotmail.com,Eco Headphone 148,Automotive,558.54,2,,1117.08,2025-04-28,Trang,Songkhla,Credit Card,Completed,,บริการลูกค้าดีเยี่ยม,Yes,,1.5
103555,2827,Kittisak Panyawong,kittisak.panyawong759@outlook.com,Ultra Speaker 352,Automotive,1011.57,9,30.0,6372.89,2023-07-24,Khon Kaen,Bangkok,Installment,Cancelled,,ใช้งานได้ตามที่คาดหวัง,No,13.0,3.58
102894,2678,Siriporn Saelim,siriporn.saelim982@outlook.com,Plus Sneaker 533,Electronics,801.86,9,0.0,7216.74,2025-01-12,Sakon Nakhon,Songkhla,PromptPay,Returned,5.0,โอเคสำหรับราคานี้,Yes,13.0,2.35
100286,1698,Suchart Yodying,suchart.yodying662@gmail.com,Pro Backpack 619,Health,648.87,8,0.0,5190.96,2025-12-04,Nonthaburi,Nonthaburi,Installment,Completed,5.0,,No,11.0,1.85
101934,2826,Wichai Sinthop,wichai.sinthop225@gmail.com,Max Jacket 748,Home & Living,645.63,1,,548.79,2025-10-06,Sakon Nakhon,Nonthaburi,PromptPay,Completed,,,No,2.0,3.47
102153,2122,Anucha Panyawong,anucha.panyawong746@outlook.com,Lite Headphone 425,Home & Living,152.26,9,,1096.27,2025-07-09,,Rayong,Credit Card,Shipped,4.0,,Yes,1.0,1.42
103245,1405,Somkiat Intharak,somkiat.intharak449@yahoo.com,Smart Speaker 464,Electronics,187.3,1,5.0,177.94,2024-09-28,Nakhon Si Thammarat,Phuket,COD,Processing,,,No,3.0,2.26
102535,2925,Wilai Wongsawat,wilai.wongsawat861@outlook.com,Max Keyboard 435,Books,524.01,3,5.0,1493.43,2024-05-15,Rayong,Songkhla,Installment,Completed,5.0,สินค้าดีมาก คุ้มราคา,No,4.0,1.0
101756,1943,Wichai Chantra,wichai.chantra385@yahoo.com,Mini Wallet 559,Sports,908.45,3,0.0,2725.35,2023-03-13,Phuket,Nonthaburi,Credit Card,Completed,4.0,ใช้งานได้ตามที่คาดหวัง,Yes,2.0,0.5
103882,1808,Pichit Panyawong,pichit.panyawong25@hotmail.com,Smart Sneaker 504,Groceries,402.19,3,5.0,1146.24,2024-07-14,Nong Khai,Bangkok,Installment,Shipped,4.0,สินค้าดีมาก คุ้มราคา,No,5.0,2.92
101598,1370,Pranee Rattanakul,pranee.rattanakul358@outlook.com,Plus Headphone 998,Electronics,1695.95,3,0.0,5087.85,2024-12-06,Bangkok,Chiang Mai,TrueMoney Wallet,Completed,5.0,ของมาช้ากว่ากำหนด,Yes,4.0,0.21
103107,1301,Nittaya Panyawong,nittaya.panyawong487@outlook.com,Pro Notebook 275,Toys,743.44,3,,2230.32,2025-03-25,Lampang,Phuket,Installment,Completed,,,No,5.0,0.75
102111,1709,Yupin Naruemon,yupin.naruemon488@outlook.com,Eco Watch 101,Books,267.91,3,0.0,803.73,2024-12-25,,Rayong,TrueMoney Wallet,Completed,4.0,,No,7.0,6.58
100736,2625,Suree Sukjai,suree.sukjai697@gmail.com,Mini Lamp 970,Home & Living,367.82,5,25.0,1379.32,2023-10-25,Bangkok,Chiang Mai,Credit Card,Processing,5.0,,No,8.0,2.36
102374,1973,Sombat Chaiyaporn,sombat.chaiyaporn391@gmail.com,Smart Speaker 366,Automotive,739.06,7,10.0,4656.08,2024-07-06,Phuket,Nakhon Ratchasima,PromptPay,Completed,5.0,,No,,0.72
100336,1402,Chatchai Saelim,chatchai.saelim253@hotmail.com,Max Backpack 219,Health,220.85,1,0.0,220.85,2023-03-29,Nakhon Ratchasima,Rayong,COD,Processing,4.0,จะกลับมาซื้อซ้ำแน่นอน,No,13.0,1.76
102416,2607,Wilai Kaewkla,wilai.kaewkla854@outlook.com,Plus Camera 267,Fashion,372.71,3,0.0,1118.13,2024-08-15,Nong Khai,Songkhla,PromptPay,Processing,2.0,,No,5.0,1.95
102810,1128,Somsri Boonmee,somsri.boonmee530@hotmail.com,Pro Chair 619,Fashion,1575.24,9,0.0,14177.16,2023-02-13,,Rayong,Bank Transfer,Completed,4.0,,No,2.0,0.33
103944,2449,Somsri Srisuk,somsri.srisuk718@yahoo.com,Smart Camera 949,Toys,206.89,9,0.0,1862.01,2025-05-05,Trang,Udon Thani,PromptPay,Completed,,ของมาช้ากว่ากำหนด,No,13.0,0.25
104427,2478,Pranee Kaewkla,pranee.kaewkla238@hotmail.com,Plus Speaker 720,Fashion,413.61,6,,2109.41,2024-02-26,Khon Kaen,Udon Thani,Installment,Completed,5.0,คุณภาพต่ำกว่าที่คิด,No,6.0,1.95
101071,1153,Chatchai Chotirat,chatchai.chotirat820@yahoo.com,Mini Camera 241,Fashion,966.18,8,25.0,5797.08,2024-12-29,Buriram,Chiang Mai,TrueMoney Wallet,Completed,,,Yes,14.0,8.69
102321,2040,Thawatchai Saelim,thawatchai.saelim128@yahoo.com,Eco Backpack 516,Home & Living,962.18,6,15.0,4907.12,2023-05-09,Nakhon Ratchasima,Songkhla,Credit Card,Cancelled,5.0,ส่งไวมาก ประทับใจ,No,14.0,0.23
102351,2951,Yupin Rattanakul,yupin.rattanakul80@outlook.com,Mini Desk 513,Fashion,1220.09,3,30.0,2562.19,2023-10-08,Hat Yai,Bangkok,TrueMoney Wallet,Completed,5.0,,Yes,10.0,2.36
103806,2169,Anan Phetcharat,anan.phetcharat972@hotmail.com,Lite Wallet 109,Groceries,178.35,7,0.0,1248.45,2024-09-02,Nakhon Ratchasima,Nonthaburi,COD,Shipped,5.0,,Yes,7.0,2.18
102018,2175,Anucha Chantra,anucha.chantra819@yahoo.com,Lite Desk 927,Groceries,411.03,5,0.0,2055.15,2024-06-17,Ubon Ratchathani,Nonthaburi,TrueMoney Wallet,Completed,4.0,,No,1.0,1.82
104135,1648,Niran Kaewkla,niran.kaewkla609@outlook.com,Smart Desk 678,Toys,416.41,9,0.0,3747.69,2025-03-25,Sakon Nakhon,Nakhon Ratchasima,Bank Transfer,Processing,1.0,,No,3.0,5.44
103977,1326,Ratana Wattana,ratana.wattana885@gmail.com,Max Lamp 245,Automotive,1373.95,9,5.0,11747.27,2024-09-30,Ubon Ratchathani,Phuket,TrueMoney Wallet,Shipped,5.0,,Yes,4.0,0.68
103412,1649,Ploy Sinthop,ploy.sinthop685@yahoo.com,Mini Headphone 139,Beauty,236.91,2,0.0,473.82,2025-12-22,Nonthaburi,Songkhla,Installment,Completed,4.0,แพ็คเกจไม่แน่นหนา,No,1.0,0.7
101488,2464,Chaiyot Naruemon,,Ultra Keyboard 102,Beauty,177.82,9,30.0,1120.27,2023-03-18,Chiang Rai,Udon Thani,COD,Completed,,,No,4.0,1.56
100498,2816,Wilai Wattana,wilai.wattana712@outlook.com,Eco Desk 161,Groceries,622.56,3,,1867.68,2023-09-03,Phuket,Phuket,PromptPay,Completed,,,No,5.0,1.55
104367,2039,Anucha Srisuk,anucha.srisuk742@gmail.com,Eco Jacket 999,Toys,1082.84,1,0.0,1082.84,2024-02-27,Udon Thani,Rayong,TrueMoney Wallet,Completed,4.0,ส่งไวมาก ประทับใจ,,12.0,
102002,1826,Pranee Srisuk,pranee.srisuk910@yahoo.com,Ultra Blender 161,Automotive,102.91,4,20.0,329.31,2023-11-19,Ubon Ratchathani,Chonburi,TrueMoney Wallet,Cancelled,3.0,,Yes,,0.39
102592,1287,Anan Prasertsak,anan.prasertsak804@yahoo.com,Lite Headphone 530,Beauty,1057.58,9,25.0,7138.66,2025-04-23,Lampang,Songkhla,TrueMoney Wallet,Completed,,สีไม่ตรงตามรูป,No,8.0,1.07
104656,1671,Nittaya Saelim,nittaya.saelim770@yahoo.com,Eco Charger 884,Groceries,465.56,7,0.0,3258.92,2024-11-13,Bangkok,Rayong,TrueMoney Wallet,Completed,,,Yes,2.0,0.81
102962,1050,Boonmee Yodying,boonmee.yodying384@outlook.com,Ultra Backpack 343,Groceries,607.51,3,0.0,1822.53,2023-05-07,Ubon Ratchathani,Phuket,COD,Completed,3.0,,Yes,1.0,2.58
104030,1390,Nittaya Thongdee,nittaya.thongdee745@yahoo.com,Max Lamp 835,Books,912.41,1,25.0,684.31,2024-01-09,Hat Yai,Udon Thani,Bank Transfer,Completed,5.0,,Yes,8.0,
104307,1082,Kanya Boonmee,kanya.boonmee614@yahoo.com,Ultra Sneaker 655,Fashion,78.06,5,0.0,390.3,2023-01-05,Ubon Ratchathani,Nonthaburi,Credit Card,Completed,,แพ็คเกจไม่แน่นหนา,No,,4.59
101610,2689,Anan Sinthop,,Pro Notebook 705,Health,,8,0.0,3203.2,2025-04-02,Surat Thani,Rayong,COD,Shipped,,ส่งไวมาก ประทับใจ,Yes,,6.87
103532,1772,Suree Intharak,suree.intharak835@outlook.com,Max Backpack 497,Books,1076.76,3,0.0,3230.28,2024-08-27,Ubon Ratchathani,Nakhon Ratchasima,PromptPay,Completed,,,No,10.0,0.69
102309,2245,Chomphunut Yodying,chomphunut.yodying435@yahoo.com,Smart Notebook 561,Books,135.5,8,0.0,1084.0,2023-11-24,Nakhon Si Thammarat,Khon Kaen,Bank Transfer,Completed,5.0,ส่งไวมาก ประทับใจ,No,,
102867,1588,Sombat Naruemon,sombat.naruemon782@gmail.com,Eco Watch 777,Beauty,1113.44,2,0.0,2226.88,2023-07-17,Trang,Rayong,Bank Transfer,Completed,,,Yes,13.0,0.7
101022,2240,Kittisak Chantra,kittisak.chantra332@gmail.com,Lite Desk 725,Beauty,,4,0.0,6550.08,2025-12-10,Buriram,Songkhla,TrueMoney Wallet,Completed,4.0,สินค้าดีมาก คุ้มราคา,No,14.0,1.18
102313,2219,Orawan Boonmee,orawan.boonmee288@yahoo.com,Lite Blender 556,Electronics,251.12,3,0.0,753.36,2024-06-27,Krabi,Chonburi,,Completed,,,No,2.0,0.25
104957,1200,Siriporn Intharak,siriporn.intharak204@gmail.com,Lite Backpack 222,Beauty,608.57,4,5.0,2312.57,2024-07-14,Rayong,Rayong,PromptPay,Shipped,,,No,6.0,
102034,2911,Kanya Panyawong,kanya.panyawong298@hotmail.com,Plus Notebook 581,Home & Living,486.33,2,0.0,972.66,2024-06-29,Sakon Nakhon,Bangkok,Installment,Processing,,,No,,1.71
103106,1699,Orawan Thongdee,orawan.thongdee582@yahoo.com,Eco Lamp 561,Health,362.3,8,0.0,2898.4,2024-07-27,Nonthaburi,Udon Thani,COD,Shipped,5.0,ใช้งานได้ตามที่คาดหวัง,No,5.0,0.41
103331,1671,Chaiyot Meesuk,,Ultra Headphone 736,Home & Living,1337.89,5,0.0,6689.45,2024-01-08,Chiang Rai,Khon Kaen,PromptPay,Completed,4.0,,No,3.0,0.51
100665,1340,Kittisak Kaewkla,kittisak.kaewkla283@hotmail.com,Mini Wallet 963,Home & Living,1162.32,7,0.0,8136.24,2023-03-22,Khon Kaen,Chonburi,Installment,Processing,5.0,คุณภาพต่ำกว่าที่คิด,No,2.0,2.44
103984,1572,Somsri Chaiyaporn,somsri.chaiyaporn628@gmail.com,Ultra Lamp 808,Health,848.78,9,0.0,7639.02,2025-04-18,Nonthaburi,Khon Kaen,PromptPay,Shipped,5.0,สีไม่ตรงตามรูป,Yes,,0.95
102980,2179,Kittisak Wattana,kittisak.wattana746@outlook.com,Max Watch 687,Electronics,501.06,5,,2380.04,2023-05-08,Hat Yai,Phuket,Credit Card,Shipped,1.0,,No,,0.12
101945,1274,Yupin Wongsawat,yupin.wongsawat176@hotmail.com,Plus Speaker 650,Beauty,371.46,5,5.0,1764.44,2025-02-01,Pattaya,Chiang Mai,PromptPay,Cancelled,3.0,,Yes,10.0,0.7
104288,1500,Suree Yodying,suree.yodying468@outlook.com,Ultra Backpack 364,Toys,139.81,4,20.0,447.39,2024-10-30,Krabi,Rayong,,Returned,5.0,บริการลูกค้าดีเยี่ยม,No,5.0,0.35
102195,2284,Anan Chantra,anan.chantra842@yahoo.com,Mini Sneaker 921,Toys,132.9,8,0.0,1063.2,2025-08-30,Rayong,Phuket,TrueMoney Wallet,Completed,3.0,แพ็คเกจไม่แน่นหนา,Yes,14.0,0.16
101017,1176,Prasert Naruemon,prasert.naruemon401@gmail.com,Smart Charger 821,Toys,391.49,6,25.0,1761.7,2023-02-09,Hat Yai,Songkhla,Bank Transfer,Completed,3.0,,No,2.0,0.45
100557,2688,Chomphunut Rattanakul,chomphunut.rattanakul810@gmail.com,Lite Mouse 223,Toys,756.46,7,15.0,4500.94,2024-10-06,Rayong,Nonthaburi,COD,Processing,1.0,,Yes,4.0,1.47
103264,2485,Ploy Chantra,,Eco Chair 629,Toys,2218.14,3,10.0,5988.98,2024-11-06,Phuket,Rayong,PromptPay,Completed,,,No,5.0,7.12
101207,1047,Somkiat Srisuk,somkiat.srisuk8@hotmail.com,Lite Chair 195,Groceries,769.81,9,20.0,5542.63,2025-12-07,Rayong,Udon Thani,PromptPay,Shipped,3.0,,No,7.0,1.36
104431,2429,Anan Panyawong,anan.panyawong62@gmail.com,Plus Pillow 184,Home & Living,717.99,3,0.0,2153.97,2023-09-22,Chiang Mai,Phuket,Installment,Shipped,3.0,,Yes,11.0,0.56
102694,1837,Pichit Rattanakul,pichit.rattanakul487@gmail.com,Eco Keyboard 354,Electronics,,9,0.0,12106.98,2025-07-24,Hat Yai,Khon Kaen,TrueMoney Wallet,Cancelled,2.0,,Yes,2.0,3.07
103299,2459,Pichit Chaiyaporn,pichit.chaiyaporn7@outlook.com,Smart Keyboard 137,Fashion,564.36,5,0.0,2821.8,2023-11-25,Rayong,Nonthaburi,Installment,Cancelled,,,Yes,5.0,
101510,2900,Duangjai Sinthop,duangjai.sinthop669@outlook.com,Pro Notebook 924,Books,1377.71,1,30.0,964.4,2024-03-30,Phuket,Nakhon Ratchasima,PromptPay,Shipped,5.0,,Yes,13.0,1.92
101777,1745,Niran Intharak,niran.intharak977@gmail.com,Plus Watch 550,Fashion,294.11,3,,882.33,2023-07-20,Lampang,Rayong,Credit Card,Completed,5.0,โอเคสำหรับราคานี้,No,4.0,
100245,2981,Rungnapa Meesuk,rungnapa.meesuk497@outlook.com,Max Lamp 991,Electronics,454.46,9,25.0,3067.6,2023-11-01,Nakhon Si Thammarat,Rayong,Installment,Completed,5.0,,No,14.0,1.2
101163,1280,Rungnapa Intharak,rungnapa.intharak828@gmail.com,Ultra Chair 291,Groceries,607.4,5,0.0,3037.0,2023-04-17,Rayong,Nonthaburi,Installment,Completed,,สีไม่ตรงตามรูป,Yes,11.0,2.43
102369,2098,Kittisak Chotirat,kittisak.chotirat828@yahoo.com,Plus Lamp 983,Beauty,801.9,1,0.0,801.9,2025-01-21,Nonthaburi,Phuket,COD,Completed,4.0,ส่งไวมาก ประทับใจ,Yes,10.0,2.88
100266,2695,Ratana Chantra,ratana.chantra3@gmail.com,Ultra Camera 507,Fashion,303.27,3,0.0,909.81,2023-08-31,Surat Thani,Udon Thani,Credit Card,Shipped,1.0,,No,5.0,0.26
104795,1138,Kittisak Boonmee,,Eco Pillow 911,Toys,228.69,2,0.0,457.38,2023-01-22,,Khon Kaen,PromptPay,Shipped,5.0,ใช้งานได้ตามที่คาดหวัง,Yes,7.0,1.62
101114,2331,Wilai Yodying,wilai.yodying80@yahoo.com,Plus Wallet 146,Toys,577.29,8,0.0,4618.32,2025-02-27,Nakhon Ratchasima,Songkhla,Bank Transfer,Returned,,,No,9.0,2.13
100063,1166,Ratana Chotirat,ratana.chotirat708@outlook.com,Max Lamp 347,Groceries,221.75,3,0.0,,2023-06-22,Nakhon Ratchasima,Phuket,TrueMoney Wallet,Completed,,ใช้งานได้ตามที่คาดหวัง,No,4.0,0.6
102629,2387,Rungnapa Wattana,rungnapa.wattana275@hotmail.com,Lite Sneaker 731,Sports,319.87,3,0.0,959.61,2023-07-31,Nong Khai,Udon Thani,PromptPay,Returned,,จะกลับมาซื้อซ้ำแน่นอน,No,4.0,0.78
104591,2400,Malee Chantra,malee.chantra21@outlook.com,Lite Notebook 636,Toys,94.22,9,10.0,763.18,2023-10-12,Trang,Khon Kaen,Credit Card,Returned,,แพ็คเกจไม่แน่นหนา,No,11.0,0.65
102796,2317,Somsri Boonmee,somsri.boonmee502@yahoo.com,Smart Camera 887,Health,654.45,9,10.0,5301.04,2023-06-03,Hat Yai,Nonthaburi,PromptPay,Completed,,,Yes,1.0,0.11
103053,2083,,suchart.saelim916@gmail.com,Mini Sneaker 317,Home & Living,284.44,7,10.0,1791.97,2024-01-22,Surat Thani,Songkhla,COD,Processing,3.0,ส่งไวมาก ประทับใจ,Yes,8.0,0.19
103119,2764,Chatchai Rattanakul,chatchai.rattanakul996@yahoo.com,Plus Mouse 626,Sports,1352.1,9,30.0,8518.23,2024-05-04,Trang,Nonthaburi,Installment,Shipped,5.0,,No,4.0,0.41
101909,2490,Kittisak Kaewkla,kittisak.kaewkla763@gmail.com,Ultra Camera 940,Sports,127.47,7,0.0,892.29,2023-11-30,Nakhon Ratchasima,Chonburi,PromptPay,Completed,5.0,,Yes,1.0,0.82
102855,2009,Wilai Kaewkla,wilai.kaewkla448@gmail.com,Plus Backpack 706,Electronics,491.84,6,15.0,2508.38,2025-01-08,Krabi,Bangkok,Installment,Processing,,,No,2.0,3.56
102883,2000,Chatchai Chotirat,chatchai.chotirat662@hotmail.com,Pro Charger 931,Groceries,101.15,9,20.0,728.28,2025-08-10,Nong Khai,Nakhon Ratchasima,Credit Card,Completed,5.0,บริการลูกค้าดีเยี่ยม,Yes,14.0,1.12
103819,1160,Wichai Wongsawat,wichai.wongsawat617@yahoo.com,Smart Watch 795,Groceries,1130.66,8,15.0,7688.49,2023-12-01,Hat Yai,Nakhon Ratchasima,Bank Transfer,Shipped,4.0,สีไม่ตรงตามรูป,No,14.0,0.73
103471,2120,Orawan Panyawong,orawan.panyawong480@yahoo.com,Pro Jacket 491,Electronics,200.78,5,0.0,1003.9,2024-10-15,Udon Thani,Udon Thani,COD,Completed,,,,12.0,0.96
101237,2646,Nittaya Saelim,nittaya.saelim353@gmail.com,Smart Bottle 801,Health,862.97,8,0.0,6903.76,2025-10-29,Chiang Rai,Nonthaburi,TrueMoney Wallet,Processing,4.0,,Yes,14.0,0.57
100103,1201,Chatchai Sukjai,chatchai.sukjai638@yahoo.com,Mini Bottle 276,Beauty,286.46,1,0.0,286.46,2024-01-22,Buriram,Udon Thani,Credit Card,Completed,3.0,สีไม่ตรงตามรูป,No,10.0,1.09
103880,1611,Prasert Chantra,prasert.chantra960@outlook.com,Smart Wallet 554,Beauty,736.85,6,0.0,4421.1,2025-04-01,Hat Yai,Khon Kaen,Bank Transfer,Shipped,4.0,,No,10.0,0.34
100272,2853,Somsri Yodying,somsri.yodying922@yahoo.com,Smart Chair 663,Books,571.0,6,,3083.4,2023-06-03,Nakhon Si Thammarat,Khon Kaen,TrueMoney Wallet,Returned,,,No,2.0,
100508,2966,Chatchai Wongsawat,,Lite Notebook 604,Electronics,606.5,2,0.0,1213.0,2025-10-25,Rayong,Khon Kaen,Credit Card,Completed,5.0,ของมาช้ากว่ากำหนด,Yes,,
103759,1582,,rungnapa.wattana182@outlook.com,Eco Headphone 590,Toys,680.23,1,,680.23,2024-12-16,Surat Thani,Rayong,Credit Card,Cancelled,4.0,,No,7.0,0.78
104958,2150,Nittaya Naruemon,nittaya.naruemon38@outlook.com,Lite Desk 841,Fashion,214.12,4,0.0,856.48,2025-03-22,Sakon Nakhon,Khon Kaen,PromptPay,Processing,4.0,แพ็คเกจไม่แน่นหนา,No,6.0,1.69
103738,2929,Wilai Chaiyaporn,wilai.chaiyaporn548@gmail.com,Ultra Chair 306,Books,535.5,5,0.0,2677.5,2023-09-29,Nong Khai,Nakhon Ratchasima,Bank Transfer,Shipped,,สินค้าดีมาก คุ้มราคา,No,1.0,4.4
100865,2388,Chatchai Saelim,chatchai.saelim790@gmail.com,Mini Lamp 194,Toys,98.23,5,0.0,491.15,2024-02-05,Nonthaburi,Chiang Mai,Credit Card,Returned,4.0,โอเคสำหรับราคานี้,Yes,2.0,1.17
102465,2740,Ratana Chaiyaporn,ratana.chaiyaporn212@hotmail.com,Smart Bottle 313,Sports,205.63,5,0.0,1028.15,2025-10-16,Khon Kaen,Rayong,Credit Card,Completed,5.0,ใช้งานได้ตามที่คาดหวัง,No,13.0,0.64
100908,1189,Somkiat Rattanakul,somkiat.rattanakul273@gmail.com,Plus Speaker 836,Health,809.24,7,15.0,4814.98,2023-01-12,Pattaya,Chiang Mai,Bank Transfer,Processing,2.0,,Yes,3.0,1.67
102142,1505,Nittaya Chaiyaporn,nittaya.chaiyaporn133@yahoo.com,Pro Watch 770,Toys,458.13,3,0.0,1374.39,2025-04-11,Nakhon Ratchasima,Songkhla,TrueMoney Wallet,Shipped,4.0,,Yes,4.0,
104216,1278,Pichit Chaiyaporn,pichit.chaiyaporn205@yahoo.com,Eco Notebook 744,Home & Living,185.46,9,0.0,1669.14,2024-07-25,Rayong,Phuket,Bank Transfer,Shipped,,,Yes,8.0,0.33
103948,1895,Yupin Srisuk,yupin.srisuk768@outlook.com,Eco Blender 620,Electronics,245.07,8,0.0,1960.56,2025-12-05,Nakhon Ratchasima,Udon Thani,PromptPay,Completed,5.0,,Yes,3.0,8.23
101627,1938,Thawatchai Chaiyaporn,,Max Pillow 651,Home & Living,108.32,2,0.0,216.64,2024-04-03,Phuket,Rayong,TrueMoney Wallet,Completed,4.0,จะกลับมาซื้อซ้ำแน่นอน,No,7.0,0.16
102990,1588,Siriporn Chaiyaporn,siriporn.chaiyaporn216@hotmail.com,Plus Jacket 490,Health,442.31,4,10.0,1592.32,2024-03-05,Rayong,Khon Kaen,PromptPay,Completed,,,Yes,13.0,4.44
101522,2708,Niran Boonmee,niran.boonmee67@hotmail.com,Plus Notebook 632,Sports,148.33,4,0.0,593.32,2024-07-31,Nong Khai,Udon Thani,COD,Completed,3.0,,No,11.0,0.91
100835,1732,Yupin Intharak,yupin.intharak939@hotmail.com,Pro Backpack 125,Home & Living,888.05,3,5.0,2530.94,2024-10-09,Nakhon Si Thammarat,Udon Thani,COD,Completed,4.0,สินค้าดีมาก คุ้มราคา,No,7.0,0.28
100358,2438,Yupin Yodying,yupin.yodying405@gmail.com,Lite Sneaker 887,Fashion,449.51,3,10.0,1213.68,2025-11-01,Trang,Chiang Mai,TrueMoney Wallet,Cancelled,4.0,ของมาช้ากว่ากำหนด,Yes,8.0,1.84
100138,2367,Chomphunut Rattanakul,chomphunut.rattanakul788@gmail.com,Lite Backpack 537,Fashion,1237.47,5,10.0,5568.62,2025-08-17,Nonthaburi,Khon Kaen,PromptPay,Completed,3.0,แพ็คเกจไม่แน่นหนา,Yes,8.0,0.33
100299,2076,Rungnapa Thongdee,rungnapa.thongdee252@outlook.com,Mini Bottle 279,Beauty,399.46,4,10.0,1438.06,2023-09-05,Trang,Nakhon Ratchasima,TrueMoney Wallet,Completed,1.0,,No,13.0,0.82
101556,2639,Thawatchai Meesuk,thawatchai.meesuk369@outlook.com,Eco Notebook 447,Automotive,244.03,2,0.0,488.06,2025-11-14,Krabi,Rayong,TrueMoney Wallet,Processing,,แพ็คเกจไม่แน่นหนา,Yes,12.0,0.78
101003,1823,Chatchai Kaewkla,chatchai.kaewkla507@yahoo.com,Lite Jacket 194,Home & Living,343.69,2,25.0,515.54,2025-04-15,Nong Khai,Khon Kaen,PromptPay,Completed,,ใช้งานได้ตามที่คาดหวัง,Yes,11.0,1.9
100382,1815,Prasert Boonmee,prasert.boonmee362@outlook.com,Mini Watch 154,Automotive,522.85,4,0.0,2091.4,2025-04-07,Rayong,Bangkok,Credit Card,Cancelled,,ของมาช้ากว่ากำหนด,No,5.0,1.76
100941,2328,Nittaya Saelim,nittaya.saelim410@gmail.com,Lite Bottle 276,Automotive,362.76,2,15.0,616.69,2025-01-03,Pattaya,Chiang Mai,Bank Transfer,Cancelled,,,No,2.0,0.26
104821,2114,Chaiyot Kaewkla,chaiyot.kaewkla814@yahoo.com,Ultra Bottle 344,Toys,180.04,2,0.0,360.08,2023-12-29,Nakhon Ratchasima,Chiang Mai,Credit Card,Completed,4.0,จะกลับมาซื้อซ้ำแน่นอน,Yes,3.0,1.09
103919,2251,Chatchai Sinthop,chatchai.sinthop786@gmail.com,Plus Lamp 749,Health,928.45,1,5.0,882.03,2025-12-04,Buriram,Chiang Mai,Credit Card,Shipped,,สีไม่ตรงตามรูป,No,2.0,0.26
100761,1738,Niran Sukjai,niran.sukjai105@hotmail.com,Ultra Charger 830,Health,210.79,2,10.0,379.42,2024-08-01,,Khon Kaen,PromptPay,Cancelled,,จะกลับมาซื้อซ้ำแน่นอน,Yes,,0.93
101746,1490,Pranee Srisuk,pranee.srisuk290@yahoo.com,Smart Charger 114,Electronics,833.72,8,0.0,6669.76,2023-10-09,,Nakhon Ratchasima,Bank Transfer,Shipped,4.0,,No,7.0,0.19
101919,1153,Somchai Wongsawat,somchai.wongsawat407@outlook.com,Smart Camera 519,Books,747.88,8,0.0,5983.04,2025-03-27,Nong Khai,Chiang Mai,TrueMoney Wallet,Completed,3.0,,No,11.0,1.31
102585,2379,Malee Wattana,malee.wattana883@gmail.com,Plus Mouse 373,Sports,194.81,6,25.0,876.65,2024-07-28,Phuket,Nakhon Ratchasima,Bank Transfer,Completed,2.0,แพ็คเกจไม่แน่นหนา,Yes,2.0,0.23
102114,2342,Sombat Rattanakul,sombat.rattanakul983@outlook.com,Max Keyboard 368,Electronics,802.13,4,0.0,3208.52,2025-04-24,Phuket,Chiang Mai,Bank Transfer,Completed,4.0,,Yes,8.0,1.5
102227,2591,Kanya Boonmee,kanya.boonmee22@gmail.com,Smart Lamp 536,Beauty,252.06,2,15.0,428.5,2024-08-11,Lampang,Nakhon Ratchasima,TrueMoney Wallet,Completed,,ส่งไวมาก ประทับใจ,Yes,3.0,0.14
100898,1475,Anan Yodying,anan.yodying452@gmail.com,Eco Camera 882,Health,469.03,7,5.0,3119.05,2024-12-09,Krabi,Chonburi,Bank Transfer,Completed,5.0,ส่งไวมาก ประทับใจ,No,6.0,1.86
104052,1057,Wichai Saelim,wichai.saelim223@gmail.com,Pro Pillow 240,Home & Living,425.0,1,0.0,425.0,2025-12-07,Sakon Nakhon,Chiang Mai,TrueMoney Wallet,Shipped,4.0,,Yes,,2.69
103655,1460,Chatchai Kaewkla,chatchai.kaewkla340@gmail.com,Mini Wallet 263,Automotive,369.99,3,0.0,1109.97,2024-11-12,Nong Khai,Chonburi,Installment,Completed,3.0,,No,,0.63
101402,2979,Thawatchai Chotirat,thawatchai.chotirat22@gmail.com,Max Bottle 685,Groceries,403.69,2,0.0,807.38,2024-10-10,Surat Thani,Bangkok,Credit Card,Shipped,1.0,,No,2.0,0.95
102245,2704,Niran Thongdee,niran.thongdee766@gmail.com,Smart Desk 460,Electronics,295.97,9,0.0,2663.73,2023-02-24,Buriram,Rayong,Credit Card,Completed,,,No,10.0,1.45
103835,2423,Pranee Saelim,pranee.saelim781@gmail.com,Lite Keyboard 998,Groceries,665.03,8,5.0,5054.23,2025-06-03,Ubon Ratchathani,Bangkok,Credit Card,Completed,5.0,,No,1.0,
104409,1558,Ploy Kaewkla,ploy.kaewkla35@yahoo.com,Max Jacket 835,Sports,803.62,3,0.0,2410.86,2023-08-11,Sakon Nakhon,Nonthaburi,Bank Transfer,Completed,5.0,,Yes,13.0,1.38
103666,1022,Wichai Sinthop,wichai.sinthop189@yahoo.com,Smart Keyboard 283,Health,104.07,4,10.0,374.65,2025-03-24,Krabi,Rayong,Bank Transfer,Shipped,1.0,แพ็คเกจไม่แน่นหนา,Yes,,2.26
101512,1947,Nittaya Meesuk,nittaya.meesuk169@gmail.com,Mini Sneaker 576,Toys,616.83,3,0.0,1850.49,2025-12-26,Lampang,Udon Thani,TrueMoney Wallet,Completed,4.0,สีไม่ตรงตามรูป,Yes,13.0,
101188,1345,Yupin Boonmee,yupin.boonmee272@hotmail.com,Lite Headphone 839,Toys,659.71,7,25.0,3463.48,2023-06-06,Sakon Nakhon,Bangkok,Bank Transfer,Completed,4.0,ของมาช้ากว่ากำหนด,No,2.0,0.69
104376,2599,Yupin Meesuk,yupin.meesuk608@gmail.com,Ultra Keyboard 884,Sports,720.1,3,0.0,2160.3,2025-09-30,Nakhon Si Thammarat,Udon Thani,Installment,Returned,,,No,,1.09
103552,1945,Yupin Sinthop,yupin.sinthop716@yahoo.com,Pro Backpack 380,Automotive,,9,5.0,1206.23,2023-08-07,Ubon Ratchathani,Rayong,COD,Shipped,5.0,ส่งไวมาก ประทับใจ,No,13.0,0.2
103928,1195,Sombat Intharak,sombat.intharak71@hotmail.com,Ultra Keyboard 900,Electronics,640.86,7,30.0,3140.21,2025-02-13,Udon Thani,Nakhon Ratchasima,PromptPay,Returned,,ใช้งานได้ตามที่คาดหวัง,Yes,,1.78
103483,2978,Pichit Meesuk,pichit.meesuk255@yahoo.com,Lite Blender 583,Toys,600.76,7,15.0,3574.52,2023-06-17,Pattaya,Rayong,Bank Transfer,Processing,5.0,,Yes,,2.74
100108,1815,Ratana Wongsawat,ratana.wongsawat449@hotmail.com,Eco Charger 733,Electronics,175.31,2,0.0,350.62,2023-06-16,Nakhon Si Thammarat,Udon Thani,Installment,Returned,3.0,จะกลับมาซื้อซ้ำแน่นอน,No,10.0,0.36
103802,1182,Yupin Kaewkla,yupin.kaewkla679@hotmail.com,Max Speaker 604,Health,1594.88,9,10.0,12918.53,2024-03-21,Hat Yai,Nonthaburi,Credit Card,Cancelled,,,Yes,10.0,
102339,1762,Wilai Wattana,wilai.wattana151@gmail.com,Lite Keyboard 315,Books,533.55,5,0.0,2667.75,2024-09-27,Trang,Udon Thani,Installment,Completed,4.0,,Yes,11.0,1.21
101902,1068,Somsri Rattanakul,somsri.rattanakul799@outlook.com,Smart Charger 314,Fashion,913.25,2,25.0,1369.88,2023-03-22,Pattaya,Bangkok,Installment,Returned,4.0,,Yes,1.0,1.51
100058,2508,Wichai Prasertsak,wichai.prasertsak120@gmail.com,Plus Desk 621,Books,659.62,8,0.0,5276.96,2025-01-02,Khon Kaen,Nakhon Ratchasima,TrueMoney Wallet,Cancelled,,สินค้าดีมาก คุ้มราคา,No,11.0,0.59
100076,2390,Chomphunut Rattanakul,,Pro Speaker 465,Home & Living,596.56,3,0.0,1789.68,2024-10-15,Buriram,Chiang Mai,Installment,Completed,,สินค้าดีมาก คุ้มราคา,No,1.0,4.26
100796,2256,Anucha Kaewkla,anucha.kaewkla623@outlook.com,Lite Charger 144,Home & Living,337.63,8,0.0,2701.04,2025-11-13,Ubon Ratchathani,Rayong,Installment,Completed,5.0,,Yes,12.0,1.06
100368,1880,Boonmee Naruemon,boonmee.naruemon350@hotmail.com,Max Sneaker 717,Health,711.86,9,30.0,4484.72,2024-10-01,Buriram,Nonthaburi,TrueMoney Wallet,Completed,4.0,ส่งไวมาก ประทับใจ,No,5.0,0.86
104930,1056,Nittaya Panyawong,nittaya.panyawong346@gmail.com,Ultra Jacket 168,Toys,227.57,3,25.0,512.03,2023-07-15,Sakon Nakhon,Udon Thani,COD,Processing,,คุณภาพต่ำกว่าที่คิด,,,3.5
100785,1595,Somsri Phetcharat,somsri.phetcharat757@yahoo.com,Plus Backpack 546,Books,809.31,4,0.0,3237.24,2023-10-22,Bangkok,Songkhla,PromptPay,Completed,,,,,1.83
104354,1067,Chomphunut Intharak,chomphunut.intharak328@yahoo.com,Pro Mouse 325,Electronics,313.95,1,0.0,313.95,2024-09-21,Phuket,Songkhla,TrueMoney Wallet,Completed,4.0,,No,10.0,0.66
103848,2653,Wilai Intharak,wilai.intharak987@outlook.com,Mini Sneaker 443,Toys,542.86,9,0.0,4885.74,2025-12-09,Trang,Khon Kaen,Bank Transfer,Shipped,4.0,บริการลูกค้าดีเยี่ยม,Yes,10.0,1.16
102344,2030,Somsri Phetcharat,somsri.phetcharat43@hotmail.com,Max Sneaker 955,Fashion,100.47,5,0.0,502.35,2023-07-24,Udon Thani,Songkhla,Installment,Shipped,,ใช้งานได้ตามที่คาดหวัง,Yes,8.0,4.43
102052,1545,Suree Wattana,suree.wattana559@hotmail.com,Plus Mouse 940,automotive,323.67,5,30.0,1132.84,2025-11-01,Khon Kaen,Songkhla,COD,Completed,,คุณภาพต่ำกว่าที่คิด,Yes,13.0,3.75
104211,1942,Suchart Sukjai,suchart.sukjai457@outlook.com,Plus Backpack 717,Fashion,272.96,1,10.0,245.66,2024-05-31,Nong Khai,Chiang Mai,COD,Processing,5.0,สินค้าดีมาก คุ้มราคา,No,12.0,
104866,1714,Chomphunut Chotirat,chomphunut.chotirat647@yahoo.com,Plus Wallet 247,Electronics,1130.27,8,0.0,9042.16,2023-09-22,Chiang Mai,Rayong,COD,Completed,,,No,14.0,1.38
102609,1034,Yupin Phetcharat,yupin.phetcharat592@gmail.com,Smart Camera 310,Electronics,533.6,6,20.0,2561.28,2025-06-21,Trang,Udon Thani,Installment,Returned,4.0,แพ็คเกจไม่แน่นหนา,No,4.0,5.55
101744,2143,Chatchai Panyawong,chatchai.panyawong950@gmail.com,Plus Keyboard 368,Toys,738.13,8,5.0,5609.79,2025-09-21,Lampang,Udon Thani,TrueMoney Wallet,Completed,5.0,,Yes,4.0,0.31
100121,1878,Pichit Chaiyaporn,pichit.chaiyaporn133@hotmail.com,Plus Mouse 535,Beauty,134.57,8,0.0,1076.56,2023-09-23,Bangkok,Songkhla,Credit Card,Completed,3.0,,Yes,,3.97
103544,2246,Rungnapa Wattana,rungnapa.wattana822@gmail.com,Smart Headphone 755,Fashion,353.89,9,0.0,3185.01,2025-05-05,Udon Thani,Phuket,Bank Transfer,Shipped,5.0,,No,12.0,2.65
104133,2810,Pranee Chotirat,pranee.chotirat458@outlook.com,Mini Keyboard 127,Home & Living,441.39,1,10.0,397.25,2024-05-09,Chiang Mai,Chiang Mai,COD,Processing,4.0,แพ็คเกจไม่แน่นหนา,Yes,4.0,1.57
103692,2889,Pranee Sukjai,pranee.sukjai834@outlook.com,Lite Blender 941,Electronics,1469.29,8,0.0,11754.32,2025-01-20,Sakon Nakhon,Nakhon Ratchasima,Installment,Completed,5.0,,Yes,9.0,5.18
100910,2214,Suchart Chantra,suchart.chantra100@hotmail.com,Plus Speaker 968,Books,215.33,4,0.0,861.32,2025-12-26,Ubon Ratchathani,Nonthaburi,Credit Card,Cancelled,,,Yes,11.0,0.41
100124,2945,Yupin Panyawong,yupin.panyawong104@outlook.com,Plus Blender 300,Automotive,499.51,3,0.0,1498.53,2025-12-30,Hat Yai,Nonthaburi,,Completed,3.0,สินค้าดีมาก คุ้มราคา,No,1.0,3.0
104313,2736,Somchai Naruemon,somchai.naruemon902@gmail.com,Smart Chair 435,Home & Living,158.23,5,0.0,791.15,2024-04-03,Trang,Khon Kaen,TrueMoney Wallet,Shipped,4.0,จะกลับมาซื้อซ้ำแน่นอน,No,12.0,0.63
101586,2636,Wilai Wattana,,Plus Bottle 396,toys,226.16,5,0.0,1130.8,2024-10-27,Ubon Ratchathani,Chiang Mai,Credit Card,Completed,2.0,,Yes,4.0,0.51
101257,2254,Suchart Chantra,suchart.chantra136@outlook.com,Mini Mouse 291,Beauty,606.46,6,,3638.76,2024-10-19,Hat Yai,Chiang Mai,Bank Transfer,Completed,,,No,14.0,2.27
103702,2089,Sombat Boonmee,sombat.boonmee618@hotmail.com,Mini Watch 545,Fashion,765.57,4,0.0,3062.28,2023-04-13,Hat Yai,Phuket,TrueMoney Wallet,Completed,4.0,แพ็คเกจไม่แน่นหนา,Yes,13.0,1.89
103528,1562,Pichit Rattanakul,pichit.rattanakul605@gmail.com,Pro Wallet 717,Fashion,456.46,1,0.0,456.46,2023-03-28,Chiang Mai,Khon Kaen,,Shipped,4.0,โอเคสำหรับราคานี้,Yes,9.0,0.13
103429,1464,Ploy Panyawong,ploy.panyawong465@yahoo.com,Max Watch 967,Groceries,403.04,5,20.0,1612.16,2023-03-10,Sakon Nakhon,Chonburi,COD,Completed,,,No,9.0,0.87
101178,1603,Malee Sukjai,malee.sukjai376@hotmail.com,Max Speaker 682,Beauty,672.86,3,10.0,1816.72,2024-08-10,Trang,Khon Kaen,PromptPay,Shipped,5.0,,Yes,5.0,2.18
102758,1510,Chaiyot Boonmee,,Ultra Backpack 331,Automotive,685.59,7,,4799.13,2023-10-05,Khon Kaen,Phuket,PromptPay,Processing,,ของมาช้ากว่ากำหนด,Yes,14.0,0.57
104490,2968,Nittaya Boonmee,nittaya.boonmee197@yahoo.com,Max Keyboard 464,Groceries,598.95,9,25.0,4042.91,2023-10-26,Nakhon Ratchasima,Chonburi,TrueMoney Wallet,Processing,,สีไม่ตรงตามรูป,No,14.0,
102366,1886,Pichit Saelim,pichit.saelim953@hotmail.com,Plus Bottle 289,Groceries,1566.86,8,0.0,12534.88,2024-05-20,Trang,Khon Kaen,Bank Transfer,Processing,5.0,จะกลับมาซื้อซ้ำแน่นอน,No,7.0,4.0
102131,1884,Nittaya Srisuk,nittaya.srisuk358@outlook.com,Lite Desk 348,Toys,521.32,6,0.0,3127.92,2023-01-22,Rayong,Nonthaburi,Credit Card,Shipped,5.0,,Yes,14.0,0.14
100442,1229,Pichit Prasertsak,,Lite Speaker 628,Health,1589.27,2,0.0,3178.54,2024-02-18,Sakon Nakhon,Rayong,Installment,Processing,,บริการลูกค้าดีเยี่ยม,No,9.0,2.48
104530,2132,Rungnapa Intharak,rungnapa.intharak285@gmail.com,Pro Wallet 762,Electronics,85.27,9,0.0,767.43,2025-01-08,Phuket,Nonthaburi,Credit Card,Completed,,,No,11.0,1.3
104173,2499,Pichit Sukjai,,Lite Wallet 205,Health,244.7,1,15.0,207.99,2025-10-17,Surat Thani,Chiang Mai,PromptPay,Processing,,,No,8.0,3.44
100925,1814,Sombat Kaewkla,sombat.kaewkla4@outlook.com,Eco Chair 624,Fashion,799.6,2,15.0,1359.32,2024-11-19,Chiang Mai,Chonburi,Bank Transfer,Shipped,5.0,,No,9.0,
104984,2596,Sombat Prasertsak,sombat.prasertsak77@yahoo.com,Eco Chair 607,Electronics,425.0,2,30.0,,2025-06-14,Ubon Ratchathani,Rayong,Bank Transfer,Completed,,บริการลูกค้าดีเยี่ยม,No,1.0,
102173,1328,Orawan Chotirat,orawan.chotirat645@gmail.com,Smart Camera 660,Sports,505.43,3,20.0,1213.03,2023-09-01,Ubon Ratchathani,Udon Thani,Bank Transfer,Completed,,,No,11.0,1.4
104794,1865,Prasert Phetcharat,prasert.phetcharat683@gmail.com,Pro Desk 824,Sports,564.84,1,10.0,508.36,2023-06-01,Nakhon Ratchasima,Chonburi,Installment,Completed,4.0,,No,2.0,2.38
101411,1587,Pichit Rattanakul,,Ultra Chair 647,Books,354.84,6,0.0,2129.04,2024-06-06,Nonthaburi,Bangkok,Installment,Completed,,,No,12.0,1.34
104299,1423,Anucha Sinthop,anucha.sinthop369@outlook.com,Pro Sneaker 966,Sports,1057.09,6,0.0,6342.54,2025-02-21,Lampang,Bangkok,COD,Completed,5.0,สีไม่ตรงตามรูป,No,7.0,1.55
104214,2098,Ratana Meesuk,ratana.meesuk397@gmail.com,Ultra Backpack 766,Beauty,753.16,2,5.0,1431.0,2025-06-08,Krabi,Chonburi,Installment,Completed,,ใช้งานได้ตามที่คาดหวัง,No,12.0,0.82
101509,1227,Ratana Sukjai,ratana.sukjai489@yahoo.com,Mini Camera 871,Home & Living,184.08,3,0.0,552.24,2025-03-25,Bangkok,Nonthaburi,COD,Completed,4.0,ใช้งานได้ตามที่คาดหวัง,No,9.0,3.22
101227,2239,Sombat Meesuk,sombat.meesuk983@yahoo.com,Eco Blender 613,Sports,856.48,2,0.0,1712.96,2025-09-22,Chiang Rai,Nakhon Ratchasima,PromptPay,Returned,,สินค้าดีมาก คุ้มราคา,No,13.0,1.59
103650,2630,Ploy Sinthop,ploy.sinthop751@hotmail.com,Mini Speaker 453,Automotive,736.93,2,25.0,1105.4,2023-04-12,Nonthaburi,Khon Kaen,,Cancelled,,,No,11.0,0.53
104522,1000,Somchai Sukjai,somchai.sukjai644@outlook.com,Mini Bottle 136,Home & Living,743.61,1,0.0,743.61,2023-01-05,Nonthaburi,Nonthaburi,Installment,Cancelled,,คุณภาพต่ำกว่าที่คิด,No,2.0,0.42
103560,1168,Ploy Srisuk,ploy.srisuk342@yahoo.com,Smart Blender 266,Books,420.37,8,10.0,3026.66,2024-05-21,Pattaya,Nonthaburi,TrueMoney Wallet,Returned,,,Yes,14.0,0.23
102177,2633,Suchart Phetcharat,suchart.phetcharat369@outlook.com,Ultra Headphone 465,Toys,499.38,2,0.0,998.76,2025-09-25,Bangkok,Bangkok,Credit Card,Processing,,จะกลับมาซื้อซ้ำแน่นอน,No,6.0,0.71
104432,1075,Somsri Wattana,,Smart Wallet 417,Beauty,908.81,5,0.0,4544.05,2023-01-21,Sakon Nakhon,Chonburi,Credit Card,Shipped,5.0,แพ็คเกจไม่แน่นหนา,Yes,7.0,0.31
100324,1608,Sombat Sukjai,sombat.sukjai54@hotmail.com,Plus Blender 675,Health,672.42,8,30.0,3765.55,2024-08-18,Chiang Mai,Songkhla,PromptPay,Cancelled,,,No,12.0,0.63
104015,2109,Rungnapa Wattana,rungnapa.wattana224@outlook.com,Lite Wallet 551,Fashion,784.94,8,0.0,6279.52,2024-06-11,Nong Khai,Bangkok,TrueMoney Wallet,Processing,5.0,,No,6.0,0.56
104347,2762,Anucha Yodying,anucha.yodying352@outlook.com,Mini Bottle 743,Automotive,573.94,1,,573.94,2025-12-16,Ubon Ratchathani,Songkhla,TrueMoney Wallet,Processing,,คุณภาพต่ำกว่าที่คิด,Yes,14.0,1.2
103910,2423,Boonmee Phetcharat,boonmee.phetcharat163@outlook.com,Max Lamp 848,Home & Living,403.92,9,0.0,3635.28,2024-03-31,Rayong,Bangkok,Installment,Completed,3.0,,No,12.0,0.12
104654,2098,Suchart Kaewkla,suchart.kaewkla986@yahoo.com,Pro Lamp 226,Fashion,684.43,9,0.0,6159.87,2024-10-13,Ubon Ratchathani,Nakhon Ratchasima,Credit Card,Returned,3.0,บริการลูกค้าดีเยี่ยม,Yes,13.0,3.19
103077,1418,Thawatchai Srisuk,thawatchai.srisuk734@outlook.com,Eco Mouse 582,Fashion,133.87,1,0.0,133.87,2023-07-24,Pattaya,Phuket,,Completed,5.0,,No,13.0,1.04
101498,2857,Chomphunut Saelim,chomphunut.saelim942@yahoo.com,Smart Headphone 786,Sports,395.26,7,20.0,2213.46,2023-04-07,Lampang,Bangkok,Credit Card,Completed,5.0,,No,3.0,0.69
101502,2865,Thawatchai Thongdee,,Mini Wallet 312,Sports,1318.85,9,0.0,11869.65,2025-01-26,Khon Kaen,Nakhon Ratchasima,Credit Card,Cancelled,4.0,,Yes,14.0,1.28
101006,2274,Ratana Thongdee,ratana.thongdee157@hotmail.com,Lite Keyboard 442,Fashion,432.34,6,25.0,1945.53,2023-07-11,Buriram,Nakhon Ratchasima,Bank Transfer,Cancelled,4.0,,Yes,12.0,0.33
102222,1317,Niran Thongdee,niran.thongdee107@gmail.com,Lite Desk 641,Home & Living,248.52,6,30.0,1043.78,2023-11-15,Rayong,Chonburi,TrueMoney Wallet,Completed,4.0,คุณภาพต่ำกว่าที่คิด,No,13.0,1.48
102755,1333,Anan Saelim,anan.saelim341@yahoo.com,Pro Backpack 608,Electronics,977.96,3,0.0,2933.88,2025-06-28,Ubon Ratchathani,Nakhon Ratchasima,PromptPay,Completed,5.0,,No,7.0,0.58
103634,1597,Yupin Naruemon,yupin.naruemon731@outlook.com,Lite Charger 819,Automotive,319.63,7,30.0,1566.19,2025-06-17,Chiang Rai,Songkhla,Installment,Completed,4.0,แพ็คเกจไม่แน่นหนา,No,8.0,0.35
101467,2062,Ploy Sinthop,ploy.sinthop148@outlook.com,Eco Bottle 689,Automotive,478.03,9,10.0,3872.04,2023-07-30,Udon Thani,Chonburi,PromptPay,Completed,4.0,สีไม่ตรงตามรูป,No,10.0,1.05
101225,1027,Kanya Naruemon,kanya.naruemon165@hotmail.com,Lite Sneaker 920,Fashion,301.63,1,0.0,301.63,2024-08-10,Nonthaburi,Nakhon Ratchasima,Bank Transfer,Returned,3.0,,Yes,5.0,2.11
102025,1804,Chomphunut Rattanakul,chomphunut.rattanakul677@gmail.com,Lite Sneaker 763,Books,232.74,7,15.0,1384.8,2023-08-07,Ubon Ratchathani,Khon Kaen,,Processing,,ใช้งานได้ตามที่คาดหวัง,No,10.0,1.81
103624,2927,Somsri Yodying,somsri.yodying510@outlook.com,Eco Lamp 652,Beauty,482.31,3,0.0,1446.93,2024-10-07,Hat Yai,Udon Thani,Credit Card,Completed,,,Yes,7.0,2.54
104252,1441,Kanya Rattanakul,kanya.rattanakul310@hotmail.com,Max Sneaker 127,Books,380.89,4,5.0,1447.38,2023-12-18,Pattaya,Songkhla,Bank Transfer,Completed,3.0,สินค้าดีมาก คุ้มราคา,No,14.0,1.48
101216,2276,Sombat Wongsawat,sombat.wongsawat166@hotmail.com,Pro Headphone 712,Health,766.31,5,0.0,3831.55,2025-07-25,,Khon Kaen,Installment,Completed,4.0,บริการลูกค้าดีเยี่ยม,No,1.0,5.07
104884,1162,Wichai Boonmee,wichai.boonmee937@hotmail.com,Ultra Notebook 295,Electronics,681.27,2,25.0,1021.9,2025-03-21,Chiang Rai,Chonburi,PromptPay,Completed,5.0,แพ็คเกจไม่แน่นหนา,No,7.0,2.42
104616,1985,Chomphunut Rattanakul,chomphunut.rattanakul636@gmail.com,Lite Chair 473,Fashion,147.54,6,20.0,708.19,2023-11-11,Chiang Mai,Phuket,Credit Card,Shipped,3.0,,No,6.0,0.38
100420,1397,Pichit Sukjai,pichit.sukjai530@gmail.com,Mini Charger 540,Groceries,671.07,1,0.0,671.07,2024-03-09,Bangkok,Bangkok,Credit Card,Completed,,,Yes,5.0,4.1
103721,2400,Wilai Wattana,wilai.wattana139@outlook.com,Max Jacket 627,Sports,240.02,7,20.0,1344.11,2025-05-24,Ubon Ratchathani,Udon Thani,Installment,Completed,5.0,โอเคสำหรับราคานี้,No,,1.16
100006,2724,Ratana Chaiyaporn,ratana.chaiyaporn503@outlook.com,Ultra Jacket 858,Groceries,581.7,8,0.0,4653.6,2023-01-29,Nakhon Si Thammarat,Chiang Mai,Installment,Completed,,จะกลับมาซื้อซ้ำแน่นอน,No,11.0,
100932,2252,Siriporn Kaewkla,siriporn.kaewkla634@outlook.com,Lite Jacket 485,Home & Living,241.08,6,15.0,1229.51,2025-08-14,Krabi,Songkhla,Bank Transfer,Completed,5.0,,Yes,10.0,0.21
101691,1193,Duangjai Phetcharat,duangjai.phetcharat118@hotmail.com,Pro Camera 593,Fashion,676.81,2,5.0,1285.94,2024-01-26,Surat Thani,Songkhla,COD,Completed,,สินค้าดีมาก คุ้มราคา,Yes,11.0,0.94
100439,1749,Rungnapa Prasertsak,rungnapa.prasertsak861@yahoo.com,Eco Camera 654,Books,73.1,4,0.0,292.4,2023-09-10,,Udon Thani,COD,Returned,5.0,,,11.0,0.82
101313,2630,Anucha Wongsawat,anucha.wongsawat297@gmail.com,Plus Mouse 103,Beauty,712.37,3,30.0,1495.98,2024-11-25,Nakhon Ratchasima,Udon Thani,Bank Transfer,Shipped,4.0,,No,9.0,0.83
100678,1801,Duangjai Kaewkla,duangjai.kaewkla426@hotmail.com,Ultra Mouse 209,Electronics,473.85,8,0.0,3790.8,2024-05-04,Khon Kaen,Khon Kaen,Credit Card,Processing,5.0,โอเคสำหรับราคานี้,No,14.0,3.88
104273,1209,Yupin Naruemon,yupin.naruemon983@yahoo.com,Max Chair 490,Groceries,268.08,5,0.0,1340.4,2023-05-24,Ubon Ratchathani,Songkhla,PromptPay,Completed,2.0,ใช้งานได้ตามที่คาดหวัง,No,9.0,1.9
104634,1610,Chomphunut Wattana,chomphunut.wattana526@gmail.com,Mini Headphone 447,Home & Living,417.47,1,5.0,396.6,2025-10-08,Nonthaburi,Phuket,Bank Transfer,Completed,5.0,จะกลับมาซื้อซ้ำแน่นอน,No,7.0,0.8
101864,2708,Wilai Intharak,wilai.intharak114@gmail.com,Mini Jacket 436,Books,979.48,4,0.0,3917.92,2025-11-06,Rayong,Rayong,Installment,Completed,4.0,,Yes,3.0,0.34
102298,1466,Kittisak Chaiyaporn,kittisak.chaiyaporn932@yahoo.com,Eco Desk 756,Sports,148.14,9,20.0,1066.61,2023-08-30,Sakon Nakhon,Udon Thani,Installment,Completed,,,No,14.0,2.7
104657,2848,Prasert Intharak,prasert.intharak537@outlook.com,Mini Jacket 346,Sports,1020.15,6,25.0,4590.67,2025-08-27,Lampang,Khon Kaen,Credit Card,Shipped,,คุณภาพต่ำกว่าที่คิด,No,2.0,0.76
104392,2928,Duangjai Naruemon,duangjai.naruemon498@hotmail.com,Plus Watch 698,Fashion,546.48,7,20.0,3060.29,2023-09-19,Sakon Nakhon,Rayong,Credit Card,Shipped,1.0,,Yes,10.0,2.21
102552,1110,Anan Rattanakul,anan.rattanakul587@hotmail.com,Eco Headphone 302,Books,0.0,3,20.0,1305.19,2024-04-14,,Phuket,Installment,Returned,5.0,โอเคสำหรับราคานี้,Yes,,0.87
102471,1337,Yupin Thongdee,yupin.thongdee289@outlook.com,Pro Chair 441,Fashion,829.48,4,0.0,3317.92,2025-10-21,Sakon Nakhon,Bangkok,TrueMoney Wallet,Returned,,สินค้าดีมาก คุ้มราคา,No,2.0,
104806,2687,Prasert Chotirat,,Lite Sneaker 411,Health,328.48,5,20.0,1313.92,2025-05-04,Chiang Rai,Nakhon Ratchasima,Installment,Completed,,,Yes,,3.08
103346,1641,,kanya.panyawong17@gmail.com,Plus Desk 694,Fashion,336.33,9,25.0,2270.23,2023-11-19,Hat Yai,Nonthaburi,Credit Card,Completed,5.0,สินค้าดีมาก คุ้มราคา,Yes,5.0,0.41
104267,1550,Somkiat Chantra,somkiat.chantra510@outlook.com,Lite Chair 862,Groceries,261.0,8,0.0,2088.0,2023-08-20,Surat Thani,Rayong,Credit Card,Cancelled,,คุณภาพต่ำกว่าที่คิด,Yes,,0.86
104625,2431,Suchart Wattana,suchart.wattana276@hotmail.com,Ultra Camera 589,Automotive,93.72,1,0.0,93.72,2024-08-01,Surat Thani,Songkhla,PromptPay,Completed,4.0,,No,,4.23
102678,1292,Prasert Sinthop,prasert.sinthop599@yahoo.com,Max Notebook 328,Electronics,489.7,4,10.0,1762.92,2023-05-13,Nakhon Si Thammarat,Phuket,TrueMoney Wallet,Completed,4.0,ส่งไวมาก ประทับใจ,No,12.0,1.36
100194,2484,Anucha Prasertsak,anucha.prasertsak909@outlook.com,Mini Wallet 404,Electronics,352.48,2,0.0,704.96,2025-09-12,Pattaya,Chiang Mai,Credit Card,Cancelled,4.0,บริการลูกค้าดีเยี่ยม,No,4.0,2.79
101474,2991,Ratana Intharak,ratana.intharak381@gmail.com,Ultra Bottle 393,Toys,661.46,2,,1322.92,2025-12-20,Sakon Nakhon,Udon Thani,Credit Card,Completed,5.0,,No,11.0,3.76
102509,2768,Suchart Srisuk,,Eco Keyboard 774,Automotive,,5,0.0,1984.45,2025-09-02,Nakhon Si Thammarat,Chiang Mai,Bank Transfer,Shipped,,,Yes,7.0,1.71
101211,1803,Rungnapa Sinthop,rungnapa.sinthop307@yahoo.com,Pro Pillow 832,Toys,213.11,3,0.0,639.33,2023-04-04,Krabi,Khon Kaen,TrueMoney Wallet,Returned,5.0,,Yes,10.0,2.81
104246,2782,Pranee Boonmee,pranee.boonmee995@outlook.com,Max Bottle 578,Home & Living,1040.89,2,20.0,1665.42,2023-07-18,Nong Khai,Nakhon Ratchasima,PromptPay,Completed,5.0,,Yes,,0.91
101657,2653,Pichit Boonmee,pichit.boonmee222@yahoo.com,Plus Lamp 853,Books,101.26,3,0.0,303.78,2024-12-08,Nakhon Si Thammarat,Udon Thani,Bank Transfer,Completed,5.0,,No,,2.79
104321,1762,Anucha Chaiyaporn,anucha.chaiyaporn334@yahoo.com,Lite Speaker 920,Home & Living,726.57,5,0.0,3632.85,2025-07-24,,Bangkok,COD,Completed,4.0,สีไม่ตรงตามรูป,No,,2.23
103248,1341,Kanya Boonmee,kanya.boonmee333@outlook.com,Mini Sneaker 405,Books,530.16,6,15.0,2703.82,2023-12-29,Sakon Nakhon,Bangkok,Credit Card,Completed,4.0,,No,2.0,3.02
102743,2655,Somchai Panyawong,somchai.panyawong40@yahoo.com,Lite Blender 187,Toys,211.9,3,5.0,603.92,2024-06-15,Chiang Rai,Nonthaburi,TrueMoney Wallet,Cancelled,3.0,,Yes,10.0,2.65
103091,2343,Chomphunut Naruemon,chomphunut.naruemon771@hotmail.com,Eco Wallet 958,Books,947.65,8,5.0,7202.14,2023-09-19,Nakhon Si Thammarat,Bangkok,PromptPay,Shipped,2.0,บริการลูกค้าดีเยี่ยม,No,4.0,0.61
101891,1186,Yupin Boonmee,yupin.boonmee193@outlook.com,Pro Chair 435,Fashion,369.4,4,30.0,1034.32,2023-07-01,Surat Thani,Bangkok,Installment,Returned,,,No,4.0,0.21
102559,1899,Yupin Chaiyaporn,yupin.chaiyaporn93@yahoo.com,Ultra Blender 955,Toys,300.96,1,0.0,300.96,2024-07-26,Surat Thani,Udon Thani,PromptPay,Completed,5.0,,Yes,1.0,4.75
101130,1183,Sombat Boonmee,sombat.boonmee718@yahoo.com,Plus Bottle 683,Electronics,199.2,5,15.0,846.6,2023-03-07,Phuket,Songkhla,Bank Transfer,Processing,,,No,2.0,0.19
101461,2985,Siriporn Sinthop,siriporn.sinthop372@outlook.com,Eco Watch 331,Groceries,954.08,9,30.0,6010.7,2025-01-31,Khon Kaen,Songkhla,Bank Transfer,Shipped,4.0,ส่งไวมาก ประทับใจ,No,1.0,3.35
100276,2291,Siriporn Yodying,siriporn.yodying517@outlook.com,Lite Bottle 637,Books,832.08,1,0.0,832.08,2024-01-04,Khon Kaen,Songkhla,Credit Card,Completed,2.0,โอเคสำหรับราคานี้,No,14.0,1.17
104552,2875,Pichit Rattanakul,pichit.rattanakul253@outlook.com,Smart Speaker 489,Books,546.47,1,10.0,491.82,2025-01-06,Hat Yai,Udon Thani,COD,Completed,3.0,,Yes,14.0,4.64
102252,1355,Ratana Thongdee,ratana.thongdee45@yahoo.com,Max Wallet 405,Automotive,1164.19,8,0.0,9313.52,2023-12-16,Nakhon Si Thammarat,Udon Thani,COD,Shipped,,ใช้งานได้ตามที่คาดหวัง,Yes,13.0,3.28
104960,2699,Yupin Sukjai,yupin.sukjai585@yahoo.com,Plus Notebook 678,Sports,242.46,3,0.0,727.38,2025-12-13,Lampang,Chiang Mai,Installment,Completed,4.0,,No,10.0,1.04
104742,1200,Anucha Naruemon,anucha.naruemon684@yahoo.com,Smart Mouse 292,Home & Living,470.7,4,5.0,1788.66,2025-08-02,Chiang Rai,Chiang Mai,Installment,Shipped,5.0,,No,1.0,0.53
101302,1276,Somsri Chotirat,somsri.chotirat45@hotmail.com,Plus Pillow 935,Home & Living,325.13,9,10.0,2633.55,2025-01-28,Khon Kaen,Nonthaburi,Bank Transfer,Completed,5.0,,Yes,5.0,1.85
104500,2572,Malee Chotirat,malee.chotirat596@hotmail.com,Plus Headphone 249,Automotive,308.63,2,10.0,555.53,2024-02-16,Nong Khai,Chonburi,Bank Transfer,Processing,4.0,,Yes,7.0,0.38
100222,1556,Ploy Srisuk,ploy.srisuk292@hotmail.com,Eco Chair 577,Health,230.04,3,0.0,690.12,2025-07-31,Phuket,Rayong,Installment,Cancelled,5.0,ของมาช้ากว่ากำหนด,No,4.0,1.43
104664,2313,Sombat Naruemon,sombat.naruemon392@outlook.com,Max Camera 646,Beauty,869.19,6,30.0,3650.6,2025-01-17,Nakhon Ratchasima,Rayong,Credit Card,Completed,5.0,,No,,0.39
104192,2249,Thawatchai Thongdee,thawatchai.thongdee604@gmail.com,Ultra Chair 330,Toys,390.48,9,0.0,3514.32,2025-04-23,Nakhon Ratchasima,Nonthaburi,Credit Card,Shipped,5.0,,No,14.0,2.42
100573,1443,Wilai Phetcharat,wilai.phetcharat911@outlook.com,Eco Charger 265,Fashion,452.58,6,,2715.48,2023-07-25,Sakon Nakhon,Bangkok,Bank Transfer,Completed,3.0,ส่งไวมาก ประทับใจ,Yes,6.0,0.72
101236,2026,Suchart Thongdee,suchart.thongdee130@hotmail.com,Pro Mouse 541,Toys,690.51,2,25.0,1035.76,2025-11-23,Chiang Mai,Phuket,TrueMoney Wallet,Completed,3.0,,Yes,2.0,0.48
103592,2688,Orawan Sukjai,orawan.sukjai252@hotmail.com,Ultra Wallet 201,Electronics,477.48,9,5.0,4082.45,2023-08-04,Chiang Rai,Udon Thani,Bank Transfer,Completed,3.0,,Yes,5.0,0.38
104502,1552,Niran Naruemon,niran.naruemon654@hotmail.com,Eco Jacket 672,Home & Living,614.47,5,0.0,3072.35,2025-08-26,Nong Khai,Bangkok,PromptPay,Returned,,ของมาช้ากว่ากำหนด,No,8.0,0.92
104883,1364,Wilai Prasertsak,,Plus Blender 508,Electronics,165.65,7,0.0,1159.55,2023-04-28,Rayong,Rayong,TrueMoney Wallet,Completed,,สีไม่ตรงตามรูป,Yes,11.0,0.22
101334,1117,Boonmee Chantra,boonmee.chantra655@hotmail.com,Pro Headphone 689,Sports,321.54,5,,1527.32,2024-03-29,Hat Yai,Udon Thani,TrueMoney Wallet,Shipped,4.0,,No,10.0,0.7
104684,2502,Chatchai Kaewkla,chatchai.kaewkla919@gmail.com,Plus Keyboard 390,Home & Living,259.49,7,0.0,1816.43,2023-02-15,Hat Yai,Chonburi,COD,Completed,,จะกลับมาซื้อซ้ำแน่นอน,Yes,5.0,0.42
100418,2603,Pranee Yodying,pranee.yodying697@outlook.com,Smart Mouse 873,Beauty,628.9,1,5.0,597.45,2025-10-09,Sakon Nakhon,Nakhon Ratchasima,COD,Completed,4.0,,No,3.0,4.03
100267,2631,Suree Panyawong,suree.panyawong561@yahoo.com,Max Blender 495,Health,1546.72,3,0.0,4640.16,2023-07-30,Buriram,Nakhon Ratchasima,Bank Transfer,Returned,,,No,5.0,2.73
101104,1737,Wilai Thongdee,wilai.thongdee963@hotmail.com,Eco Bottle 964,Books,405.13,8,15.0,2754.88,2025-12-26,Lampang,Nakhon Ratchasima,COD,Completed,3.0,,Yes,11.0,1.36
100257,2700,Prasert Boonmee,prasert.boonmee313@yahoo.com,Smart Backpack 949,Sports,559.32,2,0.0,1118.64,2024-09-01,Bangkok,Khon Kaen,Credit Card,Shipped,4.0,,No,,
100295,1384,Wilai Panyawong,wilai.panyawong515@gmail.com,Mini Notebook 648,Books,794.17,9,0.0,7147.53,2024-11-24,Pattaya,Songkhla,Bank Transfer,Cancelled,,,No,8.0,0.23
102692,1129,Anucha Intharak,anucha.intharak952@hotmail.com,Smart Jacket 960,Fashion,245.26,9,10.0,1986.61,2025-01-11,Lampang,Nonthaburi,Installment,Completed,5.0,,No,14.0,2.85
100386,1151,Kanya Boonmee,kanya.boonmee128@outlook.com,Lite Mouse 858,Home & Living,371.72,3,25.0,836.37,2024-10-16,Sakon Nakhon,Khon Kaen,COD,Completed,2.0,,Yes,3.0,1.68
103353,2486,Nittaya Naruemon,nittaya.naruemon235@gmail.com,Lite Mouse 984,Health,586.12,8,30.0,3282.27,2024-10-07,Lampang,Nakhon Ratchasima,TrueMoney Wallet,Returned,5.0,,No,1.0,0.84
103133,1827,Wichai Chaiyaporn,wichai.chaiyaporn666@hotmail.com,Max Notebook 680,Automotive,1025.11,-1,0.0,4100.44,2025-03-31,Phuket,Chiang Mai,Bank Transfer,Completed,4.0,แพ็คเกจไม่แน่นหนา,No,3.0,0.52
104386,2986,Wichai Kaewkla,wichai.kaewkla41@yahoo.com,Plus Speaker 284,Groceries,825.91,1,0.0,825.91,2024-09-06,Pattaya,Chonburi,Credit Card,Shipped,5.0,,No,6.0,
102277,1588,Anan Intharak,anan.intharak37@hotmail.com,Smart Lamp 427,Health,313.99,2,0.0,627.98,2025-06-24,Nakhon Ratchasima,Chiang Mai,Installment,Completed,5.0,คุณภาพต่ำกว่าที่คิด,Yes,12.0,1.91
104358,2896,Suchart Naruemon,suchart.naruemon771@gmail.com,Smart Notebook 497,Health,,5,0.0,,2023-04-04,Lampang,Nakhon Ratchasima,COD,Completed,5.0,คุณภาพต่ำกว่าที่คิด,No,11.0,5.2
103563,1118,Duangjai Panyawong,duangjai.panyawong104@gmail.com,Plus Charger 772,Fashion,180.28,2,25.0,270.42,2025-08-25,Ubon Ratchathani,Udon Thani,Credit Card,Completed,1.0,,Yes,,2.01
102700,2186,Duangjai Yodying,duangjai.yodying513@gmail.com,Smart Watch 699,Toys,1203.62,2,5.0,2286.88,2024-01-31,Lampang,Udon Thani,Credit Card,Completed,,,No,11.0,
104407,2611,Siriporn Naruemon,siriporn.naruemon651@gmail.com,Lite Pillow 513,Health,440.96,9,0.0,3968.64,2023-04-18,Lampang,Chiang Mai,Installment,Completed,5.0,,No,6.0,0.42
101563,2347,Kanya Sinthop,kanya.sinthop147@yahoo.com,Max Headphone 202,Books,393.55,7,0.0,2754.85,2025-06-27,Buriram,Phuket,PromptPay,Completed,,,No,10.0,0.9
102807,1374,Ploy Srisuk,ploy.srisuk265@hotmail.com,Smart Notebook 304,Health,123.59,1,0.0,123.59,2023-11-14,Chiang Mai,Chonburi,Credit Card,Completed,,,No,10.0,1.23
101400,2604,Sombat Prasertsak,sombat.prasertsak557@yahoo.com,Eco Lamp 239,Home & Living,223.74,7,0.0,1566.18,2025-03-09,Chiang Rai,Nonthaburi,PromptPay,Completed,5.0,,No,11.0,0.15
100712,2858,Rungnapa Sinthop,rungnapa.sinthop175@gmail.com,Max Speaker 903,Beauty,399.32,1,0.0,399.32,2024-05-11,Rayong,Nonthaburi,COD,Completed,4.0,,No,12.0,4.01
102380,1848,Somkiat Rattanakul,,Max Headphone 686,Books,328.43,2,5.0,624.02,2023-11-08,Nakhon Si Thammarat,Nakhon Ratchasima,Installment,Completed,5.0,แพ็คเกจไม่แน่นหนา,No,4.0,1.0
102829,2168,Chaiyot Intharak,chaiyot.intharak259@yahoo.com,Mini Watch 591,Toys,331.9,7,0.0,2323.3,2025-10-08,Bangkok,Nonthaburi,Credit Card,Completed,4.0,,No,2.0,0.61
100209,2678,Wichai Prasertsak,wichai.prasertsak248@yahoo.com,Pro Charger 848,Automotive,299.61,5,15.0,1273.34,2024-11-08,Udon Thani,Chiang Mai,Bank Transfer,Shipped,4.0,สินค้าดีมาก คุ้มราคา,Yes,14.0,3.14
103995,1965,Nittaya Boonmee,nittaya.boonmee488@hotmail.com,Plus Mouse 815,Beauty,666.84,9,5.0,5701.48,2025-10-07,Ubon Ratchathani,Bangkok,COD,Completed,,,Yes,10.0,4.06
101289,2305,Siriporn Panyawong,siriporn.panyawong760@yahoo.com,Plus Charger 911,Home & Living,661.81,4,10.0,2382.52,2023-01-02,Hat Yai,Songkhla,Bank Transfer,Completed,4.0,ส่งไวมาก ประทับใจ,No,13.0,1.12
104266,2424,Suree Wongsawat,suree.wongsawat31@gmail.com,Pro Camera 534,Electronics,164.17,4,10.0,591.01,2025-08-16,Nakhon Ratchasima,Rayong,Installment,Cancelled,,,Yes,4.0,0.83
102029,1182,Kanya Chaiyaporn,kanya.chaiyaporn805@hotmail.com,Pro Jacket 412,Beauty,539.52,8,15.0,3668.74,2023-12-17,Sakon Nakhon,Songkhla,Credit Card,Cancelled,5.0,,No,14.0,0.44
100449,1225,Pichit Phetcharat,pichit.phetcharat641@outlook.com,Ultra Mouse 682,Home & Living,617.56,7,0.0,4322.92,2025-12-02,Krabi,Rayong,COD,Completed,,,Yes,2.0,1.33
104702,2411,Malee Srisuk,malee.srisuk818@outlook.com,Smart Backpack 600,Books,949.81,1,0.0,949.81,2025-02-09,Nakhon Ratchasima,Chonburi,Bank Transfer,Completed,4.0,บริการลูกค้าดีเยี่ยม,Yes,7.0,0.81
103527,1539,Somchai Panyawong,somchai.panyawong44@gmail.com,Mini Headphone 689,Books,689.26,2,10.0,1240.67,2024-06-25,Pattaya,Phuket,PromptPay,Shipped,4.0,สีไม่ตรงตามรูป,No,,1.24
101820,2781,Wichai Thongdee,,Smart Sneaker 994,Sports,327.16,6,0.0,1962.96,2023-04-13,Hat Yai,Rayong,Installment,Shipped,4.0,,No,11.0,1.54
100958,1967,Pranee Intharak,pranee.intharak733@gmail.com,Smart Desk 756,Electronics,307.75,6,0.0,1846.5,2025-01-19,Lampang,Nakhon Ratchasima,Bank Transfer,Processing,4.0,,Yes,,0.34
101793,1939,Niran Wongsawat,niran.wongsawat440@hotmail.com,Lite Mouse 606,Home & Living,232.83,1,0.0,232.83,2025-05-10,Udon Thani,Phuket,COD,Returned,4.0,ของมาช้ากว่ากำหนด,No,9.0,0.83
102077,1265,Anucha Sukjai,anucha.sukjai842@yahoo.com,Max Lamp 358,Beauty,977.77,9,15.0,7479.94,2023-12-10,Chiang Mai,Phuket,Bank Transfer,Completed,,,No,11.0,0.28
100654,2008,Thawatchai Thongdee,thawatchai.thongdee401@hotmail.com,Lite Notebook 980,Home & Living,608.0,2,15.0,1033.6,2024-04-17,Phuket,Phuket,Credit Card,Completed,3.0,,No,9.0,2.19
102438,1915,Chomphunut Intharak,chomphunut.intharak608@yahoo.com,Lite Chair 744,Automotive,639.94,4,0.0,2559.76,2023-10-03,Chiang Mai,Bangkok,Installment,Processing,,บริการลูกค้าดีเยี่ยม,Yes,3.0,1.23
103904,2974,Suchart Chotirat,suchart.chotirat721@hotmail.com,Lite Jacket 376,Home & Living,777.99,6,,4667.94,2024-12-17,Sakon Nakhon,Udon Thani,TrueMoney Wallet,Shipped,,,Yes,14.0,0.19
103927,2556,Chomphunut Sukjai,chomphunut.sukjai88@yahoo.com,Eco Watch 125,Health,619.3,7,10.0,3901.59,2024-03-27,Pattaya,Rayong,Credit Card,Completed,5.0,คุณภาพต่ำกว่าที่คิด,No,14.0,1.24
101760,2696,Pranee Sukjai,,Lite Wallet 999,Beauty,223.71,1,0.0,223.71,2025-11-10,,Udon Thani,TrueMoney Wallet,Processing,,,Yes,6.0,2.07
102633,1151,Somkiat Naruemon,somkiat.naruemon330@outlook.com,Mini Charger 674,Fashion,,8,0.0,2863.92,2025-02-04,Nong Khai,Nakhon Ratchasima,Installment,Shipped,3.0,,Yes,5.0,2.35
102780,2239,Somsri Kaewkla,somsri.kaewkla808@gmail.com,Mini Backpack 719,Groceries,625.59,1,15.0,531.75,2024-08-16,Trang,Bangkok,Installment,Processing,,บริการลูกค้าดีเยี่ยม,Yes,4.0,0.61
104640,2053,Nittaya Meesuk,nittaya.meesuk248@yahoo.com,Ultra Camera 898,BOOKS,402.27,9,0.0,3620.43,2025-12-04,Lampang,Rayong,COD,Shipped,,,No,10.0,2.36
100411,2729,Rungnapa Chaiyaporn,rungnapa.chaiyaporn994@yahoo.com,Lite Sneaker 502,Health,130.15,3,,390.45,2025-05-18,Phuket,Phuket,Installment,Completed,1.0,,No,5.0,1.49
101774,1708,Orawan Meesuk,orawan.meesuk86@hotmail.com,Lite Headphone 975,Beauty,1293.07,8,,8792.88,2023-07-06,Nakhon Si Thammarat,Chonburi,Bank Transfer,Completed,4.0,ส่งไวมาก ประทับใจ,No,9.0,0.83
103593,1487,Ratana Sukjai,ratana.sukjai684@yahoo.com,Smart Notebook 288,Toys,364.26,2,10.0,655.67,2025-06-15,Ubon Ratchathani,Chonburi,TrueMoney Wallet,Processing,4.0,แพ็คเกจไม่แน่นหนา,Yes,14.0,0.53
102215,2988,Wilai Panyawong,wilai.panyawong75@gmail.com,Mini Lamp 695,Home & Living,416.65,2,,833.3,2024-05-13,Sakon Nakhon,Bangkok,Credit Card,Cancelled,,,Yes,9.0,0.99
103509,1407,Anan Rattanakul,anan.rattanakul248@outlook.com,Mini Sneaker 727,Groceries,607.37,9,0.0,5466.33,2023-12-09,Buriram,Songkhla,PromptPay,Shipped,,,No,4.0,0.34
102664,2760,Nittaya Srisuk,nittaya.srisuk154@outlook.com,Lite Blender 670,Books,722.83,8,20.0,4626.11,2023-02-25,Sakon Nakhon,Chiang Mai,Installment,Completed,,,Yes,2.0,2.59
104334,1675,,wilai.chaiyaporn248@outlook.com,Plus Blender 837,Groceries,,3,0.0,,2024-10-26,Krabi,Chonburi,TrueMoney Wallet,Returned,5.0,คุณภาพต่ำกว่าที่คิด,No,12.0,7.65
104962,1193,Anan Wongsawat,anan.wongsawat665@yahoo.com,Mini Bottle 872,Sports,255.45,9,,1954.19,2023-12-28,Chiang Rai,Chiang Mai,Installment,Returned,,ของมาช้ากว่ากำหนด,Yes,4.0,1.2
103752,2795,Nittaya Thongdee,nittaya.thongdee508@hotmail.com,Eco Keyboard 443,Books,348.17,7,0.0,2437.19,2025-06-13,,Bangkok,COD,Shipped,5.0,,No,7.0,0.51
102053,1413,Kanya Naruemon,kanya.naruemon385@outlook.com,Max Lamp 685,Books,509.64,9,0.0,4586.76,2024-12-09,Buriram,Songkhla,Bank Transfer,Completed,,,No,3.0,0.96
102704,2447,Wichai Chaiyaporn,wichai.chaiyaporn364@yahoo.com,Pro Jacket 290,Fashion,399.83,5,25.0,1499.36,2025-02-22,Lampang,Phuket,COD,Completed,3.0,บริการลูกค้าดีเยี่ยม,No,1.0,6.47
103606,1112,Wichai Wongsawat,,Pro Lamp 729,Automotive,462.62,6,5.0,2636.93,2024-08-28,Nonthaburi,Bangkok,TrueMoney Wallet,Completed,3.0,,Yes,2.0,0.22
103400,1597,Sombat Chaiyaporn,sombat.chaiyaporn767@hotmail.com,Mini Bottle 587,Health,1284.51,1,5.0,1220.28,2025-10-06,Udon Thani,Bangkok,TrueMoney Wallet,Returned,4.0,,Yes,14.0,4.46
103413,2494,Suchart Wongsawat,suchart.wongsawat779@hotmail.com,Lite Chair 675,Health,374.07,4,30.0,1047.4,2024-07-04,Pattaya,Udon Thani,Bank Transfer,Cancelled,4.0,บริการลูกค้าดีเยี่ยม,No,10.0,0.29
102554,1382,Somkiat Meesuk,somkiat.meesuk799@gmail.com,Pro Blender 709,Toys,990.44,2,0.0,1980.88,2025-09-05,Lampang,Chiang Mai,COD,Returned,2.0,,No,3.0,0.96
103618,2553,Yupin Wattana,yupin.wattana108@hotmail.com,Lite Charger 170,Groceries,556.73,5,0.0,2783.65,2023-07-23,Rayong,Phuket,PromptPay,Completed,4.0,,No,9.0,1.72
100430,1639,Boonmee Boonmee,boonmee.boonmee707@outlook.com,Eco Backpack 811,Groceries,202.43,3,5.0,576.93,2025-09-20,Krabi,Nonthaburi,PromptPay,Returned,4.0,,No,9.0,0.5
102964,1323,Rungnapa Chotirat,rungnapa.chotirat282@hotmail.com,Ultra Headphone 738,Books,367.5,9,0.0,3307.5,2025-02-09,Nonthaburi,Bangkok,Bank Transfer,Processing,,,Yes,4.0,1.05
102067,1476,Anucha Meesuk,anucha.meesuk595@yahoo.com,Lite Bottle 861,Automotive,709.59,7,20.0,3973.7,2025-11-14,Nonthaburi,Phuket,Credit Card,Completed,,,No,8.0,2.84
101366,2828,Ratana Thongdee,ratana.thongdee186@outlook.com,Ultra Desk 786,Automotive,,6,0.0,3087.96,2023-09-10,Khon Kaen,Udon Thani,TrueMoney Wallet,Completed,,บริการลูกค้าดีเยี่ยม,No,12.0,1.7
103150,2282,Prasert Phetcharat,prasert.phetcharat624@yahoo.com,Eco Mouse 341,Fashion,279.98,1,0.0,279.98,2023-05-28,Trang,Bangkok,PromptPay,Completed,4.0,,Yes,,0.84
102892,2624,Anucha Saelim,anucha.saelim397@outlook.com,Ultra Bottle 797,Automotive,,6,0.0,880.92,2025-04-25,Hat Yai,Chiang Mai,TrueMoney Wallet,Completed,3.0,,Yes,7.0,1.13
101176,2028,Kittisak Intharak,,Smart Bottle 648,Groceries,219.96,4,0.0,879.84,2023-09-03,Hat Yai,Nonthaburi,COD,Completed,5.0,โอเคสำหรับราคานี้,No,,0.7
103378,1819,Chomphunut Phetcharat,chomphunut.phetcharat30@gmail.com,Eco Camera 288,Toys,964.37,9,0.0,8679.33,2024-09-10,,Chiang Mai,Installment,Completed,4.0,สินค้าดีมาก คุ้มราคา,Yes,,1.8
101476,2471,Kanya Naruemon,kanya.naruemon679@gmail.com,Eco Notebook 979,Toys,419.82,9,0.0,3778.38,2024-04-22,Nonthaburi,Bangkok,TrueMoney Wallet,Returned,3.0,,No,12.0,2.36
103196,2127,Duangjai Naruemon,duangjai.naruemon219@yahoo.com,Plus Watch 398,Health,1079.27,2,0.0,2158.54,2024-10-06,Pattaya,Phuket,PromptPay,Completed,4.0,,No,,3.02
103899,1413,Ratana Meesuk,ratana.meesuk981@hotmail.com,Max Desk 645,Home & Living,832.25,8,0.0,6658.0,2024-12-22,Nong Khai,Phuket,COD,Completed,1.0,,No,9.0,0.36
100102,1161,Chatchai Intharak,chatchai.intharak120@outlook.com,Max Blender 783,Sports,578.35,3,10.0,1561.55,2024-10-16,Ubon Ratchathani,Nonthaburi,PromptPay,Cancelled,,,No,11.0,0.96
101961,1338,Duangjai Chaiyaporn,duangjai.chaiyaporn998@yahoo.com,Pro Blender 737,Automotive,579.84,8,15.0,3942.91,2025-05-24,Lampang,Rayong,TrueMoney Wallet,Completed,5.0,,No,10.0,0.44
103023,1890,Siriporn Intharak,siriporn.intharak231@outlook.com,Smart Jacket 438,Health,367.69,9,0.0,3309.21,2024-12-10,Ubon Ratchathani,Bangkok,TrueMoney Wallet,Shipped,,ของมาช้ากว่ากำหนด,No,5.0,4.86
101263,1144,Chomphunut Wattana,,Eco Camera 128,Home & Living,293.87,6,5.0,1675.06,2025-09-10,Chiang Rai,Chiang Mai,Installment,Completed,5.0,บริการลูกค้าดีเยี่ยม,Yes,4.0,0.62
102922,2817,Somkiat Boonmee,somkiat.boonmee41@gmail.com,Pro Pillow 542,Toys,1230.96,4,,4923.84,2024-09-15,Nong Khai,Rayong,COD,Completed,5.0,,Yes,7.0,1.24
103181,1054,Sombat Panyawong,sombat.panyawong271@hotmail.com,Eco Chair 777,Toys,482.49,9,0.0,4342.41,2024-03-06,,Nakhon Ratchasima,Credit Card,Completed,5.0,สีไม่ตรงตามรูป,,11.0,0.83
102402,2550,Wilai Srisuk,wilai.srisuk815@yahoo.com,Pro Charger 277,Fashion,,2,10.0,407.36,2023-01-08,Ubon Ratchathani,Udon Thani,Bank Transfer,Cancelled,,,No,14.0,1.48
104761,1673,Somkiat Wongsawat,,Eco Wallet 211,Automotive,1061.34,7,0.0,7429.38,2023-04-14,Sakon Nakhon,Nonthaburi,Installment,Completed,2.0,แพ็คเกจไม่แน่นหนา,No,13.0,0.19
102778,1692,Anucha Saelim,anucha.saelim606@gmail.com,Ultra Sneaker 374,Sports,648.63,6,0.0,3891.78,2025-07-02,Hat Yai,Khon Kaen,TrueMoney Wallet,Completed,5.0,,Yes,14.0,0.12
103897,1875,Ploy Naruemon,ploy.naruemon321@yahoo.com,Lite Pillow 988,Groceries,546.88,3,0.0,1640.64,2024-07-04,Hat Yai,Chonburi,COD,Completed,,แพ็คเกจไม่แน่นหนา,Yes,13.0,1.05
104068,1773,Chatchai Wongsawat,chatchai.wongsawat623@yahoo.com,Eco Pillow 404,Automotive,371.14,1,20.0,296.91,2024-08-17,Lampang,Rayong,TrueMoney Wallet,Completed,,บริการลูกค้าดีเยี่ยม,Yes,3.0,0.94
103014,2909,Prasert Prasertsak,prasert.prasertsak183@hotmail.com,Smart Bottle 794,Toys,284.2,5,0.0,1421.0,2024-05-23,Nong Khai,Rayong,Installment,Returned,3.0,,No,5.0,0.47
101643,1062,Boonmee Boonmee,boonmee.boonmee332@yahoo.com,Lite Bottle 403,Books,137.0,1,0.0,137.0,2025-04-08,Sakon Nakhon,Chonburi,Installment,Shipped,5.0,,Yes,13.0,0.15
104528,1455,Wichai Saelim,wichai.saelim371@gmail.com,Smart Charger 175,Groceries,2716.5,1,10.0,2444.85,2025-07-03,Chiang Mai,Bangkok,Bank Transfer,Shipped,1.0,บริการลูกค้าดีเยี่ยม,,1.0,1.68
100000,2126,Somkiat Rattanakul,somkiat.rattanakul92@gmail.com,Mini Watch 961,Fashion,215.06,7,0.0,1505.42,2024-12-26,,Bangkok,TrueMoney Wallet,Shipped,4.0,จะกลับมาซื้อซ้ำแน่นอน,No,12.0,0.52
101580,2320,Ratana Sukjai,ratana.sukjai411@outlook.com,Mini Notebook 247,Home & Living,343.57,5,0.0,1717.85,2024-08-12,Pattaya,Khon Kaen,PromptPay,Completed,5.0,,Yes,2.0,0.19
104445,2957,Chaiyot Sukjai,chaiyot.sukjai882@gmail.com,Max Headphone 667,Toys,346.45,9,5.0,2962.15,2023-12-26,Chiang Rai,Nakhon Ratchasima,Bank Transfer,Returned,,สินค้าดีมาก คุ้มราคา,Yes,13.0,1.61
104371,1431,Nittaya Chantra,nittaya.chantra36@yahoo.com,Mini Notebook 123,Toys,1760.52,6,,10034.96,2025-12-19,Hat Yai,Nonthaburi,COD,Shipped,4.0,บริการลูกค้าดีเยี่ยม,No,2.0,1.2
101356,1224,Ratana Phetcharat,ratana.phetcharat891@hotmail.com,Lite Sneaker 979,Toys,1488.51,4,15.0,5060.93,2025-06-22,Krabi,Khon Kaen,TrueMoney Wallet,Shipped,,บริการลูกค้าดีเยี่ยม,No,11.0,0.11
103437,2791,Orawan Prasertsak,orawan.prasertsak680@gmail.com,Eco Chair 477,Home & Living,190.24,2,0.0,380.48,2024-08-24,Nong Khai,Nakhon Ratchasima,PromptPay,Completed,5.0,,No,14.0,2.16
102110,2403,Somchai Sinthop,somchai.sinthop175@hotmail.com,Lite Charger 625,Beauty,523.72,3,0.0,1571.16,2024-02-15,,Chonburi,COD,Completed,2.0,,Yes,2.0,1.22
102264,1534,Wichai Chaiyaporn,wichai.chaiyaporn799@yahoo.com,Pro Speaker 978,Fashion,884.57,3,5.0,2521.02,2024-10-03,Pattaya,Chiang Mai,TrueMoney Wallet,Completed,5.0,,No,3.0,1.78
104065,2577,Chaiyot Naruemon,chaiyot.naruemon362@gmail.com,Smart Backpack 343,Home & Living,308.07,9,0.0,2772.63,2024-06-11,Sakon Nakhon,Khon Kaen,PromptPay,Shipped,,,No,3.0,0.19
103832,2894,Yupin Boonmee,yupin.boonmee834@outlook.com,Pro Speaker 188,Toys,480.94,5,25.0,1803.52,2025-08-18,Nong Khai,Nakhon Ratchasima,Bank Transfer,Completed,4.0,,No,6.0,8.66
100396,2445,Chatchai Chantra,chatchai.chantra991@yahoo.com,Smart Charger 995,Groceries,169.19,5,15.0,719.06,2024-02-24,Nong Khai,Phuket,COD,Completed,5.0,,Yes,7.0,2.02
104114,1039,Pichit Prasertsak,pichit.prasertsak845@outlook.com,Smart Mouse 656,Home & Living,565.02,6,0.0,3390.12,2023-08-22,Chiang Rai,Chonburi,TrueMoney Wallet,Cancelled,4.0,,,7.0,0.32
101064,1487,Chaiyot Phetcharat,chaiyot.phetcharat416@gmail.com,Mini Desk 545,Home & Living,516.19,4,0.0,2064.76,2024-03-12,Bangkok,Songkhla,Installment,Completed,5.0,แพ็คเกจไม่แน่นหนา,Yes,11.0,2.59
102466,1720,Yupin Sukjai,yupin.sukjai29@gmail.com,Plus Headphone 703,Health,977.38,8,10.0,7037.14,2025-12-08,Nakhon Ratchasima,Bangkok,PromptPay,Completed,,,Yes,3.0,0.68
102182,1634,Wilai Meesuk,wilai.meesuk585@outlook.com,Eco Bottle 659,Electronics,487.79,7,15.0,2902.35,2025-06-01,Khon Kaen,Chonburi,PromptPay,Completed,5.0,คุณภาพต่ำกว่าที่คิด,No,3.0,1.13
100818,2507,Thawatchai Intharak,thawatchai.intharak172@outlook.com,Plus Camera 813,Toys,628.64,9,30.0,3960.43,2025-02-19,Udon Thani,Bangkok,Installment,Completed,,,Yes,6.0,3.22
101812,1525,Ratana Wattana,ratana.wattana735@yahoo.com,Mini Lamp 953,Automotive,393.76,1,10.0,354.38,2023-05-01,Nong Khai,Nakhon Ratchasima,TrueMoney Wallet,Completed,5.0,ส่งไวมาก ประทับใจ,Yes,,
102587,2927,Wilai Srisuk,wilai.srisuk517@outlook.com,Plus Blender 505,Beauty,1074.25,4,0.0,4297.0,2024-05-05,Trang,Chiang Mai,TrueMoney Wallet,Completed,5.0,สินค้าดีมาก คุ้มราคา,Yes,7.0,0.28
101552,2233,Chatchai Panyawong,,Lite Jacket 151,Groceries,119.37,8,25.0,716.22,2025-07-08,Sakon Nakhon,Khon Kaen,Installment,Shipped,5.0,คุณภาพต่ำกว่าที่คิด,No,6.0,
103163,1115,Rungnapa Meesuk,rungnapa.meesuk120@outlook.com,Max Notebook 332,Health,321.2,9,30.0,2023.56,2025-02-20,Ubon Ratchathani,Phuket,Installment,Returned,4.0,สินค้าดีมาก คุ้มราคา,Yes,5.0,1.92
100816,1890,,rungnapa.sukjai82@yahoo.com,Smart Jacket 659,Health,600.28,6,10.0,3241.51,2023-11-26,Lampang,Chiang Mai,Installment,Completed,,,No,9.0,0.91
101572,2822,Suree Intharak,suree.intharak728@outlook.com,Lite Pillow 206,ELECTRONICS,428.7,7,0.0,3000.9,2025-01-08,Chiang Mai,Udon Thani,Installment,Processing,5.0,,No,5.0,1.68
103008,1444,Somchai Sinthop,somchai.sinthop241@outlook.com,Max Bottle 814,Fashion,886.68,1,20.0,709.34,2025-01-26,Bangkok,Nonthaburi,COD,Shipped,5.0,,No,13.0,
101800,1592,Siriporn Chantra,siriporn.chantra301@yahoo.com,Ultra Notebook 829,Beauty,711.22,6,5.0,4053.95,2024-08-06,Sakon Nakhon,Nakhon Ratchasima,Bank Transfer,Completed,4.0,ของมาช้ากว่ากำหนด,Yes,3.0,0.9
104310,1898,Malee Naruemon,malee.naruemon836@hotmail.com,Mini Jacket 676,Books,446.15,9,0.0,4015.35,2025-06-12,Hat Yai,Bangkok,Credit Card,Returned,5.0,สีไม่ตรงตามรูป,No,4.0,0.65
100381,2682,Prasert Yodying,prasert.yodying689@gmail.com,Pro Lamp 541,Groceries,916.25,7,0.0,6413.75,2025-04-04,Khon Kaen,Khon Kaen,,Completed,4.0,,No,12.0,4.92
102915,1973,Pranee Saelim,pranee.saelim435@outlook.com,Pro Pillow 803,Beauty,210.92,7,0.0,1476.44,2024-03-10,Chiang Mai,Nonthaburi,Installment,Returned,,ใช้งานได้ตามที่คาดหวัง,No,4.0,1.97
104009,1097,Suree Chotirat,suree.chotirat869@yahoo.com,Plus Sneaker 717,Electronics,1107.88,1,5.0,1052.49,2024-10-19,Buriram,Phuket,Credit Card,Cancelled,,,No,1.0,0.9
104635,2452,Chaiyot Phetcharat,,Plus Lamp 539,Home & Living,907.08,5,0.0,4535.4,2023-05-26,Phuket,Nakhon Ratchasima,COD,Shipped,5.0,โอเคสำหรับราคานี้,No,2.0,0.74
103551,1462,Somchai Kaewkla,somchai.kaewkla333@outlook.com,Plus Watch 624,Groceries,619.43,5,0.0,3097.15,2025-12-04,Chiang Mai,Songkhla,Installment,Shipped,,บริการลูกค้าดีเยี่ยม,No,1.0,4.67
102342,1380,Kittisak Panyawong,,Lite Headphone 758,Toys,773.97,7,0.0,5417.79,2025-10-30,Phuket,Bangkok,TrueMoney Wallet,Completed,,ส่งไวมาก ประทับใจ,No,8.0,0.16
101780,1706,Somkiat Thongdee,somkiat.thongdee447@outlook.com,Mini Desk 395,Beauty,126.06,6,5.0,718.54,2024-11-29,,Khon Kaen,COD,Completed,3.0,แพ็คเกจไม่แน่นหนา,No,,0.46
102765,2058,Anucha Phetcharat,anucha.phetcharat455@gmail.com,Lite Watch 972,Automotive,108.42,5,0.0,542.1,2025-10-17,Phuket,Phuket,Bank Transfer,Completed,3.0,,Yes,12.0,1.17
102478,2324,Chatchai Thongdee,chatchai.thongdee506@yahoo.com,Lite Headphone 471,Sports,166.29,3,0.0,498.87,2024-02-18,Buriram,Chonburi,Bank Transfer,Cancelled,,แพ็คเกจไม่แน่นหนา,Yes,6.0,4.89
102364,1038,Anucha Thongdee,anucha.thongdee165@yahoo.com,Eco Backpack 450,Sports,889.92,5,10.0,4004.64,2025-08-28,Ubon Ratchathani,Bangkok,TrueMoney Wallet,Completed,,,No,10.0,2.5
100864,2519,Prasert Wongsawat,prasert.wongsawat13@gmail.com,Max Sneaker 281,Toys,713.1,3,20.0,1711.44,2025-10-14,Sakon Nakhon,Chonburi,PromptPay,Completed,4.0,,No,11.0,3.33
103062,2462,Malee Boonmee,malee.boonmee251@outlook.com,Mini Speaker 143,Books,372.11,6,5.0,2121.03,2025-03-23,Phuket,Rayong,COD,Completed,4.0,,Yes,10.0,4.46
103208,1405,Wilai Sinthop,wilai.sinthop670@outlook.com,Plus Watch 957,Health,379.8,6,5.0,2164.86,2024-07-22,Trang,Phuket,Credit Card,Shipped,,คุณภาพต่ำกว่าที่คิด,No,7.0,0.89
100554,2982,Anan Phetcharat,anan.phetcharat872@outlook.com,Eco Camera 773,Automotive,606.29,3,10.0,1636.98,2025-07-15,Trang,Chonburi,TrueMoney Wallet,Returned,5.0,โอเคสำหรับราคานี้,No,9.0,2.59
101159,1899,Kanya Phetcharat,kanya.phetcharat968@gmail.com,Smart Backpack 336,Beauty,936.62,1,0.0,936.62,2025-01-31,Sakon Nakhon,Phuket,COD,Cancelled,4.0,,Yes,5.0,5.38
101213,1007,Anan Chaiyaporn,anan.chaiyaporn550@yahoo.com,Eco Pillow 507,Beauty,76.77,3,0.0,230.31,2023-09-14,Ubon Ratchathani,Phuket,Installment,Completed,,,No,7.0,3.92
103658,1420,Wilai Chaiyaporn,wilai.chaiyaporn825@outlook.com,Max Blender 414,Home & Living,,4,0.0,3181.96,2024-12-08,,Chonburi,Credit Card,Processing,,,No,,0.38
103648,1282,Anucha Intharak,anucha.intharak543@outlook.com,Plus Pillow 165,Toys,,8,0.0,1920.32,2025-03-05,Trang,Phuket,Installment,Completed,,,Yes,11.0,0.39
100048,1957,Kanya Panyawong,kanya.panyawong427@yahoo.com,Max Watch 244,Groceries,1272.82,5,5.0,6045.9,2023-09-05,Nakhon Ratchasima,Songkhla,TrueMoney Wallet,Shipped,,,No,,0.49
102528,1427,Prasert Wattana,prasert.wattana679@outlook.com,Eco Keyboard 774,Health,1336.35,8,0.0,10690.8,2025-06-20,Pattaya,Nakhon Ratchasima,TrueMoney Wallet,Returned,4.0,จะกลับมาซื้อซ้ำแน่นอน,,8.0,5.15
100700,2687,Anucha Saelim,anucha.saelim877@hotmail.com,Max Chair 346,Sports,362.64,2,5.0,689.02,2024-07-11,Phuket,Nonthaburi,Installment,Completed,,โอเคสำหรับราคานี้,Yes,4.0,0.18
100652,2092,Wichai Meesuk,wichai.meesuk176@yahoo.com,Max Wallet 536,Fashion,724.14,7,0.0,5068.98,2023-10-23,Buriram,Udon Thani,Credit Card,Cancelled,5.0,บริการลูกค้าดีเยี่ยม,Yes,8.0,0.69
103200,2271,Ratana Wattana,ratana.wattana950@hotmail.com,Ultra Desk 390,Fashion,321.37,4,0.0,1285.48,2024-11-21,Sakon Nakhon,Nakhon Ratchasima,Bank Transfer,Completed,5.0,,Yes,6.0,3.89
103545,2671,Prasert Chaiyaporn,prasert.chaiyaporn747@outlook.com,Smart Watch 375,Books,747.5,3,,2018.25,2025-11-14,Udon Thani,Songkhla,PromptPay,Completed,3.0,ของมาช้ากว่ากำหนด,No,,1.85
103427,1671,Sombat Chantra,sombat.chantra193@outlook.com,Max Keyboard 218,Automotive,544.02,4,20.0,1740.86,2023-04-15,Krabi,Chiang Mai,Installment,Completed,5.0,จะกลับมาซื้อซ้ำแน่นอน,Yes,13.0,1.55
100748,1412,Somsri Sinthop,somsri.sinthop219@gmail.com,Pro Jacket 653,Automotive,720.69,8,10.0,5188.97,2023-03-29,Ubon Ratchathani,Nakhon Ratchasima,TrueMoney Wallet,Returned,,โอเคสำหรับราคานี้,Yes,5.0,0.46
101455,1992,Orawan Boonmee,orawan.boonmee595@outlook.com,Ultra Jacket 995,Health,154.37,7,0.0,1080.59,2023-03-20,Nong Khai,Nakhon Ratchasima,TrueMoney Wallet,Processing,,,No,1.0,2.9
104217,2199,Wilai Thongdee,,Mini Backpack 675,Automotive,247.12,5,15.0,1050.26,2023-12-04,Chiang Mai,Rayong,TrueMoney Wallet,Completed,3.0,,No,,0.83
102232,2996,Sombat Yodying,sombat.yodying54@outlook.com,Eco Lamp 648,Groceries,204.71,6,5.0,1166.85,2024-03-09,Khon Kaen,Khon Kaen,COD,Returned,4.0,,Yes,7.0,3.25
104338,1264,Ploy Wongsawat,ploy.wongsawat25@gmail.com,Plus Blender 877,Groceries,280.65,2,0.0,561.3,2025-10-11,Pattaya,Chiang Mai,Installment,Shipped,4.0,แพ็คเกจไม่แน่นหนา,No,,1.64
100866,2856,Pranee Chantra,pranee.chantra660@outlook.com,Ultra Chair 934,Books,425.98,2,25.0,638.97,2023-05-18,,Udon Thani,Credit Card,Shipped,5.0,,No,4.0,4.71
100752,2300,Somkiat Wattana,somkiat.wattana13@outlook.com,Plus Camera 676,Books,588.86,5,5.0,2797.08,2024-06-13,Ubon Ratchathani,Rayong,COD,Shipped,3.0,สีไม่ตรงตามรูป,No,9.0,1.9
101644,2002,Niran Wattana,niran.wattana15@hotmail.com,Lite Lamp 725,Fashion,,5,30.0,3495.87,2025-03-23,,Songkhla,PromptPay,Cancelled,4.0,บริการลูกค้าดีเยี่ยม,No,12.0,1.13
100092,2413,Orawan Srisuk,orawan.srisuk755@yahoo.com,Mini Desk 864,Toys,237.89,7,5.0,,2024-04-14,Krabi,Chonburi,Installment,Completed,3.0,,Yes,10.0,4.81
103662,1514,Anan Saelim,,Smart Desk 441,Health,625.38,9,5.0,5347.0,2023-03-07,Phuket,Khon Kaen,Credit Card,Completed,3.0,,Yes,2.0,1.93
103276,1858,Duangjai Intharak,duangjai.intharak17@outlook.com,Max Speaker 194,Home & Living,210.66,9,0.0,1895.94,2024-11-07,Bangkok,Chiang Mai,Credit Card,Completed,4.0,สีไม่ตรงตามรูป,Yes,12.0,1.92
102463,1394,Yupin Sinthop,yupin.sinthop683@yahoo.com,Eco Keyboard 142,Beauty,192.42,3,0.0,577.26,2023-03-11,Surat Thani,Phuket,Credit Card,Completed,4.0,,Yes,2.0,1.98
103739,1535,Pranee Chotirat,pranee.chotirat49@yahoo.com,Plus Headphone 523,Health,157.18,4,0.0,628.72,2023-08-02,Nakhon Si Thammarat,Chiang Mai,Credit Card,Completed,5.0,,Yes,6.0,1.05
101490,2020,Suchart Chaiyaporn,suchart.chaiyaporn160@gmail.com,Plus Sneaker 367,Sports,482.77,2,5.0,917.26,2025-06-02,Nakhon Ratchasima,Songkhla,Bank Transfer,Completed,5.0,บริการลูกค้าดีเยี่ยม,Yes,4.0,2.3
103318,2823,Malee Chaiyaporn,malee.chaiyaporn674@hotmail.com,Plus Headphone 349,Books,972.61,9,0.0,8753.49,2024-12-20,Khon Kaen,Nonthaburi,PromptPay,Completed,4.0,แพ็คเกจไม่แน่นหนา,No,3.0,3.67
104336,1464,Malee Intharak,malee.intharak555@gmail.com,Max Notebook 549,Electronics,,1,0.0,483.34,2023-12-11,Hat Yai,Nakhon Ratchasima,Installment,Completed,,คุณภาพต่ำกว่าที่คิด,Yes,11.0,
100729,1726,Duangjai Phetcharat,duangjai.phetcharat786@hotmail.com,Mini Headphone 541,Toys,1099.87,1,25.0,824.9,2023-03-21,Rayong,Chiang Mai,PromptPay,Completed,,,Yes,5.0,0.3
103973,2731,Ratana Intharak,ratana.intharak182@yahoo.com,Lite Mouse 710,Health,893.41,4,10.0,3216.28,2025-02-09,Sakon Nakhon,Udon Thani,COD,Processing,3.0,,No,,0.63
102505,2888,Siriporn Wongsawat,siriporn.wongsawat974@hotmail.com,Mini Mouse 195,Home & Living,442.32,9,0.0,3980.88,2024-06-22,Hat Yai,Bangkok,Installment,Processing,4.0,,Yes,4.0,2.1
104871,2488,Malee Sinthop,malee.sinthop791@hotmail.com,Plus Pillow 226,Health,850.78,3,5.0,2424.72,2025-02-07,Nakhon Si Thammarat,Songkhla,COD,Completed,,,No,13.0,2.07
101936,2521,Somkiat Sukjai,somkiat.sukjai590@yahoo.com,Max Chair 873,Books,489.29,6,0.0,2935.74,2025-10-19,Chiang Mai,Rayong,TrueMoney Wallet,Completed,5.0,โอเคสำหรับราคานี้,Yes,13.0,1.21
101745,1813,Rungnapa Yodying,rungnapa.yodying110@hotmail.com,Max Desk 455,Groceries,81.53,6,0.0,489.18,2025-12-01,,Nonthaburi,Credit Card,Returned,4.0,,No,4.0,0.67
102519,2189,Somsri Rattanakul,somsri.rattanakul685@outlook.com,Smart Notebook 977,Electronics,456.21,5,5.0,2167.0,2023-05-09,Surat Thani,Chonburi,PromptPay,Completed,4.0,,No,5.0,0.55
103323,1542,Suchart Chantra,suchart.chantra791@yahoo.com,Mini Watch 724,Toys,371.25,3,0.0,1113.75,2023-08-30,Phuket,Rayong,Bank Transfer,Completed,,,No,10.0,
103539,2646,Chaiyot Chotirat,chaiyot.chotirat686@gmail.com,Smart Desk 170,Sports,500.39,8,0.0,4003.12,2024-12-21,Rayong,Khon Kaen,TrueMoney Wallet,Completed,3.0,,Yes,5.0,4.22
101957,1011,Yupin Kaewkla,yupin.kaewkla146@gmail.com,Plus Charger 319,Home & Living,564.57,5,0.0,2822.85,2024-10-11,Rayong,Chiang Mai,COD,Shipped,4.0,ใช้งานได้ตามที่คาดหวัง,Yes,14.0,0.82
101110,2358,Wilai Yodying,wilai.yodying430@hotmail.com,Plus Watch 891,Groceries,890.21,9,10.0,7210.7,2024-10-02,Surat Thani,Rayong,Credit Card,Returned,,ของมาช้ากว่ากำหนด,No,4.0,0.42
104700,1832,Yupin Kaewkla,yupin.kaewkla25@outlook.com,Smart Keyboard 345,Electronics,116.25,4,10.0,418.5,2023-02-14,Udon Thani,Bangkok,Installment,Completed,,,No,14.0,1.35
104085,1507,Pichit Rattanakul,pichit.rattanakul428@hotmail.com,Smart Charger 525,Toys,809.64,4,0.0,3238.56,2025-10-28,Chiang Rai,Udon Thani,TrueMoney Wallet,Completed,3.0,,No,11.0,1.04
104494,2386,Yupin Prasertsak,yupin.prasertsak686@hotmail.com,Mini Keyboard 686,Fashion,571.7,6,0.0,3430.2,2023-10-07,Ubon Ratchathani,Chonburi,Bank Transfer,Completed,,,Yes,11.0,2.48
104179,1645,Malee Chotirat,malee.chotirat491@gmail.com,Lite Backpack 216,Toys,497.11,9,,4473.99,2025-09-17,Nonthaburi,Khon Kaen,TrueMoney Wallet,Completed,5.0,สีไม่ตรงตามรูป,Yes,13.0,0.99
100346,1928,Pichit Wongsawat,pichit.wongsawat833@outlook.com,Eco Wallet 742,Toys,956.72,1,0.0,956.72,2023-03-03,Nonthaburi,Udon Thani,PromptPay,Returned,,,Yes,4.0,0.63
101185,1644,Orawan Meesuk,orawan.meesuk852@gmail.com,Eco Headphone 922,Home & Living,619.95,4,0.0,2479.8,2024-03-18,Surat Thani,Nakhon Ratchasima,Bank Transfer,Completed,1.0,,No,3.0,1.05
104025,1242,Orawan Chotirat,orawan.chotirat82@outlook.com,Lite Desk 279,Toys,635.43,5,10.0,2859.44,2023-05-04,Bangkok,Khon Kaen,Bank Transfer,Completed,4.0,ของมาช้ากว่ากำหนด,Yes,,0.88
104059,2783,Somkiat Chantra,somkiat.chantra850@yahoo.com,Lite Camera 860,Fashion,203.86,9,0.0,1834.74,2024-07-13,Surat Thani,Chiang Mai,Bank Transfer,Completed,,,No,,0.84
101515,2180,Rungnapa Naruemon,rungnapa.naruemon200@yahoo.com,Ultra Backpack 258,Fashion,686.75,4,0.0,2747.0,2024-02-04,Lampang,Nonthaburi,PromptPay,Shipped,1.0,แพ็คเกจไม่แน่นหนา,No,3.0,3.94
104693,2415,Siriporn Yodying,siriporn.yodying340@hotmail.com,Smart Headphone 641,Books,249.5,1,10.0,224.55,2024-12-28,Ubon Ratchathani,Nonthaburi,PromptPay,Completed,,,Yes,8.0,0.22
100578,2595,Orawan Kaewkla,orawan.kaewkla303@outlook.com,Eco Blender 291,Sports,,3,0.0,1353.9,2024-04-11,Phuket,Bangkok,PromptPay,Processing,,ใช้งานได้ตามที่คาดหวัง,No,7.0,2.23
101964,2104,Pranee Meesuk,pranee.meesuk609@yahoo.com,Lite Camera 236,Sports,178.01,5,25.0,667.54,2024-03-17,Nong Khai,Nonthaburi,Installment,Processing,3.0,แพ็คเกจไม่แน่นหนา,Yes,12.0,2.23
100075,1091,Ploy Srisuk,ploy.srisuk89@yahoo.com,Plus Charger 432,Fashion,1101.35,2,30.0,1541.89,2023-08-02,Pattaya,Bangkok,COD,Completed,,ส่งไวมาก ประทับใจ,No,8.0,0.4
101429,2188,Pranee Chaiyaporn,pranee.chaiyaporn278@outlook.com,Smart Keyboard 510,Health,305.41,1,15.0,259.6,2025-10-08,,Nonthaburi,Installment,Completed,4.0,,No,11.0,0.52
103799,2708,Thawatchai Wattana,thawatchai.wattana631@yahoo.com,Pro Mouse 121,Fashion,449.2,3,,943.32,2023-05-24,Bangkok,Rayong,COD,Returned,5.0,,Yes,11.0,2.62
104453,1261,Suree Naruemon,suree.naruemon771@outlook.com,Max Jacket 986,Groceries,505.18,7,0.0,3536.26,2025-08-02,Hat Yai,Phuket,Bank Transfer,Completed,5.0,,No,1.0,2.43
104910,1479,Pichit Sinthop,pichit.sinthop82@yahoo.com,Lite Desk 930,Home & Living,162.25,1,10.0,146.02,2023-10-02,Nakhon Si Thammarat,Chonburi,Installment,Processing,,,No,4.0,0.24
104977,2794,Chomphunut Rattanakul,chomphunut.rattanakul880@gmail.com,Plus Sneaker 282,Books,817.51,6,0.0,4905.06,2025-02-07,Nakhon Ratchasima,Chiang Mai,COD,Cancelled,5.0,,No,13.0,0.41
101846,2401,Ploy Wongsawat,ploy.wongsawat410@gmail.com,Pro Lamp 149,Fashion,685.53,5,20.0,2742.12,2025-10-07,Bangkok,Nakhon Ratchasima,Bank Transfer,Cancelled,,,No,9.0,1.6
100131,2180,Kanya Phetcharat,kanya.phetcharat179@gmail.com,Lite Desk 996,Toys,223.29,8,0.0,1786.32,2025-02-10,,Udon Thani,Installment,Completed,,สินค้าดีมาก คุ้มราคา,Yes,6.0,3.2
100178,2485,Kanya Chotirat,kanya.chotirat87@yahoo.com,Ultra Blender 890,Electronics ,276.72,6,10.0,1494.29,2024-06-18,Surat Thani,Bangkok,TrueMoney Wallet,Cancelled,1.0,สินค้าดีมาก คุ้มราคา,No,2.0,0.21
102940,1042,Suree Rattanakul,suree.rattanakul130@hotmail.com,Plus Charger 879,Electronics,180.43,2,20.0,288.69,2024-12-24,Rayong,Chiang Mai,COD,Completed,5.0,แพ็คเกจไม่แน่นหนา,Yes,9.0,1.29
104489,2780,Chatchai Prasertsak,chatchai.prasertsak357@yahoo.com,Lite Notebook 803,Home & Living,626.2,6,0.0,3757.2,2023-03-04,Krabi,Phuket,Installment,Completed,5.0,ของมาช้ากว่ากำหนด,Yes,8.0,0.61
104722,2841,Boonmee Intharak,boonmee.intharak583@hotmail.com,Ultra Headphone 785,Automotive,1443.14,8,0.0,11545.12,2023-09-13,Nonthaburi,Khon Kaen,Bank Transfer,Completed,,ส่งไวมาก ประทับใจ,No,11.0,1.85
102771,2184,Kanya Chaiyaporn,kanya.chaiyaporn121@yahoo.com,Plus Speaker 167,Sports,713.06,1,15.0,606.1,2024-01-20,Chiang Mai,Phuket,PromptPay,Completed,,,No,7.0,2.0
101842,2040,Chatchai Intharak,chatchai.intharak98@outlook.com,Smart Notebook 701,Electronics,212.22,9,5.0,1814.48,2024-12-03,Sakon Nakhon,Khon Kaen,COD,Shipped,3.0,คุณภาพต่ำกว่าที่คิด,No,6.0,1.4
102238,1335,Rungnapa Chotirat,,Ultra Pillow 576,Toys,485.3,7,10.0,3057.39,2023-11-30,Rayong,Chiang Mai,PromptPay,Completed,,,No,4.0,
103936,2783,Pichit Chantra,pichit.chantra17@outlook.com,Max Jacket 489,Sports,379.83,1,25.0,284.87,2024-11-29,Buriram,Phuket,COD,Returned,,,Yes,13.0,0.31
102404,2980,Wilai Kaewkla,wilai.kaewkla121@gmail.com,Plus Bottle 277,Fashion,959.66,2,30.0,1343.52,2025-03-07,Pattaya,Udon Thani,Installment,Completed,,แพ็คเกจไม่แน่นหนา,No,1.0,1.5
100604,2810,Thawatchai Phetcharat,thawatchai.phetcharat9@yahoo.com,Mini Bottle 589,Books,780.38,5,15.0,3316.62,2025-10-25,Nong Khai,Songkhla,COD,Returned,,,No,11.0,0.11
102801,2836,Orawan Prasertsak,orawan.prasertsak160@hotmail.com,Pro Notebook 501,Books,138.47,3,0.0,415.41,2024-09-01,Sakon Nakhon,Udon Thani,Bank Transfer,Processing,4.0,,,8.0,4.58
100025,2437,Suree Naruemon,suree.naruemon954@outlook.com,Smart Bottle 864,Electronics,521.59,4,0.0,2086.36,2023-12-14,Phuket,Chiang Mai,Bank Transfer,Processing,5.0,ใช้งานได้ตามที่คาดหวัง,No,4.0,0.4
100658,2011,Wilai Meesuk,wilai.meesuk399@hotmail.com,Pro Charger 818,Electronics,1006.45,9,20.0,7246.44,2025-01-23,Nong Khai,Bangkok,Installment,Processing,3.0,,Yes,14.0,1.24
101896,1097,Niran Kaewkla,niran.kaewkla672@hotmail.com,Eco Bottle 510,Home & Living,1615.99,9,15.0,12362.32,2024-08-10,Nakhon Ratchasima,Songkhla,PromptPay,Completed,1.0,บริการลูกค้าดีเยี่ยม,Yes,12.0,
103870,2625,Boonmee Wongsawat,boonmee.wongsawat562@outlook.com,Eco Wallet 590,Books,,8,0.0,4326.96,2023-01-25,,Phuket,TrueMoney Wallet,Completed,1.0,,Yes,4.0,
102213,1972,Chaiyot Chotirat,chaiyot.chotirat947@gmail.com,Smart Notebook 878,Health,975.22,8,0.0,7801.76,2025-03-08,Surat Thani,Nonthaburi,COD,Completed,5.0,ส่งไวมาก ประทับใจ,Yes,4.0,0.18
100173,2570,Yupin Thongdee,yupin.thongdee975@yahoo.com,Lite Camera 847,Automotive,405.13,1,0.0,405.13,2023-12-09,Ubon Ratchathani,Songkhla,PromptPay,Shipped,1.0,,No,12.0,3.14
101611,1936,Chaiyot Sinthop,chaiyot.sinthop559@hotmail.com,Ultra Speaker 875,Groceries,192.99,5,0.0,964.95,2024-04-02,Lampang,Bangkok,Credit Card,Completed,,,No,2.0,0.49
100437,2398,Malee Phetcharat,malee.phetcharat443@gmail.com,Max Sneaker 836,Automotive,1111.08,2,0.0,2222.16,2023-12-21,Ubon Ratchathani,Bangkok,PromptPay,Completed,,,Yes,13.0,0.36
100331,2794,Sombat Thongdee,sombat.thongdee68@outlook.com,Mini Chair 378,Groceries,,5,0.0,2391.2,2024-12-21,Nong Khai,Songkhla,PromptPay,Completed,,จะกลับมาซื้อซ้ำแน่นอน,Yes,1.0,0.36
103143,2735,Somchai Wongsawat,somchai.wongsawat994@gmail.com,Smart Watch 722,Groceries,442.29,9,0.0,,2023-08-06,Phuket,Nakhon Ratchasima,Credit Card,Processing,5.0,,No,10.0,0.61
101454,1142,Ploy Chaiyaporn,ploy.chaiyaporn394@gmail.com,Smart Charger 405,Automotive,766.39,5,30.0,2682.36,2023-02-15,Nong Khai,Khon Kaen,TrueMoney Wallet,Shipped,,ใช้งานได้ตามที่คาดหวัง,No,,1.53
100342,1863,Kittisak Intharak,kittisak.intharak801@hotmail.com,Mini Sneaker 400,Fashion,105.83,2,0.0,211.66,2025-04-24,,Nonthaburi,TrueMoney Wallet,Completed,5.0,,Yes,6.0,0.12
103243,1261,Somkiat Chotirat,somkiat.chotirat58@yahoo.com,Lite Camera 323,Health,251.92,2,0.0,503.84,2023-03-19,Chiang Mai,Nakhon Ratchasima,Bank Transfer,Completed,,โอเคสำหรับราคานี้,No,5.0,2.5
102581,1121,Pranee Yodying,pranee.yodying768@gmail.com,Pro Watch 341,Sports,564.82,9,25.0,3812.54,2023-07-30,Pattaya,Chonburi,PromptPay,Returned,,,No,13.0,0.2
100727,1753,Pranee Sukjai,pranee.sukjai613@gmail.com,Mini Lamp 725,Electronics,176.45,6,30.0,741.09,2023-07-23,Hat Yai,Chiang Mai,Installment,Completed,3.0,,Yes,10.0,0.75
103833,1136,Niran Naruemon,niran.naruemon788@gmail.com,Pro Desk 884,Toys,431.86,4,0.0,1727.44,2025-02-06,Trang,Nakhon Ratchasima,PromptPay,Returned,,,Yes,14.0,0.95
100976,1040,Duangjai Thongdee,duangjai.thongdee90@gmail.com,Mini Keyboard 142,Toys,926.24,6,25.0,4168.08,2025-12-10,Sakon Nakhon,Nonthaburi,Credit Card,Completed,5.0,ส่งไวมาก ประทับใจ,Yes,5.0,1.05
102395,2476,Somkiat Meesuk,somkiat.meesuk620@hotmail.com,Smart Blender 273,Beauty,1023.73,5,0.0,5118.65,2024-12-29,Buriram,Bangkok,Credit Card,Cancelled,5.0,ส่งไวมาก ประทับใจ,No,3.0,2.85
104020,2979,Prasert Sukjai,prasert.sukjai289@hotmail.com,Ultra Sneaker 773,Beauty,147.65,6,0.0,885.9,2024-07-05,,Chiang Mai,TrueMoney Wallet,Shipped,,,No,3.0,0.26
101928,1060,Pichit Sukjai,,Mini Backpack 482,Home & Living,505.23,6,0.0,3031.38,2025-10-12,Nakhon Ratchasima,Rayong,PromptPay,Shipped,,ส่งไวมาก ประทับใจ,Yes,6.0,0.72
102650,1294,Nittaya Sukjai,nittaya.sukjai738@yahoo.com,Max Mouse 263,Beauty,1020.84,7,10.0,6431.29,2024-05-04,Chiang Mai,Nonthaburi,Bank Transfer,Completed,,,No,,
104108,1386,Malee Phetcharat,malee.phetcharat811@yahoo.com,Eco Mouse 851,Sports,330.96,5,0.0,1654.8,2025-11-08,Chiang Mai,Songkhla,,Completed,1.0,,No,2.0,0.97
101299,2312,Somkiat Wattana,somkiat.wattana309@outlook.com,Max Sneaker 477,Books,283.65,6,25.0,1276.42,2024-03-07,Bangkok,Khon Kaen,PromptPay,Cancelled,5.0,,Yes,1.0,0.77
103032,2049,Pranee Wongsawat,pranee.wongsawat393@outlook.com,Smart Chair 976,Health ,388.62,8,15.0,2642.62,2025-06-08,Hat Yai,Chonburi,Credit Card,Shipped,,,No,3.0,1.08
104623,1920,Anan Chantra,anan.chantra618@gmail.com,Smart Headphone 526,Automotive,614.33,3,0.0,1842.99,2023-04-01,Udon Thani,Songkhla,Bank Transfer,Completed,4.0,คุณภาพต่ำกว่าที่คิด,No,7.0,0.21
100660,2227,Wichai Meesuk,wichai.meesuk318@outlook.com,Pro Lamp 117,Automotive,1143.59,1,10.0,1029.23,2025-05-23,Phuket,Nonthaburi,PromptPay,Completed,,,No,12.0,0.99
104022,2673,Prasert Prasertsak,prasert.prasertsak65@outlook.com,Lite Pillow 722,Fashion,1080.31,5,0.0,5401.55,2025-05-07,Surat Thani,Chonburi,Credit Card,Completed,5.0,ส่งไวมาก ประทับใจ,No,8.0,3.17
102900,2938,Malee Thongdee,malee.thongdee823@gmail.com,Plus Speaker 414,Sports,385.3,5,0.0,1926.5,2024-09-23,Pattaya,Nonthaburi,Credit Card,Returned,4.0,,No,5.0,1.78
102825,1426,Yupin Intharak,yupin.intharak450@outlook.com,Eco Headphone 250,Health,839.61,1,15.0,713.67,2024-06-20,Pattaya,Phuket,Installment,Shipped,,ส่งไวมาก ประทับใจ,Yes,10.0,2.96
103017,2408,Siriporn Wattana,siriporn.wattana361@hotmail.com,Smart Lamp 151,Beauty,535.32,4,0.0,2141.28,2023-05-31,Udon Thani,Chiang Mai,TrueMoney Wallet,Completed,1.0,สีไม่ตรงตามรูป,No,11.0,
102220,2324,Suree Boonmee,suree.boonmee970@hotmail.com,Ultra Chair 269,Books,,2,0.0,569.66,2025-08-11,Hat Yai,Bangkok,Bank Transfer,Completed,3.0,,No,10.0,2.33
103410,2614,Anucha Rattanakul,anucha.rattanakul748@yahoo.com,Mini Sneaker 890,Electronics,96.05,3,,288.15,2023-04-04,Nong Khai,Udon Thani,COD,Returned,,จะกลับมาซื้อซ้ำแน่นอน,Yes,8.0,2.16
102741,1304,Malee Chotirat,malee.chotirat503@hotmail.com,Smart Notebook 682,Books,1048.43,1,15.0,891.17,2024-07-13,Udon Thani,Songkhla,Installment,Completed,4.0,โอเคสำหรับราคานี้,No,,0.25
104925,2704,Chaiyot Chantra,chaiyot.chantra874@gmail.com,Eco Watch 446,Sports,352.42,3,0.0,1057.26,2023-02-28,Hat Yai,Khon Kaen,TrueMoney Wallet,Completed,4.0,,Yes,6.0,1.41
103235,1834,Yupin Panyawong,yupin.panyawong334@outlook.com,Smart Lamp 380,Toys,459.62,5,5.0,2183.19,2024-04-28,Rayong,Chonburi,COD,Completed,3.0,,No,14.0,1.26
101278,1622,Wichai Panyawong,wichai.panyawong677@yahoo.com,Ultra Headphone 878,Automotive,361.04,3,0.0,1083.12,2023-12-11,Phuket,Bangkok,Credit Card,Completed,5.0,,No,11.0,0.51
103113,1287,Kanya Meesuk,kanya.meesuk29@hotmail.com,Mini Mouse 557,Books,616.49,6,10.0,3329.05,2023-02-11,Krabi,Bangkok,COD,Completed,,,No,12.0,
101621,2233,Kanya Wongsawat,kanya.wongsawat976@outlook.com,Pro Backpack 379,Sports,507.93,9,5.0,4342.8,2024-10-08,Nakhon Si Thammarat,Chiang Mai,PromptPay,Processing,,ส่งไวมาก ประทับใจ,Yes,9.0,
103649,2585,Chaiyot Chaiyaporn,chaiyot.chaiyaporn748@hotmail.com,Lite Keyboard 287,Automotive,736.67,8,0.0,5893.36,2025-01-25,Chiang Rai,Chonburi,COD,Returned,3.0,,Yes,13.0,3.38
104439,1346,Chomphunut Boonmee,chomphunut.boonmee490@outlook.com,Ultra Desk 934,Books,766.27,4,15.0,2605.32,2023-11-11,Lampang,Songkhla,Installment,Completed,5.0,,No,12.0,4.12
100067,1315,Anan Chaiyaporn,anan.chaiyaporn196@gmail.com,Pro Notebook 120,Automotive,329.79,4,15.0,1121.29,2024-10-23,,Bangkok,Bank Transfer,Returned,3.0,,Yes,13.0,0.58
102617,2355,Chaiyot Meesuk,chaiyot.meesuk213@outlook.com,Ultra Bottle 891,Toys,1881.62,7,10.0,11854.21,2024-10-27,Trang,Chiang Mai,COD,Completed,5.0,จะกลับมาซื้อซ้ำแน่นอน,Yes,7.0,0.79
102154,2043,Chaiyot Prasertsak,chaiyot.prasertsak774@outlook.com,Max Notebook 945,Sports,191.44,4,0.0,765.76,2025-08-06,Nonthaburi,Nakhon Ratchasima,Installment,Cancelled,4.0,,No,,0.63
104919,1319,Nittaya Chantra,nittaya.chantra209@hotmail.com,Max Wallet 108,Toys,137.5,8,0.0,1100.0,2024-08-28,Khon Kaen,Bangkok,Installment,Completed,,,Yes,10.0,0.22
100820,2174,Chomphunut Rattanakul,chomphunut.rattanakul518@outlook.com,Smart Watch 805,Electronics,927.5,5,0.0,4637.5,2024-02-07,Surat Thani,Chonburi,COD,Returned,,,No,6.0,0.41
101226,1077,Pranee Prasertsak,pranee.prasertsak972@outlook.com,Plus Lamp 529,Toys,748.18,7,0.0,5237.26,2023-04-19,Nakhon Ratchasima,Udon Thani,COD,Completed,4.0,,Yes,8.0,1.24
103732,1697,Anan Kaewkla,anan.kaewkla790@gmail.com,Plus Keyboard 818,Toys,306.26,5,0.0,1531.3,2024-08-10,Nakhon Si Thammarat,Phuket,COD,Completed,1.0,,No,14.0,1.44
103914,1204,Pranee Naruemon,,Mini Headphone 685,Health,578.5,2,0.0,1157.0,2025-01-28,Chiang Mai,Phuket,,Completed,,สินค้าดีมาก คุ้มราคา,No,13.0,0.2
103994,2633,Anan Meesuk,anan.meesuk641@hotmail.com,Ultra Speaker 873,Fashion,978.44,6,0.0,5870.64,2023-09-05,Sakon Nakhon,Nakhon Ratchasima,PromptPay,Completed,5.0,สีไม่ตรงตามรูป,Yes,10.0,2.27
104480,2213,Ploy Naruemon,ploy.naruemon999@yahoo.com,Mini Sneaker 732,Fashion,499.69,9,0.0,4497.21,2023-08-05,Udon Thani,Khon Kaen,Installment,Completed,3.0,สินค้าดีมาก คุ้มราคา,No,,0.82
104292,2682,Kanya Chotirat,kanya.chotirat329@yahoo.com,Eco Bottle 381,Automotive,1090.88,5,0.0,5454.4,2024-02-27,Surat Thani,Chonburi,PromptPay,Completed,3.0,ใช้งานได้ตามที่คาดหวัง,Yes,,2.4
103463,2143,Rungnapa Phetcharat,,Ultra Wallet 562,Home & Living,1522.69,9,15.0,11648.58,2025-01-04,Krabi,Rayong,Bank Transfer,Completed,3.0,โอเคสำหรับราคานี้,Yes,5.0,0.6
101143,1125,Duangjai Phetcharat,duangjai.phetcharat582@yahoo.com,Pro Headphone 777,Fashion,661.81,7,0.0,4632.67,2025-03-25,Krabi,Rayong,Bank Transfer,Completed,5.0,สีไม่ตรงตามรูป,No,7.0,1.62
100397,1103,Malee Wattana,malee.wattana38@yahoo.com,Plus Lamp 968,Sports,430.72,5,0.0,2153.6,2024-03-30,Surat Thani,Songkhla,PromptPay,Completed,,,No,5.0,4.25
104676,2810,Thawatchai Phetcharat,thawatchai.phetcharat926@outlook.com,Mini Mouse 101,Home & Living,720.14,6,25.0,3240.63,2023-08-07,Rayong,Phuket,Installment,Returned,3.0,แพ็คเกจไม่แน่นหนา,No,6.0,3.47
104324,1632,Pichit Wattana,pichit.wattana225@yahoo.com,Pro Charger 651,Fashion,264.05,8,0.0,2112.4,2023-08-13,Chiang Rai,Nonthaburi,COD,Completed,4.0,ใช้งานได้ตามที่คาดหวัง,No,14.0,1.31
102939,1782,Ratana Panyawong,ratana.panyawong87@gmail.com,Pro Sneaker 533,Electronics,754.26,1,0.0,754.26,2023-11-10,Rayong,Phuket,COD,Completed,,,No,5.0,2.12
101398,2118,Somchai Prasertsak,somchai.prasertsak491@hotmail.com,Mini Headphone 545,Electronics,120.21,4,0.0,480.84,2024-05-24,Nonthaburi,Phuket,Installment,Completed,,,Yes,3.0,0.23
101659,1475,Wichai Sinthop,wichai.sinthop996@gmail.com,Smart Wallet 519,Fashion,540.36,7,25.0,2836.89,2025-09-25,Khon Kaen,Rayong,Installment,Completed,5.0,สีไม่ตรงตามรูป,No,13.0,2.73
100979,2946,Suchart Meesuk,suchart.meesuk763@gmail.com,Plus Watch 667,Health,210.21,1,0.0,210.21,2024-05-31,Surat Thani,Khon Kaen,PromptPay,Completed,,,Yes,7.0,1.9
101298,2400,Malee Saelim,malee.saelim77@yahoo.com,Ultra Headphone 245,Automotive,1255.09,8,0.0,10040.72,2023-02-01,Khon Kaen,Songkhla,PromptPay,Completed,3.0,แพ็คเกจไม่แน่นหนา,No,10.0,1.17
102643,2535,Pranee Rattanakul,pranee.rattanakul40@outlook.com,Max Speaker 101,Fashion,151.14,4,10.0,544.1,2023-04-30,Surat Thani,Rayong,COD,Completed,5.0,,No,3.0,1.19
100082,2966,Sombat Srisuk,sombat.srisuk987@outlook.com,Pro Bottle 578,Sports,410.47,6,10.0,2216.54,2023-10-29,Nakhon Si Thammarat,Nakhon Ratchasima,Installment,Completed,,,No,10.0,1.02
103804,2206,Pichit Chaiyaporn,pichit.chaiyaporn743@yahoo.com,Pro Lamp 144,Books,,1,0.0,247.89,2025-10-16,Ubon Ratchathani,Udon Thani,TrueMoney Wallet,Completed,,,No,,1.14
102492,2069,Somkiat Meesuk,somkiat.meesuk955@yahoo.com,Lite Blender 906,Toys,421.5,7,0.0,2950.5,2025-01-20,Udon Thani,Phuket,TrueMoney Wallet,Cancelled,,ของมาช้ากว่ากำหนด,No,10.0,3.9
103789,2099,Suree Panyawong,suree.panyawong569@outlook.com,Pro Camera 636,Health,198.54,8,0.0,1588.32,2024-07-14,Khon Kaen,Chiang Mai,COD,Completed,,,Yes,,1.22
103831,1074,Chomphunut Wattana,chomphunut.wattana4@gmail.com,Mini Camera 908,Books,356.98,6,25.0,1606.41,2024-08-03,Phuket,Phuket,Bank Transfer,Shipped,,,Yes,10.0,0.56
102319,1730,Orawan Srisuk,orawan.srisuk676@yahoo.com,Lite Bottle 641,Home & Living,302.94,4,0.0,1211.76,2023-08-05,Pattaya,Udon Thani,TrueMoney Wallet,Completed,,จะกลับมาซื้อซ้ำแน่นอน,Yes,8.0,2.48
100423,2939,Somkiat Prasertsak,somkiat.prasertsak941@outlook.com,Pro Speaker 917,Beauty,499.74,6,0.0,2998.44,2023-04-22,Chiang Rai,Udon Thani,COD,Completed,5.0,บริการลูกค้าดีเยี่ยม,No,4.0,1.25
104362,2960,Pranee Thongdee,pranee.thongdee40@outlook.com,Eco Pillow 727,Fashion,227.28,6,10.0,1227.31,2023-06-17,Chiang Mai,Rayong,TrueMoney Wallet,Completed,5.0,,No,12.0,2.48
101904,2312,Somchai Rattanakul,somchai.rattanakul285@outlook.com,Pro Blender 741,Beauty,262.86,9,25.0,1774.31,2023-08-26,Trang,Udon Thani,TrueMoney Wallet,Completed,4.0,,No,2.0,3.58
104561,1593,Orawan Prasertsak,orawan.prasertsak457@hotmail.com,Smart Keyboard 614,Groceries,338.89,9,0.0,3050.01,2023-11-03,Udon Thani,Udon Thani,Installment,Completed,,,No,8.0,3.81
103398,1454,Somkiat Phetcharat,somkiat.phetcharat980@gmail.com,Pro Sneaker 299,Electronics,132.63,3,30.0,278.52,2025-10-01,Surat Thani,Nonthaburi,Installment,Completed,4.0,,No,1.0,0.11
103145,1066,Pranee Panyawong,pranee.panyawong251@yahoo.com,Ultra Backpack 530,Toys,853.96,4,0.0,3415.84,2024-03-13,Bangkok,Khon Kaen,COD,Completed,3.0,,No,8.0,1.24
101565,1887,Nittaya Intharak,nittaya.intharak511@gmail.com,Pro Lamp 643,Groceries,993.71,9,0.0,8943.39,2023-03-21,Sakon Nakhon,Bangkok,Installment,Completed,5.0,ของมาช้ากว่ากำหนด,No,3.0,0.24
103632,1202,Yupin Wattana,yupin.wattana584@yahoo.com,Plus Mouse 950,Automotive,537.21,8,0.0,4297.68,2025-11-30,Nong Khai,Nakhon Ratchasima,PromptPay,Processing,4.0,,No,,0.66
100839,1750,Orawan Prasertsak,orawan.prasertsak948@outlook.com,Mini Desk 728,Sports,385.35,1,20.0,308.28,2023-04-07,Buriram,Chonburi,Installment,Cancelled,4.0,,No,13.0,0.39
100500,1565,Kanya Saelim,kanya.saelim873@yahoo.com,Mini Pillow 232,Groceries,364.02,5,15.0,1547.08,2025-02-14,Surat Thani,Phuket,TrueMoney Wallet,Processing,4.0,,No,7.0,1.56
100141,2495,Rungnapa Rattanakul,rungnapa.rattanakul874@gmail.com,Lite Mouse 173,Sports,111.87,2,0.0,223.74,2025-12-05,Bangkok,Songkhla,Installment,Completed,,,Yes,14.0,0.55
101377,1260,Anucha Phetcharat,anucha.phetcharat252@outlook.com,Ultra Charger 977,Electronics,520.47,9,0.0,4684.23,2025-07-21,Nong Khai,Songkhla,Bank Transfer,Shipped,3.0,,No,11.0,0.67
103747,1870,Thawatchai Wattana,thawatchai.wattana102@outlook.com,Lite Desk 478,Books,191.45,5,10.0,861.52,2025-03-11,Bangkok,Phuket,PromptPay,Completed,,สินค้าดีมาก คุ้มราคา,No,1.0,0.49
102172,2112,Rungnapa Chantra,rungnapa.chantra89@gmail.com,Pro Watch 843,Toys,262.47,9,15.0,2007.9,2023-12-21,Lampang,Chiang Mai,PromptPay,Completed,5.0,,No,9.0,0.51
101138,1545,Chaiyot Intharak,,Eco Bottle 488,Beauty,344.31,7,0.0,2410.17,2024-03-20,Trang,Nakhon Ratchasima,Credit Card,Completed,,สีไม่ตรงตามรูป,Yes,11.0,2.57
102580,2266,Yupin Thongdee,yupin.thongdee35@yahoo.com,Eco Desk 494,Beauty,795.61,6,0.0,4773.66,2024-05-22,Chiang Mai,Rayong,Installment,Shipped,,,Yes,,0.87
101787,1933,Somchai Wongsawat,somchai.wongsawat977@outlook.com,Ultra Pillow 323,Beauty,659.79,5,0.0,3298.95,2023-06-24,Ubon Ratchathani,Phuket,TrueMoney Wallet,Completed,,,No,7.0,
103214,2012,Malee Srisuk,malee.srisuk745@yahoo.com,Smart Watch 780,Sports,528.48,3,0.0,1585.44,2024-08-19,Surat Thani,Rayong,Installment,Shipped,5.0,ของมาช้ากว่ากำหนด,No,9.0,2.16
100550,2377,Somkiat Naruemon,somkiat.naruemon809@hotmail.com,Mini Keyboard 238,Groceries,201.25,3,0.0,603.75,2023-12-04,Nakhon Ratchasima,Khon Kaen,COD,Completed,4.0,แพ็คเกจไม่แน่นหนา,Yes,,2.12
103142,2253,Pichit Srisuk,pichit.srisuk278@gmail.com,Plus Charger 381,Beauty,117.17,4,0.0,468.68,2024-02-03,Nonthaburi,Chonburi,Bank Transfer,Returned,5.0,,Yes,9.0,1.55
102019,1994,Somsri Phetcharat,somsri.phetcharat16@outlook.com,Max Keyboard 954,Home & Living,767.5,3,0.0,2302.5,2024-04-15,Ubon Ratchathani,Bangkok,TrueMoney Wallet,Completed,5.0,สินค้าดีมาก คุ้มราคา,No,6.0,0.29
100948,2909,Pichit Naruemon,pichit.naruemon891@gmail.com,Smart Lamp 146,Home & Living,516.36,7,0.0,3614.52,2023-07-21,Hat Yai,Nakhon Ratchasima,PromptPay,Processing,5.0,บริการลูกค้าดีเยี่ยม,No,7.0,2.25
102290,1865,Kanya Intharak,kanya.intharak394@outlook.com,Mini Wallet 876,Toys,658.32,1,0.0,658.32,2025-05-18,Nong Khai,Khon Kaen,Bank Transfer,Completed,,,Yes,14.0,0.41
100532,1524,Orawan Kaewkla,orawan.kaewkla389@gmail.com,Smart Notebook 864,Groceries,621.49,2,0.0,1242.98,2023-11-03,Lampang,Phuket,PromptPay,Cancelled,,สินค้าดีมาก คุ้มราคา,No,10.0,0.66
101829,1609,Ratana Phetcharat,ratana.phetcharat123@gmail.com,Max Speaker 285,Electronics,804.56,9,0.0,7241.04,2024-04-18,Nakhon Ratchasima,Nonthaburi,PromptPay,Completed,5.0,คุณภาพต่ำกว่าที่คิด,No,4.0,0.68
103631,2759,Orawan Naruemon,orawan.naruemon67@yahoo.com,Pro Backpack 129,Electronics,1749.27,9,0.0,15743.43,2024-04-28,Hat Yai,Udon Thani,Installment,Completed,5.0,,No,2.0,0.56
104441,2384,Suchart Phetcharat,suchart.phetcharat177@outlook.com,Ultra Headphone 810,Health,481.63,5,10.0,2167.34,2024-12-08,Buriram,Khon Kaen,COD,Shipped,3.0,,Yes,2.0,0.71
104791,1482,Orawan Rattanakul,,Lite Speaker 275,Books,488.58,5,25.0,1832.18,2025-05-12,Nong Khai,Phuket,Installment,Processing,4.0,,Yes,5.0,1.85
101602,2454,Prasert Chantra,prasert.chantra940@outlook.com,Lite Headphone 467,Home & Living,1544.33,5,25.0,5791.24,2024-10-23,Krabi,Chonburi,,Shipped,,จะกลับมาซื้อซ้ำแน่นอน,Yes,13.0,1.32
100639,1860,Somsri Wattana,somsri.wattana584@outlook.com,Max Charger 564,Health,659.7,8,20.0,4222.08,2025-12-01,Bangkok,Nonthaburi,COD,Cancelled,1.0,,Yes,14.0,1.7
104856,2785,Niran Chotirat,niran.chotirat426@gmail.com,Pro Chair 364,Books,1008.5,3,0.0,3025.5,2023-10-01,Ubon Ratchathani,Nakhon Ratchasima,Bank Transfer,Cancelled,,จะกลับมาซื้อซ้ำแน่นอน,Yes,2.0,1.74
100967,1675,Wichai Wattana,wichai.wattana93@yahoo.com,Max Speaker 120,Health,88.25,7,25.0,463.31,2024-02-15,Buriram,Chonburi,Installment,Completed,5.0,,Yes,14.0,3.36
104260,2336,Somsri Yodying,somsri.yodying467@yahoo.com,Plus Desk 492,Electronics,180.09,5,0.0,900.45,2024-05-06,Phuket,Chiang Mai,Installment,Completed,5.0,,No,3.0,2.36
102663,1910,Anucha Sukjai,anucha.sukjai427@hotmail.com,Eco Camera 501,Books,337.67,5,10.0,1519.52,2023-05-05,Udon Thani,Chonburi,TrueMoney Wallet,Completed,,,Yes,7.0,3.96
101683,2447,Thawatchai Saelim,thawatchai.saelim768@gmail.com,Smart Desk 412,Beauty,715.25,2,30.0,1001.35,2024-04-15,Hat Yai,Nonthaburi,Credit Card,Processing,5.0,,Yes,8.0,3.74
104776,1340,Somchai Prasertsak,somchai.prasertsak416@outlook.com,Max Sneaker 510,Automotive,487.6,2,30.0,682.64,2023-07-31,Nong Khai,Chiang Mai,COD,Completed,4.0,,No,5.0,0.51
102373,2710,Kanya Chaiyaporn,kanya.chaiyaporn673@hotmail.com,Plus Backpack 859,Electronics,306.82,9,5.0,2623.31,2023-09-04,Phuket,Chiang Mai,Installment,Completed,,สีไม่ตรงตามรูป,No,1.0,0.97
100155,1040,Suchart Sinthop,suchart.sinthop781@outlook.com,Mini Watch 367,Sports,393.75,6,15.0,2008.12,2025-05-13,Pattaya,Udon Thani,,Processing,4.0,,No,,2.34
102521,1089,Chaiyot Rattanakul,chaiyot.rattanakul613@yahoo.com,Plus Wallet 217,Books,1457.06,8,0.0,11656.48,2023-09-17,Krabi,Chonburi,,Shipped,4.0,บริการลูกค้าดีเยี่ยม,Yes,9.0,2.39
102879,2477,Yupin Saelim,yupin.saelim378@yahoo.com,Lite Headphone 711,Books,355.0,9,0.0,3195.0,2023-04-23,Trang,Nakhon Ratchasima,Installment,Completed,4.0,,Yes,9.0,0.38
101089,1623,Somsri Wongsawat,somsri.wongsawat679@gmail.com,Lite Headphone 749,Home & Living,417.0,7,0.0,2919.0,2025-09-28,Khon Kaen,Bangkok,PromptPay,Completed,5.0,,No,3.0,2.01
104895,2887,Ratana Wongsawat,ratana.wongsawat245@outlook.com,Pro Jacket 270,Automotive,131.51,9,0.0,1183.59,2023-04-13,Lampang,Chiang Mai,Bank Transfer,Shipped,3.0,ใช้งานได้ตามที่คาดหวัง,Yes,2.0,0.3
104263,2325,Sombat Thongdee,sombat.thongdee65@hotmail.com,Plus Blender 955,Books,388.19,5,0.0,1940.95,2023-09-29,Lampang,Chiang Mai,PromptPay,Completed,,,,12.0,1.24
100288,1001,Chomphunut Thongdee,chomphunut.thongdee725@gmail.com,Mini Watch 687,Sports,1676.25,5,25.0,6285.94,2024-02-24,Khon Kaen,Phuket,TrueMoney Wallet,Shipped,5.0,โอเคสำหรับราคานี้,No,6.0,0.99
100930,1202,Sombat Naruemon,sombat.naruemon974@hotmail.com,Lite Keyboard 207,Groceries,612.95,3,0.0,1838.85,2023-07-26,Nong Khai,Udon Thani,Installment,Returned,5.0,,Yes,12.0,0.26
102570,1013,Siriporn Panyawong,siriporn.panyawong221@hotmail.com,Smart Jacket 524,Toys,,9,20.0,2831.11,2025-03-05,Udon Thani,Bangkok,Bank Transfer,Shipped,,บริการลูกค้าดีเยี่ยม,No,9.0,1.74
102292,1447,Boonmee Saelim,boonmee.saelim211@outlook.com,Eco Mouse 244,Fashion,1066.59,2,0.0,2133.18,2024-05-10,Lampang,Chiang Mai,Bank Transfer,Shipped,3.0,แพ็คเกจไม่แน่นหนา,No,14.0,0.2
104126,2642,Thawatchai Srisuk,thawatchai.srisuk434@gmail.com,Max Sneaker 924,Fashion,526.24,4,30.0,1473.47,2023-12-23,Nonthaburi,Nonthaburi,Credit Card,Processing,3.0,สินค้าดีมาก คุ้มราคา,No,2.0,0.56
102399,1569,Yupin Srisuk,yupin.srisuk796@outlook.com,Max Pillow 895,Beauty,421.74,5,0.0,2108.7,2023-02-11,Surat Thani,Nonthaburi,PromptPay,Shipped,5.0,,Yes,12.0,1.36
103336,2083,Chatchai Boonmee,chatchai.boonmee167@hotmail.com,Max Jacket 599,Health,309.04,4,0.0,1236.16,2025-07-29,Krabi,Bangkok,TrueMoney Wallet,Returned,4.0,,No,6.0,2.05
100942,2549,Wichai Chaiyaporn,,Pro Desk 317,Electronics,527.39,2,0.0,1054.78,2025-03-23,Surat Thani,Bangkok,TrueMoney Wallet,Shipped,5.0,บริการลูกค้าดีเยี่ยม,Yes,14.0,0.73
103911,2205,Pranee Chotirat,pranee.chotirat717@yahoo.com,Lite Speaker 748,Beauty,325.9,5,30.0,1140.65,2025-10-22,Udon Thani,Udon Thani,Credit Card,Completed,3.0,,Yes,14.0,2.63
104686,1125,Somchai Chotirat,somchai.chotirat55@yahoo.com,Max Mouse 126,Groceries,568.28,5,10.0,2557.26,2025-05-25,Phuket,Phuket,Credit Card,Completed,1.0,,No,3.0,0.84
101698,1946,Duangjai Srisuk,duangjai.srisuk520@yahoo.com,Eco Chair 811,Sports,185.43,8,20.0,1186.75,2023-11-17,Sakon Nakhon,Phuket,Bank Transfer,Completed,4.0,สีไม่ตรงตามรูป,No,8.0,4.32
104732,1124,Rungnapa Saelim,rungnapa.saelim948@outlook.com,Max Keyboard 908,sports,272.54,3,0.0,817.62,2024-04-12,Nong Khai,Bangkok,Credit Card,Shipped,2.0,สีไม่ตรงตามรูป,No,7.0,1.71
102997,2374,Pranee Yodying,,Eco Wallet 859,Beauty,1815.47,5,10.0,8169.62,2025-12-18,,Khon Kaen,Installment,Completed,,สีไม่ตรงตามรูป,Yes,6.0,1.4
102634,2585,Niran Chantra,niran.chantra726@outlook.com,Mini Charger 931,Health,665.64,8,0.0,5325.12,2023-05-26,Lampang,Chiang Mai,COD,Shipped,,,Yes,4.0,0.77
102851,2625,Wilai Boonmee,wilai.boonmee206@hotmail.com,Lite Chair 756,Health,878.65,6,0.0,5271.9,2024-04-25,Nong Khai,Nakhon Ratchasima,PromptPay,Processing,,สีไม่ตรงตามรูป,Yes,10.0,3.94
100985,2747,Somsri Panyawong,somsri.panyawong605@hotmail.com,Eco Sneaker 472,Beauty,979.05,7,25.0,5140.01,2023-08-10,Buriram,Udon Thani,Bank Transfer,Completed,,โอเคสำหรับราคานี้,No,2.0,1.94
104475,1700,Duangjai Intharak,duangjai.intharak876@outlook.com,Mini Speaker 410,Home & Living,840.61,2,0.0,1681.22,2024-10-21,Nakhon Ratchasima,Nonthaburi,Bank Transfer,Shipped,,สินค้าดีมาก คุ้มราคา,No,,0.21
102218,2137,Pranee Phetcharat,pranee.phetcharat613@gmail.com,Max Sneaker 310,Home & Living,185.27,3,20.0,444.65,2024-03-09,Nong Khai,Phuket,Bank Transfer,Shipped,4.0,,No,6.0,
102254,2690,Malee Chaiyaporn,malee.chaiyaporn300@hotmail.com,Pro Keyboard 109,Automotive,391.6,8,0.0,3132.8,2025-11-28,Trang,Phuket,Bank Transfer,Completed,,,No,14.0,2.19
104801,2787,Orawan Yodying,orawan.yodying809@hotmail.com,Ultra Mouse 345,Electronics,866.65,9,,7019.86,2023-01-10,Buriram,Nakhon Ratchasima,COD,Processing,,,Yes,,1.21
100981,1958,Anan Kaewkla,anan.kaewkla131@yahoo.com,Smart Headphone 497,Toys,959.64,6,0.0,5757.84,2023-10-11,Buriram,Songkhla,Credit Card,Completed,4.0,,No,4.0,0.46
102526,1105,Chomphunut Rattanakul,chomphunut.rattanakul430@outlook.com,Mini Watch 219,Beauty,604.5,3,0.0,1813.5,2023-09-02,Bangkok,Songkhla,TrueMoney Wallet,Shipped,5.0,สีไม่ตรงตามรูป,No,8.0,1.87
102586,1684,Chaiyot Chantra,chaiyot.chantra79@gmail.com,Smart Chair 351,Home & Living,97.13,6,5.0,553.64,2024-08-04,Nakhon Si Thammarat,Rayong,COD,Completed,,คุณภาพต่ำกว่าที่คิด,No,,1.89
103204,1285,Niran Meesuk,niran.meesuk805@hotmail.com,Pro Headphone 269,Fashion,996.09,4,0.0,3984.36,2025-01-04,Nonthaburi,Phuket,Credit Card,Shipped,5.0,ส่งไวมาก ประทับใจ,No,,1.13
103733,1131,Nittaya Sukjai,nittaya.sukjai541@gmail.com,Max Wallet 195,Fashion,564.75,5,0.0,2823.75,2023-03-20,Krabi,Phuket,Credit Card,Completed,5.0,,No,11.0,5.81
103575,1780,Kanya Sukjai,kanya.sukjai331@gmail.com,Max Wallet 575,Books,666.72,7,15.0,3966.98,2023-04-17,Chiang Mai,Rayong,Credit Card,Completed,5.0,คุณภาพต่ำกว่าที่คิด,No,12.0,2.75
103898,1617,Chaiyot Chotirat,chaiyot.chotirat208@hotmail.com,Smart Pillow 920,Health,825.25,9,0.0,7427.25,2023-03-19,Lampang,Khon Kaen,,Completed,,สินค้าดีมาก คุ้มราคา,No,13.0,4.36
101457,1144,Somsri Kaewkla,somsri.kaewkla720@gmail.com,Mini Sneaker 910,Groceries,263.72,7,10.0,1661.44,2023-05-22,Nakhon Ratchasima,Rayong,COD,Completed,5.0,,No,14.0,0.66
101395,2573,Malee Sukjai,malee.sukjai492@outlook.com,Eco Pillow 924,Home & Living,1019.97,7,20.0,5711.83,2025-03-28,Sakon Nakhon,Bangkok,TrueMoney Wallet,Completed,2.0,,No,7.0,1.56
100264,2850,Prasert Chaiyaporn,prasert.chaiyaporn221@hotmail.com,Pro Backpack 297,Fashion,321.9,3,,965.7,2025-05-12,Pattaya,Khon Kaen,Installment,Completed,2.0,,Yes,2.0,2.06
104622,1222,Pranee Thongdee,pranee.thongdee828@hotmail.com,Lite Sneaker 262,Fashion,409.97,6,0.0,2459.82,2023-09-22,Nakhon Ratchasima,Phuket,TrueMoney Wallet,Completed,4.0,คุณภาพต่ำกว่าที่คิด,Yes,1.0,0.97
100929,2236,Anan Kaewkla,anan.kaewkla890@yahoo.com,Ultra Keyboard 692,Automotive,906.83,8,5.0,6891.91,2024-03-19,Chiang Rai,Rayong,PromptPay,Cancelled,3.0,แพ็คเกจไม่แน่นหนา,No,11.0,1.05
103103,1458,Anan Sinthop,anan.sinthop578@yahoo.com,Pro Wallet 256,Books,510.29,3,10.0,1377.78,2025-04-27,Chiang Mai,Udon Thani,TrueMoney Wallet,Completed,,,Yes,9.0,1.9
102178,2290,Ploy Kaewkla,ploy.kaewkla582@gmail.com,Mini Headphone 117,Fashion,698.69,4,10.0,2515.28,2024-07-24,Trang,Khon Kaen,Installment,Completed,4.0,,Yes,7.0,2.62
104677,2692,Nittaya Intharak,nittaya.intharak259@outlook.com,Mini Blender 576,Fashion,1193.88,6,0.0,7163.28,2025-07-08,Lampang,Khon Kaen,Installment,Completed,1.0,บริการลูกค้าดีเยี่ยม,No,14.0,0.49
100246,1632,Prasert Thongdee,prasert.thongdee133@gmail.com,Mini Lamp 652,Electronics,263.99,5,20.0,1055.96,2024-04-24,Nonthaburi,Chonburi,Installment,Completed,,,No,8.0,
103639,1859,Suree Panyawong,suree.panyawong339@hotmail.com,Mini Lamp 602,Books,517.43,4,0.0,2069.72,2023-09-16,Krabi,Chonburi,PromptPay,Completed,,คุณภาพต่ำกว่าที่คิด,No,3.0,2.84
101758,1329,Pranee Kaewkla,pranee.kaewkla828@hotmail.com,Eco Blender 769,Health,1702.36,9,0.0,15321.24,2024-01-01,Chiang Rai,Phuket,COD,Completed,5.0,สินค้าดีมาก คุ้มราคา,,12.0,1.35
104889,1115,Boonmee Phetcharat,,Plus Keyboard 832,Electronics,780.99,3,25.0,1757.23,2023-12-01,Chiang Rai,Chiang Mai,COD,Processing,,ใช้งานได้ตามที่คาดหวัง,No,2.0,1.78
102850,1360,Pranee Kaewkla,pranee.kaewkla1@hotmail.com,Pro Pillow 145,Toys,103.83,3,30.0,218.04,2025-03-06,Nakhon Si Thammarat,Songkhla,COD,Processing,3.0,,Yes,9.0,1.63
100923,1172,Wichai Naruemon,wichai.naruemon895@yahoo.com,Ultra Charger 759,Home & Living,976.51,8,10.0,7030.87,2025-06-26,Ubon Ratchathani,Chonburi,Bank Transfer,Completed,2.0,,Yes,,0.92
102550,2107,Wichai Boonmee,wichai.boonmee316@outlook.com,Lite Wallet 672,Health,1099.93,5,0.0,5499.65,2025-10-18,Nakhon Si Thammarat,Nakhon Ratchasima,Bank Transfer,Processing,4.0,,No,14.0,0.65
100268,2495,Ratana Wattana,ratana.wattana70@gmail.com,Lite Mouse 174,Sports,418.51,2,0.0,837.02,2024-11-16,Nong Khai,Chiang Mai,Installment,Returned,5.0,สีไม่ตรงตามรูป,No,12.0,0.3
100669,2277,Thawatchai Kaewkla,thawatchai.kaewkla620@hotmail.com,Pro Lamp 145,Sports,166.47,3,5.0,474.44,2025-03-15,Khon Kaen,Rayong,Bank Transfer,Returned,,,No,9.0,3.49
102817,2518,Boonmee Srisuk,boonmee.srisuk891@gmail.com,Max Bottle 797,Health,1126.93,8,25.0,6761.58,2025-05-20,Bangkok,Songkhla,Credit Card,Cancelled,3.0,คุณภาพต่ำกว่าที่คิด,Yes,9.0,11.37
101910,2762,Malee Prasertsak,malee.prasertsak247@gmail.com,Smart Charger 698,Fashion,372.93,8,0.0,2983.44,2024-10-06,Lampang,Nakhon Ratchasima,Bank Transfer,Shipped,4.0,ส่งไวมาก ประทับใจ,No,10.0,1.07
103027,2141,Chatchai Sinthop,chatchai.sinthop410@yahoo.com,Max Headphone 360,Sports,522.42,8,5.0,3970.39,2025-03-06,Phuket,Khon Kaen,TrueMoney Wallet,Shipped,4.0,,Yes,7.0,2.45
101152,2206,Duangjai Kaewkla,duangjai.kaewkla534@hotmail.com,Max Sneaker 493,Groceries,127.3,3,0.0,381.9,2024-10-30,Krabi,Songkhla,COD,Completed,4.0,บริการลูกค้าดีเยี่ยม,No,14.0,3.95
104841,2017,Pichit Yodying,pichit.yodying401@hotmail.com,Ultra Camera 120,Automotive,127.47,4,0.0,509.88,2023-07-20,Buriram,Udon Thani,Bank Transfer,Cancelled,,,Yes,1.0,1.43
103501,1844,Suchart Phetcharat,suchart.phetcharat973@gmail.com,Lite Blender 910,Fashion,429.31,4,25.0,1287.93,2025-08-28,Lampang,Chonburi,COD,Shipped,,แพ็คเกจไม่แน่นหนา,Yes,8.0,0.31
104264,2677,Chaiyot Chantra,chaiyot.chantra221@gmail.com,Plus Watch 229,Toys,176.81,4,5.0,671.88,2024-10-31,Lampang,Udon Thani,TrueMoney Wallet,Shipped,,คุณภาพต่ำกว่าที่คิด,Yes,10.0,0.19
103929,1689,Duangjai Sinthop,duangjai.sinthop139@yahoo.com,Max Jacket 412,Sports,223.91,1,30.0,156.74,2025-07-05,Chiang Mai,Chiang Mai,Bank Transfer,Shipped,4.0,,Yes,13.0,2.13
102201,1974,Rungnapa Phetcharat,rungnapa.phetcharat874@yahoo.com,Max Chair 494,Toys,403.73,7,15.0,2402.19,2024-08-07,Chiang Mai,Khon Kaen,Installment,Completed,5.0,แพ็คเกจไม่แน่นหนา,Yes,4.0,0.63
103024,1140,Ploy Phetcharat,ploy.phetcharat507@outlook.com,Eco Chair 508,Sports,605.02,6,5.0,3448.61,2023-02-23,Surat Thani,Phuket,COD,Completed,5.0,,No,10.0,0.77
101915,2530,Somkiat Kaewkla,somkiat.kaewkla361@yahoo.com,Lite Chair 345,Groceries,345.64,8,0.0,2765.12,2024-04-04,Nong Khai,Nakhon Ratchasima,Credit Card,Completed,3.0,แพ็คเกจไม่แน่นหนา,No,7.0,3.8
100612,2853,Yupin Wongsawat,yupin.wongsawat741@hotmail.com,Lite Lamp 987,Groceries,796.56,2,5.0,1513.46,2024-02-03,Udon Thani,Khon Kaen,Bank Transfer,Completed,3.0,,Yes,6.0,0.52
102437,1898,Niran Meesuk,niran.meesuk156@gmail.com,Mini Keyboard 426,Groceries,930.63,8,0.0,7445.04,2024-08-16,Nong Khai,Udon Thani,Credit Card,Shipped,4.0,สินค้าดีมาก คุ้มราคา,Yes,12.0,1.56
103836,1836,Chatchai Kaewkla,chatchai.kaewkla578@gmail.com,Max Camera 767,Books,1006.88,9,0.0,9061.92,2023-06-11,Bangkok,Phuket,Installment,Completed,3.0,สินค้าดีมาก คุ้มราคา,No,11.0,0.15
101898,1622,Thawatchai Sukjai,thawatchai.sukjai937@hotmail.com,Eco Bottle 488,Groceries,382.73,4,15.0,1301.28,2024-08-12,Nakhon Si Thammarat,Phuket,TrueMoney Wallet,Completed,4.0,,No,13.0,0.78
101649,2492,Rungnapa Naruemon,rungnapa.naruemon270@gmail.com,Mini Headphone 726,Fashion,256.07,9,,2304.63,2025-06-20,Chiang Rai,Phuket,Credit Card,Processing,5.0,โอเคสำหรับราคานี้,No,7.0,0.39
104759,1304,Ratana Panyawong,ratana.panyawong430@yahoo.com,Eco Keyboard 147,Groceries,983.88,6,0.0,5903.28,2025-09-19,Ubon Ratchathani,Bangkok,PromptPay,Cancelled,,,No,3.0,1.54
100258,2248,Chatchai Prasertsak,chatchai.prasertsak311@yahoo.com,Ultra Blender 896,Beauty,2041.54,5,,8166.16,2025-03-13,Lampang,Nonthaburi,COD,Shipped,5.0,,No,12.0,0.61
100847,2253,Suree Srisuk,suree.srisuk199@outlook.com,Mini Speaker 326,Fashion,399.86,5,30.0,1399.51,2024-03-06,Chiang Rai,Songkhla,COD,Completed,5.0,ส่งไวมาก ประทับใจ,Yes,7.0,1.19
104274,2138,Sombat Yodying,,Smart Jacket 849,Books,417.29,8,10.0,3004.49,2023-03-27,Buriram,Nonthaburi,Credit Card,Completed,,,Yes,14.0,1.39
101233,2335,Boonmee Panyawong,,Smart Pillow 470,Toys,670.14,1,5.0,636.63,2023-02-11,Bangkok,Bangkok,COD,Completed,5.0,ใช้งานได้ตามที่คาดหวัง,No,9.0,4.26
101127,1796,Wilai Sukjai,wilai.sukjai180@yahoo.com,Eco Keyboard 369,Books,932.41,5,0.0,4662.05,2024-09-01,Nonthaburi,Khon Kaen,PromptPay,Completed,4.0,จะกลับมาซื้อซ้ำแน่นอน,Yes,1.0,0.86
101967,1373,Kittisak Srisuk,kittisak.srisuk501@hotmail.com,Max Headphone 983,Toys,911.61,7,0.0,6381.27,2025-12-26,Krabi,Nonthaburi,COD,Returned,,สีไม่ตรงตามรูป,No,12.0,2.35
100558,2721,Yupin Thongdee,yupin.thongdee172@outlook.com,Eco Headphone 164,Fashion,537.52,6,0.0,3225.12,2025-08-07,Nonthaburi,Chonburi,PromptPay,Completed,4.0,ของมาช้ากว่ากำหนด,Yes,9.0,3.28
103957,2622,Suchart Intharak,suchart.intharak714@outlook.com,Mini Camera 574,Beauty,742.36,8,20.0,4751.1,2024-05-08,Lampang,Chonburi,COD,Completed,,,No,,0.65
100484,1606,Thawatchai Kaewkla,thawatchai.kaewkla319@hotmail.com,Mini Sneaker 433,Electronics,200.8,2,0.0,401.6,2025-11-27,Nonthaburi,Phuket,Installment,Completed,5.0,,No,8.0,
102211,2339,Suree Srisuk,suree.srisuk143@hotmail.com,Eco Desk 524,Health,435.1,7,20.0,2436.56,2023-03-31,Rayong,Songkhla,PromptPay,Completed,5.0,,Yes,1.0,5.76
101320,1542,Siriporn Prasertsak,siriporn.prasertsak576@outlook.com,Lite Keyboard 976,Books,426.07,4,0.0,1704.28,2023-01-19,Lampang,Nonthaburi,Credit Card,Completed,4.0,,No,6.0,
102384,2627,Sombat Thongdee,,Smart Wallet 563,Fashion,449.33,2,15.0,763.86,2024-05-05,Nakhon Si Thammarat,Nonthaburi,TrueMoney Wallet,Processing,5.0,ส่งไวมาก ประทับใจ,No,,0.14
100007,2044,Somchai Boonmee,somchai.boonmee754@yahoo.com,Pro Notebook 170,Toys,256.99,6,0.0,1541.94,2024-12-12,Buriram,Phuket,COD,Returned,5.0,,Yes,1.0,0.93
104444,2110,Somsri Chantra,somsri.chantra879@hotmail.com,Pro Chair 410,Books,,7,30.0,2113.96,2023-03-03,Surat Thani,Nakhon Ratchasima,COD,Completed,,ส่งไวมาก ประทับใจ,No,4.0,0.15
103622,1660,Wichai Thongdee,wichai.thongdee589@gmail.com,Ultra Charger 238,Automotive,502.54,3,10.0,1356.86,2024-05-15,Bangkok,Bangkok,Installment,Completed,,,Yes,5.0,0.22
101450,1421,Suree Wongsawat,suree.wongsawat393@outlook.com,Plus Sneaker 973,Health,1114.13,7,0.0,7798.91,2025-07-12,Nakhon Si Thammarat,Khon Kaen,Bank Transfer,Cancelled,4.0,โอเคสำหรับราคานี้,Yes,14.0,0.12
104198,1985,Sombat Meesuk,sombat.meesuk522@hotmail.com,Ultra Lamp 548,Home & Living,887.64,6,0.0,5325.84,2024-03-23,Nakhon Si Thammarat,Rayong,COD,Processing,5.0,ส่งไวมาก ประทับใจ,No,6.0,1.88
101814,1551,Chaiyot Yodying,chaiyot.yodying582@yahoo.com,Mini Mouse 304,Toys,479.59,1,0.0,479.59,2025-10-27,Phuket,Chiang Mai,Installment,Cancelled,,,Yes,6.0,2.42
100773,2803,Wichai Yodying,wichai.yodying239@gmail.com,Smart Camera 659,Toys,446.71,4,0.0,1786.84,2023-07-18,Ubon Ratchathani,Bangkok,PromptPay,Completed,4.0,ใช้งานได้ตามที่คาดหวัง,No,4.0,1.2
101011,2824,Yupin Chantra,yupin.chantra745@outlook.com,Eco Backpack 426,Books,96.11,3,0.0,288.33,2024-07-27,Udon Thani,Phuket,Credit Card,Returned,5.0,,No,4.0,2.67
102858,1574,Thawatchai Chantra,thawatchai.chantra6@outlook.com,Ultra Notebook 123,Home & Living,0.0,2,0.0,420.8,2025-09-08,Pattaya,Rayong,PromptPay,Completed,5.0,ของมาช้ากว่ากำหนด,No,8.0,0.44
102481,1101,Wichai Wattana,wichai.wattana992@yahoo.com,Smart Headphone 668,Home & Living,403.92,2,25.0,605.88,2024-12-06,Nakhon Ratchasima,Chiang Mai,Bank Transfer,Shipped,,,No,6.0,0.42
101991,1249,Ploy Panyawong,ploy.panyawong366@outlook.com,Smart Lamp 804,Home & Living,698.85,3,15.0,1782.07,2023-02-16,Pattaya,Chiang Mai,Credit Card,Shipped,,,No,2.0,2.73
101277,1033,Kittisak Saelim,kittisak.saelim1@gmail.com,Mini Chair 189,Home & Living,594.4,7,10.0,3744.72,2023-05-23,Nong Khai,Rayong,Bank Transfer,Completed,,,Yes,8.0,3.06
101783,1395,Suree Wattana,suree.wattana203@yahoo.com,Lite Lamp 968,Fashion,207.54,3,15.0,529.23,2024-04-07,Nong Khai,Khon Kaen,PromptPay,Cancelled,5.0,,No,,2.55
103148,1380,Malee Intharak,malee.intharak234@outlook.com,Plus Bottle 446,Sports,175.26,6,30.0,736.09,2025-09-30,Khon Kaen,Rayong,Bank Transfer,Completed,5.0,,No,,0.81
100446,2799,Suree Yodying,suree.yodying967@gmail.com,Lite Charger 477,Books,920.93,2,5.0,1749.77,2025-06-30,Chiang Rai,Phuket,Installment,Returned,,บริการลูกค้าดีเยี่ยม,Yes,4.0,1.72
100880,1444,Malee Sukjai,malee.sukjai716@yahoo.com,Plus Keyboard 450,Fashion,302.4,3,0.0,907.2,2024-01-02,,Phuket,Credit Card,Completed,5.0,,Yes,13.0,1.73
104482,1554,Rungnapa Srisuk,rungnapa.srisuk258@yahoo.com,Max Camera 756,Beauty,1067.22,8,0.0,8537.76,2024-10-25,Surat Thani,Songkhla,COD,Shipped,,,No,13.0,1.66
100781,2821,Wilai Chaiyaporn,,Plus Wallet 381,Fashion,787.06,2,0.0,1574.12,2024-03-29,Ubon Ratchathani,Khon Kaen,Credit Card,Completed,,,Yes,8.0,3.87
101749,2523,Suree Saelim,suree.saelim507@yahoo.com,Pro Bottle 147,Beauty,356.23,8,0.0,,2025-02-11,Nakhon Si Thammarat,Songkhla,TrueMoney Wallet,Cancelled,,,Yes,4.0,3.99
103434,1702,Thawatchai Intharak,thawatchai.intharak262@yahoo.com,Eco Watch 424,Home & Living,179.64,7,10.0,1131.73,2023-06-03,Nakhon Si Thammarat,Chiang Mai,COD,Completed,5.0,ส่งไวมาก ประทับใจ,Yes,9.0,0.5
104906,2724,Chomphunut Naruemon,chomphunut.naruemon948@outlook.com,Max Charger 176,Home & Living,319.17,1,0.0,319.17,2024-10-31,Nakhon Ratchasima,Nakhon Ratchasima,PromptPay,Completed,3.0,,No,1.0,0.58
100883,1166,Anucha Intharak,anucha.intharak2@gmail.com,Eco Desk 458,Books,1739.63,9,,15656.67,2025-02-12,Ubon Ratchathani,Chonburi,Credit Card,Shipped,1.0,สินค้าดีมาก คุ้มราคา,No,11.0,0.73
102406,2855,Ratana Sinthop,ratana.sinthop518@hotmail.com,Ultra Sneaker 141,Toys,575.7,3,0.0,1727.1,2024-12-27,Lampang,Khon Kaen,Credit Card,Processing,2.0,,No,2.0,0.81
101091,2326,Yupin Chaiyaporn,yupin.chaiyaporn193@hotmail.com,Ultra Charger 422,Groceries,119.77,5,,568.91,2025-02-19,Udon Thani,Nonthaburi,Credit Card,Completed,,,No,,
103189,1514,Thawatchai Intharak,thawatchai.intharak184@gmail.com,Ultra Watch 757,Fashion,269.71,5,0.0,1348.55,2023-05-28,Khon Kaen,Khon Kaen,Credit Card,Completed,1.0,สินค้าดีมาก คุ้มราคา,Yes,6.0,0.16
100531,1407,Wilai Chotirat,wilai.chotirat22@hotmail.com,Eco Watch 758,Home & Living,519.34,1,0.0,519.34,2023-08-17,Pattaya,Phuket,TrueMoney Wallet,Completed,4.0,,No,8.0,1.52
104075,2450,Pranee Saelim,pranee.saelim347@yahoo.com,Max Backpack 992,Health,179.44,8,0.0,1435.52,2025-09-20,Bangkok,Khon Kaen,,Returned,5.0,,Yes,3.0,3.06
103370,2283,Kittisak Srisuk,kittisak.srisuk760@hotmail.com,Eco Headphone 893,Home & Living,828.3,1,0.0,828.3,2025-08-19,Krabi,Khon Kaen,Credit Card,Processing,5.0,แพ็คเกจไม่แน่นหนา,No,5.0,0.41
104120,2023,Wichai Srisuk,wichai.srisuk844@hotmail.com,Lite Bottle 803,Groceries,510.21,6,10.0,2755.13,2025-10-11,Lampang,Udon Thani,TrueMoney Wallet,Completed,5.0,คุณภาพต่ำกว่าที่คิด,Yes,2.0,1.86
101727,1327,Chomphunut Sukjai,chomphunut.sukjai644@hotmail.com,Eco Chair 745,Books,940.95,3,0.0,2822.85,2024-05-16,Pattaya,Phuket,PromptPay,Completed,4.0,,No,1.0,1.24
100610,2497,Chaiyot Naruemon,chaiyot.naruemon887@outlook.com,Pro Notebook 849,Automotive,394.12,2,0.0,788.24,2025-07-29,Hat Yai,Phuket,Bank Transfer,Completed,3.0,,No,5.0,1.26
100570,2806,Sombat Yodying,sombat.yodying463@hotmail.com,Ultra Desk 415,Toys,354.23,5,0.0,1771.15,2023-06-25,Nonthaburi,Chiang Mai,Bank Transfer,Completed,4.0,ของมาช้ากว่ากำหนด,No,12.0,1.54
104291,2570,Ratana Chotirat,ratana.chotirat744@hotmail.com,Ultra Jacket 239,Groceries,621.76,3,0.0,1865.28,2023-08-23,Trang,Songkhla,Bank Transfer,Completed,4.0,ใช้งานได้ตามที่คาดหวัง,No,12.0,1.08
104600,2628,Pichit Kaewkla,pichit.kaewkla875@hotmail.com,Pro Sneaker 958,Fashion,181.76,5,20.0,727.04,2023-04-24,Chiang Rai,Phuket,Installment,Completed,3.0,,Yes,2.0,8.96
100343,2734,Anan Sukjai,anan.sukjai551@outlook.com,Max Speaker 155,Home & Living,527.31,6,5.0,3005.67,2023-07-21,Nakhon Ratchasima,Khon Kaen,COD,Shipped,4.0,ของมาช้ากว่ากำหนด,No,7.0,1.61
103740,2013,Suree Saelim,suree.saelim395@hotmail.com,Max Keyboard 990,Home & Living,330.31,3,,693.65,2024-03-21,Udon Thani,Chiang Mai,,Shipped,,,No,4.0,0.74
103182,1911,Prasert Chantra,prasert.chantra350@yahoo.com,Plus Lamp 463,Books,233.12,7,5.0,1550.25,2024-03-09,Chiang Rai,Phuket,Installment,Completed,5.0,,No,14.0,0.74
100434,1954,Chomphunut Sinthop,chomphunut.sinthop338@yahoo.com,Eco Bottle 652,Sports,910.53,9,0.0,8194.77,2023-04-05,Bangkok,Rayong,Credit Card,Completed,3.0,ของมาช้ากว่ากำหนด,No,5.0,1.9
101903,2335,Somkiat Naruemon,somkiat.naruemon193@gmail.com,Ultra Charger 917,Sports,560.62,5,0.0,2803.1,2025-06-22,Pattaya,Khon Kaen,PromptPay,Processing,4.0,,No,8.0,1.98
104685,2498,Niran Chaiyaporn,niran.chaiyaporn303@yahoo.com,Ultra Camera 137,Toys,626.89,5,0.0,3134.45,2023-07-04,Bangkok,Bangkok,COD,Shipped,4.0,แพ็คเกจไม่แน่นหนา,Yes,12.0,2.89
102417,2083,Duangjai Rattanakul,duangjai.rattanakul25@hotmail.com,Smart Notebook 107,Groceries,252.77,7,0.0,1769.39,2024-12-09,Nakhon Si Thammarat,Bangkok,TrueMoney Wallet,Completed,4.0,สินค้าดีมาก คุ้มราคา,No,6.0,0.78
102069,1244,Somsri Sukjai,somsri.sukjai55@outlook.com,Pro Pillow 436,Automotive,1103.41,2,10.0,1986.14,2023-05-27,Nakhon Ratchasima,Songkhla,COD,Completed,,,No,5.0,2.27
101537,2865,Suree Rattanakul,suree.rattanakul323@outlook.com,Ultra Bottle 157,Groceries,931.93,8,0.0,7455.44,2024-08-10,Trang,Nonthaburi,Credit Card,Cancelled,5.0,,No,5.0,0.71
102282,2548,Prasert Naruemon,prasert.naruemon857@gmail.com,Ultra Lamp 237,Sports,556.41,4,10.0,2003.08,2023-12-25,Nonthaburi,Bangkok,Bank Transfer,Processing,4.0,,No,,3.72
102377,2482,Prasert Chantra,prasert.chantra579@outlook.com,Plus Charger 230,Health,567.03,2,5.0,1077.36,2024-01-07,Udon Thani,Chonburi,PromptPay,Processing,,ใช้งานได้ตามที่คาดหวัง,No,4.0,0.93
101517,2284,Ploy Yodying,ploy.yodying80@yahoo.com,Ultra Backpack 267,Automotive,628.39,2,0.0,1256.78,2023-06-09,Surat Thani,Bangkok,TrueMoney Wallet,Completed,,โอเคสำหรับราคานี้,No,2.0,0.64
100965,2145,Orawan Chantra,orawan.chantra682@hotmail.com,Ultra Jacket 437,Automotive,1042.29,2,5.0,1980.35,2024-02-10,Bangkok,Nakhon Ratchasima,Bank Transfer,Completed,,,Yes,,4.05
104429,1539,Wilai Meesuk,wilai.meesuk137@outlook.com,Pro Headphone 839,Sports,98.62,5,0.0,493.1,2023-03-01,Nonthaburi,Khon Kaen,Installment,Completed,4.0,,Yes,3.0,2.58
100528,2890,Boonmee Sukjai,boonmee.sukjai23@hotmail.com,Smart Camera 700,Electronics,226.26,9,0.0,2036.34,2025-09-19,Nakhon Ratchasima,Songkhla,Installment,Completed,5.0,,Yes,9.0,0.88
100176,1612,Chaiyot Rattanakul,chaiyot.rattanakul789@gmail.com,Smart Bottle 346,Health,523.29,7,15.0,3113.58,2023-03-21,Udon Thani,Phuket,Installment,Completed,4.0,สินค้าดีมาก คุ้มราคา,No,8.0,0.22
104227,1930,Anucha Meesuk,anucha.meesuk970@outlook.com,Lite Watch 235,Books,308.57,4,10.0,1110.85,2025-03-24,Chiang Rai,Rayong,Installment,Returned,2.0,,No,7.0,1.18
102887,2354,Nittaya Sukjai,nittaya.sukjai446@gmail.com,Pro Watch 559,Sports,342.85,9,10.0,2777.08,2023-05-11,Ubon Ratchathani,Phuket,PromptPay,Completed,3.0,,Yes,5.0,0.5
104320,2096,Chaiyot Panyawong,chaiyot.panyawong501@gmail.com,Smart Sneaker 582,Automotive,138.02,4,0.0,552.08,2024-11-21,Krabi,Khon Kaen,COD,Cancelled,,ของมาช้ากว่ากำหนด,Yes,6.0,0.44
100572,2002,Anucha Chantra,anucha.chantra314@outlook.com,Eco Mouse 854,Home & Living,1326.67,6,20.0,6368.02,2023-02-03,Hat Yai,Khon Kaen,Bank Transfer,Completed,4.0,,No,8.0,2.98
102330,2143,Yupin Intharak,yupin.intharak419@gmail.com,Eco Wallet 363,Toys,250.03,9,20.0,1800.22,2025-03-19,Sakon Nakhon,Nonthaburi,COD,Completed,4.0,ใช้งานได้ตามที่คาดหวัง,No,1.0,0.16
104990,1935,Wichai Wongsawat,wichai.wongsawat729@gmail.com,Pro Watch 228,Electronics,647.96,9,0.0,5831.64,2024-09-29,Bangkok,Bangkok,COD,Shipped,4.0,,Yes,,4.11
103626,2383,Orawan Prasertsak,orawan.prasertsak23@outlook.com,Lite Camera 938,Electronics,130.3,9,15.0,996.8,2024-09-28,Udon Thani,Phuket,Installment,Cancelled,,สีไม่ตรงตามรูป,No,,0.16
103256,1041,Nittaya Intharak,nittaya.intharak571@yahoo.com,Plus Blender 407,Toys,305.76,7,0.0,2140.32,2024-04-16,Chiang Rai,Nonthaburi,COD,Completed,5.0,,No,2.0,0.73
102619,1861,Sombat Chotirat,sombat.chotirat86@hotmail.com,Eco Blender 646,Books,698.53,1,0.0,698.53,2023-05-10,Nakhon Si Thammarat,Chonburi,TrueMoney Wallet,Returned,4.0,แพ็คเกจไม่แน่นหนา,Yes,12.0,2.07
102208,1913,Chaiyot Kaewkla,chaiyot.kaewkla432@yahoo.com,Plus Watch 586,Sports,222.64,8,25.0,1335.84,2024-12-17,Chiang Mai,Udon Thani,PromptPay,Completed,,ส่งไวมาก ประทับใจ,No,13.0,0.34
102600,1548,Pranee Yodying,,Lite Chair 810,Beauty,719.34,7,0.0,5035.38,2024-06-14,Nong Khai,Chonburi,PromptPay,Shipped,,,No,8.0,1.02
102794,1918,Somchai Naruemon,somchai.naruemon266@outlook.com,Lite Headphone 183,Home & Living,620.74,4,15.0,2110.52,2024-01-23,Nakhon Ratchasima,Rayong,PromptPay,Completed,5.0,จะกลับมาซื้อซ้ำแน่นอน,Yes,10.0,1.15
100383,1207,Nittaya Srisuk,nittaya.srisuk848@yahoo.com,Plus Mouse 309,Beauty,206.62,9,5.0,,2025-10-30,Ubon Ratchathani,Chonburi,TrueMoney Wallet,Completed,,ของมาช้ากว่ากำหนด,Yes,9.0,0.95
100852,1169,Siriporn Kaewkla,siriporn.kaewkla714@gmail.com,Lite Headphone 888,Books,1006.24,2,0.0,2012.48,2025-10-27,Rayong,Khon Kaen,TrueMoney Wallet,Processing,5.0,,,11.0,1.67
101880,2315,Somkiat Yodying,somkiat.yodying792@outlook.com,Ultra Sneaker 743,Automotive,663.23,7,0.0,4642.61,2023-12-27,Udon Thani,Bangkok,,Completed,,,Yes,9.0,0.16
100370,1896,Wilai Intharak,wilai.intharak17@hotmail.com,Max Charger 868,Beauty,383.69,9,5.0,3280.55,2025-12-29,Sakon Nakhon,Rayong,Installment,Completed,,,No,3.0,0.61
102409,1791,Suchart Naruemon,suchart.naruemon922@hotmail.com,Pro Lamp 733,Books,824.47,3,0.0,2473.41,2024-03-12,Udon Thani,Chiang Mai,Installment,Shipped,,,No,6.0,0.81
104346,1820,Kittisak Prasertsak,kittisak.prasertsak11@yahoo.com,Mini Watch 796,Groceries,403.76,1,0.0,403.76,2024-08-20,Surat Thani,Songkhla,Credit Card,Shipped,5.0,,Yes,14.0,0.85
101105,1805,Ploy Kaewkla,ploy.kaewkla549@hotmail.com,Lite Mouse 709,Automotive,393.36,3,15.0,1003.07,2025-04-09,Sakon Nakhon,Khon Kaen,Bank Transfer,Completed,5.0,,Yes,,1.9
102607,2737,Somkiat Thongdee,somkiat.thongdee782@gmail.com,Max Desk 985,Groceries,401.97,7,20.0,2251.03,2023-09-20,Lampang,Nakhon Ratchasima,Credit Card,Shipped,3.0,ส่งไวมาก ประทับใจ,No,5.0,1.23
103998,1609,Duangjai Wattana,duangjai.wattana481@yahoo.com,Max Wallet 566,Home & Living,615.04,1,0.0,615.04,2024-06-03,Nong Khai,Rayong,TrueMoney Wallet,Completed,,คุณภาพต่ำกว่าที่คิด,No,1.0,1.7
101336,2629,Duangjai Chaiyaporn,duangjai.chaiyaporn950@hotmail.com,Lite Pillow 730,Automotive,115.65,9,0.0,1040.85,2024-06-02,Surat Thani,Nonthaburi,Installment,Completed,4.0,,No,14.0,0.23
102189,2355,Somsri Srisuk,somsri.srisuk583@gmail.com,Mini Wallet 649,Groceries,261.02,3,0.0,783.06,2025-04-11,Phuket,Rayong,Bank Transfer,Cancelled,4.0,บริการลูกค้าดีเยี่ยม,No,5.0,1.86
104617,2380,Chaiyot Naruemon,,Pro Headphone 187,Health,130.53,3,0.0,391.59,2024-12-06,Hat Yai,Phuket,COD,Cancelled,5.0,,No,7.0,1.51
103404,1385,Rungnapa Chaiyaporn,rungnapa.chaiyaporn231@gmail.com,Mini Sneaker 845,Books,1540.45,2,0.0,3080.9,2023-10-26,Nong Khai,Bangkok,PromptPay,Returned,1.0,บริการลูกค้าดีเยี่ยม,No,13.0,0.66
104601,2701,Ploy Chaiyaporn,ploy.chaiyaporn867@gmail.com,Ultra Charger 549,Automotive,318.05,9,25.0,2146.84,2023-06-03,Sakon Nakhon,Khon Kaen,TrueMoney Wallet,Completed,,สีไม่ตรงตามรูป,No,9.0,2.93
103225,1113,Pranee Prasertsak,pranee.prasertsak214@yahoo.com,Lite Backpack 237,Beauty,540.83,5,20.0,2163.32,2023-06-22,Chiang Rai,Rayong,Installment,Shipped,4.0,,No,11.0,0.6
104872,2714,Kittisak Sinthop,kittisak.sinthop217@hotmail.com,Lite Desk 711,Electronics,856.51,5,0.0,4282.55,2024-06-13,Phuket,Bangkok,TrueMoney Wallet,Completed,2.0,สินค้าดีมาก คุ้มราคา,Yes,13.0,1.18
101171,1060,Anan Sukjai,anan.sukjai732@outlook.com,Lite Sneaker 461,Sports,276.96,1,0.0,276.96,2025-02-25,Ubon Ratchathani,Nakhon Ratchasima,Installment,Processing,,,No,14.0,2.12
102630,2405,Wilai Kaewkla,wilai.kaewkla774@outlook.com,Ultra Desk 549,Books,716.67,5,0.0,3583.35,2025-02-14,Buriram,Chonburi,PromptPay,Returned,1.0,แพ็คเกจไม่แน่นหนา,No,8.0,0.21
102732,1575,Suchart Wongsawat,suchart.wongsawat622@yahoo.com,Eco Notebook 133,Books,247.03,8,0.0,1976.24,2024-12-12,Khon Kaen,Chiang Mai,,Completed,4.0,แพ็คเกจไม่แน่นหนา,No,12.0,0.23
101422,1872,Rungnapa Wongsawat,rungnapa.wongsawat183@outlook.com,Pro Pillow 597,Beauty,170.65,1,0.0,170.65,2024-03-17,Surat Thani,Chonburi,Bank Transfer,Processing,3.0,ใช้งานได้ตามที่คาดหวัง,Yes,2.0,2.33
102372,2153,Boonmee Chaiyaporn,boonmee.chaiyaporn388@gmail.com,Plus Desk 105,Sports,301.27,2,30.0,421.78,2025-11-30,Trang,Bangkok,Credit Card,Completed,4.0,แพ็คเกจไม่แน่นหนา,No,1.0,2.15
102689,1503,Chomphunut Chantra,chomphunut.chantra215@hotmail.com,Max Desk 934,Groceries,546.26,2,0.0,1092.52,2023-02-18,Chiang Rai,Chonburi,COD,Cancelled,,,Yes,3.0,2.03
104177,2509,Boonmee Rattanakul,boonmee.rattanakul58@gmail.com,Plus Chair 973,Books,501.42,5,0.0,2507.1,2025-09-30,Trang,Chiang Mai,PromptPay,Completed,5.0,,Yes,9.0,0.14
101464,2639,Chomphunut Intharak,chomphunut.intharak62@yahoo.com,Lite Notebook 329,Health,420.6,2,0.0,841.2,2023-04-29,Nong Khai,Udon Thani,Bank Transfer,Completed,,,Yes,1.0,0.71
100874,2155,Suchart Kaewkla,suchart.kaewkla752@outlook.com,Pro Jacket 556,HOME & LIVING,,6,15.0,2917.15,2024-09-22,Phuket,Chiang Mai,COD,Completed,3.0,โอเคสำหรับราคานี้,No,10.0,2.48
102297,2349,Anan Sinthop,anan.sinthop960@gmail.com,Smart Jacket 872,Toys,820.35,4,0.0,3281.4,2024-06-25,Nakhon Ratchasima,Phuket,Credit Card,Completed,4.0,ของมาช้ากว่ากำหนด,No,3.0,0.71
102622,2977,Sombat Panyawong,sombat.panyawong61@outlook.com,Mini Headphone 130,Fashion,824.81,3,0.0,2474.43,2023-08-04,,Bangkok,Installment,Returned,3.0,โอเคสำหรับราคานี้,No,6.0,1.59
104405,1331,Chomphunut Panyawong,chomphunut.panyawong376@outlook.com,Smart Desk 250,Beauty,799.02,7,0.0,5593.14,2023-08-15,Rayong,Rayong,Installment,Returned,4.0,ของมาช้ากว่ากำหนด,Yes,9.0,0.89
101251,1484,Kittisak Prasertsak,kittisak.prasertsak683@outlook.com,Eco Lamp 857,Health,654.22,1,,654.22,2023-09-07,Nakhon Ratchasima,Songkhla,Bank Transfer,Shipped,5.0,,Yes,13.0,
102379,2730,Anucha Sinthop,anucha.sinthop868@gmail.com,Eco Headphone 653,automotive,159.28,3,0.0,477.84,2023-11-08,Chiang Rai,Nonthaburi,,Completed,5.0,,Yes,6.0,1.24
100840,1587,Somchai Thongdee,somchai.thongdee963@outlook.com,Smart Wallet 609,Toys,202.16,3,0.0,606.48,2023-04-25,Bangkok,Bangkok,,Completed,4.0,,Yes,6.0,
103112,1553,Nittaya Wongsawat,nittaya.wongsawat264@hotmail.com,Eco Backpack 787,Fashion,208.6,5,15.0,886.55,2023-02-01,Lampang,Rayong,Bank Transfer,Shipped,1.0,,Yes,,0.71
100581,1004,Somkiat Wattana,somkiat.wattana477@yahoo.com,Plus Mouse 877,Books,284.14,6,10.0,1534.36,2024-06-03,Buriram,Phuket,Credit Card,Cancelled,,,No,2.0,2.78
100204,2757,Duangjai Rattanakul,duangjai.rattanakul524@yahoo.com,Plus Pillow 448,Home & Living,587.27,5,5.0,2789.53,2025-06-01,Chiang Rai,Chiang Mai,,Shipped,3.0,,Yes,,1.45
101641,1176,Somsri Rattanakul,somsri.rattanakul575@hotmail.com,Smart Watch 893,Home & Living,304.11,8,0.0,2432.88,2025-10-17,,Nonthaburi,Credit Card,Completed,,,No,14.0,0.98
102014,1614,Anan Prasertsak,anan.prasertsak536@yahoo.com,Lite Lamp 125,Health,737.74,2,0.0,1475.48,2024-09-21,Trang,Chiang Mai,TrueMoney Wallet,Shipped,,,No,14.0,1.88
100905,1386,,kanya.panyawong490@outlook.com,Max Camera 352,Automotive,218.72,4,0.0,874.88,2025-05-04,Surat Thani,Udon Thani,TrueMoney Wallet,Cancelled,,,No,1.0,0.94
100631,2908,Niran Wattana,niran.wattana945@hotmail.com,Ultra Notebook 253,Fashion,800.74,3,0.0,2402.22,2025-04-29,Nonthaburi,Chonburi,COD,Completed,,,No,3.0,2.37
104435,1853,Kanya Prasertsak,kanya.prasertsak328@hotmail.com,Plus Pillow 178,Electronics,406.29,2,10.0,731.32,2025-01-15,Phuket,Nonthaburi,COD,Completed,4.0,,No,7.0,5.96
101974,2291,Chatchai Boonmee,,Plus Headphone 377,Books,404.23,5,5.0,,2024-02-12,Bangkok,Chonburi,Bank Transfer,Shipped,5.0,ของมาช้ากว่ากำหนด,No,2.0,4.21
100162,2056,Chomphunut Phetcharat,chomphunut.phetcharat252@outlook.com,Eco Backpack 619,Electronics,1513.46,6,10.0,8172.68,2024-03-13,Chiang Rai,Bangkok,Credit Card,Cancelled,1.0,สินค้าดีมาก คุ้มราคา,No,14.0,2.6
103604,2458,Ratana Kaewkla,ratana.kaewkla423@hotmail.com,Smart Watch 551,Sports,1181.67,2,5.0,2245.17,2024-07-07,Sakon Nakhon,Songkhla,,Completed,5.0,ใช้งานได้ตามที่คาดหวัง,No,14.0,0.18
102905,1304,Kanya Phetcharat,kanya.phetcharat670@outlook.com,Pro Speaker 840,Health,905.39,7,25.0,4753.3,2023-06-24,Ubon Ratchathani,Nakhon Ratchasima,COD,Shipped,5.0,บริการลูกค้าดีเยี่ยม,No,9.0,0.36
104518,2356,Prasert Chantra,,Ultra Backpack 835,Groceries,536.64,4,0.0,2146.56,2024-01-10,Nong Khai,Rayong,TrueMoney Wallet,Completed,5.0,,No,13.0,1.66
100617,2012,Suree Phetcharat,suree.phetcharat321@hotmail.com,Lite Headphone 142,Books,798.37,4,0.0,3193.48,2025-11-13,Phuket,Phuket,Bank Transfer,Completed,4.0,,No,7.0,2.72
100875,2827,Suchart Sukjai,suchart.sukjai771@gmail.com,Lite Wallet 911,Home & Living,104.4,9,0.0,939.6,2023-05-31,Buriram,Udon Thani,Credit Card,Shipped,3.0,,No,14.0,0.3
101431,1850,Kittisak Saelim,kittisak.saelim956@yahoo.com,Eco Watch 191,Groceries,1075.5,6,15.0,5485.05,2025-12-02,Rayong,Khon Kaen,Credit Card,Completed,2.0,ของมาช้ากว่ากำหนด,No,4.0,0.38
100547,1470,Thawatchai Chaiyaporn,thawatchai.chaiyaporn944@gmail.com,Lite Pillow 591,Electronics,172.05,5,5.0,817.24,2024-05-23,Lampang,Songkhla,PromptPay,Completed,,,Yes,13.0,4.79
103380,1819,Wichai Wattana,wichai.wattana911@outlook.com,Lite Headphone 497,Health,272.61,5,0.0,1363.05,2023-08-01,Rayong,Phuket,PromptPay,Completed,5.0,,No,3.0,
104569,2760,Malee Chantra,malee.chantra211@outlook.com,Ultra Pillow 800,Beauty,487.27,4,0.0,1949.08,2024-05-12,Nakhon Si Thammarat,Udon Thani,Bank Transfer,Shipped,3.0,สินค้าดีมาก คุ้มราคา,Yes,7.0,0.4
104245,1967,Nittaya Saelim,nittaya.saelim662@hotmail.com,Eco Pillow 297,Health,433.76,2,0.0,867.52,2023-09-26,Buriram,Phuket,Bank Transfer,Completed,5.0,,Yes,2.0,0.46
102418,1429,Nittaya Boonmee,nittaya.boonmee75@hotmail.com,Pro Pillow 677,Toys,548.75,5,0.0,2743.75,2023-05-17,Nakhon Ratchasima,Udon Thani,Bank Transfer,Processing,4.0,แพ็คเกจไม่แน่นหนา,No,4.0,0.53
104675,2171,Chomphunut Intharak,,Plus Bottle 859,Toys,235.12,9,0.0,2116.08,2024-06-29,Nong Khai,Rayong,COD,Completed,4.0,,,7.0,0.38
104834,1475,Somkiat Panyawong,somkiat.panyawong736@outlook.com,Eco Jacket 989,Books,568.88,2,0.0,1137.76,2023-06-02,Bangkok,Nonthaburi,Bank Transfer,Returned,4.0,จะกลับมาซื้อซ้ำแน่นอน,No,4.0,2.05
104103,2477,Prasert Prasertsak,prasert.prasertsak639@yahoo.com,Eco Notebook 731,Sports,208.1,5,,988.47,2023-05-05,Pattaya,Udon Thani,PromptPay,Shipped,3.0,,No,12.0,1.03
101861,1820,Rungnapa Chaiyaporn,rungnapa.chaiyaporn836@gmail.com,Max Notebook 406,Fashion,1038.4,3,0.0,3115.2,2025-03-08,Hat Yai,Nonthaburi,Bank Transfer,Shipped,4.0,,No,2.0,0.61
100640,1246,Anan Meesuk,anan.meesuk655@yahoo.com,Max Notebook 382,Toys,288.43,1,0.0,288.43,2023-05-11,Rayong,Udon Thani,Bank Transfer,Completed,5.0,,No,6.0,0.69
104809,1164,Pichit Rattanakul,pichit.rattanakul474@yahoo.com,Ultra Pillow 625,Beauty,791.05,9,0.0,7119.45,2025-04-23,Nonthaburi,Rayong,Credit Card,Completed,,สีไม่ตรงตามรูป,No,10.0,1.69
100637,1580,Somkiat Phetcharat,somkiat.phetcharat193@outlook.com,Ultra Notebook 897,Books,1112.89,1,0.0,1112.89,2023-03-07,Ubon Ratchathani,Bangkok,Bank Transfer,Completed,4.0,,No,7.0,1.22
103565,1766,Suree Thongdee,suree.thongdee321@outlook.com,Mini Pillow 285,Health,443.33,2,,886.66,2023-10-23,Chiang Rai,Bangkok,COD,Completed,5.0,,No,8.0,0.27
104572,2778,Thawatchai Chantra,thawatchai.chantra512@outlook.com,Eco Jacket 189,Fashion,602.15,5,0.0,3010.75,2023-11-09,Bangkok,Nakhon Ratchasima,TrueMoney Wallet,Shipped,4.0,ส่งไวมาก ประทับใจ,Yes,13.0,1.05
103768,2078,Anucha Intharak,,Eco Notebook 839,Health,525.1,7,0.0,3675.7,2024-01-11,Nakhon Si Thammarat,Songkhla,TrueMoney Wallet,Shipped,,บริการลูกค้าดีเยี่ยม,Yes,12.0,0.8
102096,1704,Sombat Kaewkla,sombat.kaewkla107@outlook.com,Lite Watch 253,Automotive,237.38,5,0.0,1186.9,2025-08-08,Khon Kaen,Rayong,Credit Card,Completed,3.0,บริการลูกค้าดีเยี่ยม,Yes,,
103782,2840,Somkiat Naruemon,somkiat.naruemon172@yahoo.com,Plus Backpack 457,Home & Living,184.49,7,10.0,1162.29,2024-05-24,Surat Thani,Phuket,Credit Card,Completed,4.0,,Yes,12.0,0.54
103844,2642,Chomphunut Rattanakul,chomphunut.rattanakul491@hotmail.com,Eco Chair 216,Health,851.13,3,0.0,2553.39,2025-04-21,Nong Khai,Rayong,TrueMoney Wallet,Shipped,,โอเคสำหรับราคานี้,No,7.0,4.65
103724,2935,Suree Chotirat,suree.chotirat414@outlook.com,Pro Bottle 143,Groceries,188.54,3,0.0,565.62,2023-04-15,Trang,Khon Kaen,Installment,Completed,,บริการลูกค้าดีเยี่ยม,Yes,,0.59
102882,1396,Thawatchai Sinthop,thawatchai.sinthop937@gmail.com,Ultra Wallet 489,Groceries,,9,30.0,2957.72,2024-03-22,Nong Khai,Songkhla,Credit Card,Returned,,,No,3.0,1.84
100921,1684,Somkiat Wattana,somkiat.wattana388@gmail.com,Plus Mouse 821,Automotive,76.14,6,0.0,456.84,2025-04-17,Krabi,Phuket,Bank Transfer,Returned,4.0,,No,14.0,0.47
100546,2906,Chatchai Prasertsak,chatchai.prasertsak652@hotmail.com,Max Mouse 281,Sports,388.23,3,0.0,1164.69,2023-12-05,Ubon Ratchathani,Phuket,Credit Card,Completed,4.0,จะกลับมาซื้อซ้ำแน่นอน,No,9.0,2.47
103716,2997,Duangjai Panyawong,duangjai.panyawong869@gmail.com,Pro Jacket 347,Fashion,404.41,8,20.0,2588.22,2024-06-21,Khon Kaen,Phuket,TrueMoney Wallet,Completed,5.0,,Yes,2.0,0.56
101900,1757,Rungnapa Panyawong,rungnapa.panyawong395@outlook.com,Max Bottle 806,Fashion,250.82,5,0.0,1254.1,2024-10-08,Chiang Mai,Rayong,Installment,Returned,4.0,,No,14.0,0.17
102028,1985,Yupin Srisuk,yupin.srisuk900@yahoo.com,Mini Sneaker 245,Books,1243.34,1,0.0,1243.34,2025-02-16,Krabi,Nonthaburi,Installment,Shipped,5.0,,No,8.0,1.14
102301,1585,Rungnapa Chotirat,rungnapa.chotirat776@gmail.com,Eco Speaker 414,Groceries,335.21,2,0.0,670.42,2024-07-27,Nonthaburi,Udon Thani,PromptPay,Completed,4.0,,No,9.0,0.41
101885,2802,Pichit Chantra,pichit.chantra676@hotmail.com,Max Lamp 689,Groceries,201.79,2,0.0,403.58,2025-12-25,Sakon Nakhon,Chonburi,,Cancelled,,,No,,0.91
101642,1284,Ratana Meesuk,,Max Wallet 841,Health,841.05,5,25.0,3153.94,2024-03-17,Surat Thani,Bangkok,Bank Transfer,Processing,1.0,สินค้าดีมาก คุ้มราคา,No,9.0,1.29
103557,1835,Ploy Boonmee,ploy.boonmee800@hotmail.com,Ultra Speaker 569,Sports,495.98,9,0.0,4463.82,2025-12-25,Trang,Chonburi,PromptPay,Completed,4.0,,No,14.0,5.38
104833,2510,Orawan Naruemon,orawan.naruemon594@hotmail.com,Eco Speaker 873,Fashion,386.77,5,0.0,1933.85,2025-11-17,Khon Kaen,Nakhon Ratchasima,PromptPay,Shipped,4.0,ใช้งานได้ตามที่คาดหวัง,No,,1.34
102097,1948,Sombat Prasertsak,sombat.prasertsak26@outlook.com,Pro Bottle 751,Health,580.78,5,5.0,2758.7,2025-05-10,Chiang Mai,Bangkok,TrueMoney Wallet,Completed,5.0,,No,6.0,
104604,2373,Chaiyot Kaewkla,chaiyot.kaewkla93@hotmail.com,Eco Lamp 454,Sports,750.96,5,0.0,3754.8,2023-09-30,Krabi,Nakhon Ratchasima,Credit Card,Returned,5.0,,Yes,6.0,1.43
103611,2245,Wilai Chotirat,,Pro Pillow 281,Beauty,1138.83,5,0.0,5694.15,2024-02-04,Chiang Mai,Rayong,Installment,Completed,5.0,,No,7.0,2.09
104517,1906,Boonmee Kaewkla,boonmee.kaewkla951@outlook.com,Eco Camera 809,Beauty,605.81,7,10.0,3816.6,2024-07-05,Ubon Ratchathani,Chonburi,Credit Card,Completed,4.0,,No,14.0,2.15
104992,1374,Rungnapa Kaewkla,rungnapa.kaewkla954@gmail.com,Smart Backpack 741,Home & Living,913.38,7,0.0,6393.66,2024-05-14,Lampang,Phuket,TrueMoney Wallet,Shipped,5.0,คุณภาพต่ำกว่าที่คิด,No,5.0,2.6
100836,1234,Chatchai Wattana,chatchai.wattana5@gmail.com,Mini Notebook 405,Automotive,724.97,9,0.0,6524.73,2023-03-06,,Nonthaburi,COD,Processing,,คุณภาพต่ำกว่าที่คิด,Yes,8.0,2.95
100601,1656,Prasert Srisuk,prasert.srisuk764@yahoo.com,Max Blender 897,Toys,1043.2,1,5.0,991.04,2023-06-24,Pattaya,Chonburi,TrueMoney Wallet,Returned,4.0,,No,7.0,0.44
102184,2564,Nittaya Srisuk,nittaya.srisuk366@hotmail.com,Eco Charger 102,Beauty,1082.93,6,15.0,5522.94,2023-02-01,Phuket,Chiang Mai,TrueMoney Wallet,Completed,4.0,,Yes,1.0,0.11
103917,1840,Wilai Rattanakul,wilai.rattanakul485@outlook.com,Lite Charger 971,Toys,476.53,5,0.0,2382.65,2024-03-16,Trang,Khon Kaen,COD,Cancelled,5.0,ส่งไวมาก ประทับใจ,No,14.0,0.86
102515,2689,Wilai Chaiyaporn,wilai.chaiyaporn496@hotmail.com,Ultra Blender 115,BOOKS,770.18,4,10.0,2772.65,2024-08-13,Ubon Ratchathani,Nakhon Ratchasima,COD,Completed,,,No,6.0,2.32
104534,2952,Pichit Rattanakul,pichit.rattanakul210@gmail.com,Pro Jacket 593,Books,310.44,3,5.0,,2025-07-16,Udon Thani,Nakhon Ratchasima,TrueMoney Wallet,Completed,5.0,,Yes,11.0,0.75
101582,1778,Anan Sukjai,anan.sukjai452@yahoo.com,Smart Speaker 801,Sports ,372.14,1,0.0,372.14,2023-08-09,Chiang Rai,Udon Thani,Installment,Processing,3.0,สินค้าดีมาก คุ้มราคา,No,14.0,6.12
104289,1839,Suree Meesuk,suree.meesuk558@hotmail.com,Eco Lamp 921,Automotive,168.14,6,30.0,706.19,2024-09-15,Phuket,Songkhla,PromptPay,Completed,3.0,ใช้งานได้ตามที่คาดหวัง,Yes,12.0,
104940,2350,Orawan Yodying,orawan.yodying933@gmail.com,Smart Backpack 592,Beauty,414.21,3,0.0,1242.63,2024-06-12,Ubon Ratchathani,Nakhon Ratchasima,PromptPay,Completed,5.0,,Yes,8.0,1.88
102764,1118,Chatchai Wattana,chatchai.wattana86@hotmail.com,Pro Bottle 405,Home & Living,731.91,2,5.0,1390.63,2023-04-01,,Nakhon Ratchasima,,Cancelled,4.0,บริการลูกค้าดีเยี่ยม,No,,1.61
101070,2574,Suree Rattanakul,suree.rattanakul6@outlook.com,Plus Camera 916,Groceries,325.65,1,0.0,325.65,2024-12-01,Nakhon Si Thammarat,Rayong,Credit Card,Completed,5.0,สินค้าดีมาก คุ้มราคา,No,10.0,0.27
101775,2939,Anucha Thongdee,anucha.thongdee275@yahoo.com,Lite Lamp 723,Fashion,635.59,2,0.0,1271.18,2023-05-25,Surat Thani,Bangkok,Installment,Completed,,,Yes,11.0,3.38
104832,1394,Yupin Thongdee,yupin.thongdee705@yahoo.com,Mini Wallet 866,Home & Living,477.18,9,0.0,4294.62,2023-06-23,Bangkok,Nakhon Ratchasima,Bank Transfer,Shipped,5.0,,Yes,4.0,
101283,1594,Thawatchai Panyawong,thawatchai.panyawong259@outlook.com,Eco Jacket 239,Groceries,288.68,2,5.0,548.49,2024-06-22,Khon Kaen,Songkhla,Bank Transfer,Completed,3.0,บริการลูกค้าดีเยี่ยม,No,14.0,1.64
101392,2994,Anucha Panyawong,anucha.panyawong556@yahoo.com,Smart Jacket 117,Groceries,1012.29,7,5.0,6731.73,2023-04-05,Nakhon Ratchasima,Phuket,TrueMoney Wallet,Shipped,4.0,จะกลับมาซื้อซ้ำแน่นอน,No,11.0,0.44
104777,1941,Rungnapa Prasertsak,rungnapa.prasertsak870@hotmail.com,Pro Speaker 835,Toys,1109.7,1,,998.73,2023-03-14,Nakhon Si Thammarat,Bangkok,PromptPay,Completed,,ใช้งานได้ตามที่คาดหวัง,Yes,3.0,0.68
101836,2876,Ploy Kaewkla,ploy.kaewkla934@outlook.com,Eco Bottle 399,Beauty,158.09,6,15.0,806.26,2023-03-19,Sakon Nakhon,Chiang Mai,COD,Cancelled,4.0,บริการลูกค้าดีเยี่ยม,No,3.0,2.7
104265,1459,Wichai Naruemon,wichai.naruemon408@outlook.com,Mini Notebook 401,Beauty,213.06,5,0.0,,2025-07-30,Nakhon Si Thammarat,Chiang Mai,TrueMoney Wallet,Shipped,4.0,,Yes,,1.82
101019,1852,Wichai Yodying,wichai.yodying290@hotmail.com,Pro Mouse 275,Health,318.8,6,0.0,1912.8,2024-06-26,Phuket,Nonthaburi,Installment,Cancelled,,,Yes,3.0,0.32
103250,2124,Siriporn Yodying,siriporn.yodying895@hotmail.com,Ultra Blender 283,Books,1475.67,4,0.0,5902.68,2025-02-27,Sakon Nakhon,Chonburi,Installment,Completed,3.0,จะกลับมาซื้อซ้ำแน่นอน,No,12.0,1.86
101326,1005,Pichit Wongsawat,pichit.wongsawat901@outlook.com,Max Bottle 881,Health,500.7,5,20.0,2002.8,2023-06-07,Pattaya,Songkhla,PromptPay,Cancelled,3.0,บริการลูกค้าดีเยี่ยม,No,1.0,1.27
100475,1098,Siriporn Thongdee,siriporn.thongdee927@hotmail.com,Mini Jacket 329,Toys,1137.03,8,10.0,8186.62,2024-12-30,Ubon Ratchathani,Udon Thani,COD,Shipped,4.0,,No,2.0,2.11
103494,1580,Suree Chaiyaporn,suree.chaiyaporn791@outlook.com,Pro Desk 374,Home & Living,115.83,2,0.0,231.66,2024-03-23,Chiang Mai,Nonthaburi,TrueMoney Wallet,Completed,5.0,,No,10.0,2.83
101651,1966,Siriporn Intharak,siriporn.intharak650@outlook.com,Max Watch 850,Sports,1209.88,3,15.0,3085.19,2024-10-18,Surat Thani,Chiang Mai,PromptPay,Completed,,,No,6.0,1.84
104051,1679,Nittaya Prasertsak,nittaya.prasertsak155@hotmail.com,Eco Lamp 891,Electronics,229.87,1,0.0,229.87,2023-09-21,Sakon Nakhon,Chiang Mai,COD,Completed,2.0,คุณภาพต่ำกว่าที่คิด,No,12.0,0.82
104308,2645,Somchai Phetcharat,somchai.phetcharat554@hotmail.com,Smart Blender 802,Automotive,426.79,7,15.0,2539.4,2025-07-29,Nakhon Si Thammarat,Chiang Mai,COD,Completed,5.0,,Yes,6.0,1.17
102647,2441,Ploy Saelim,ploy.saelim409@gmail.com,Mini Backpack 556,Automotive,502.07,8,0.0,4016.56,2025-11-14,Nakhon Ratchasima,Khon Kaen,Bank Transfer,Completed,5.0,ใช้งานได้ตามที่คาดหวัง,Yes,,2.75
104058,2944,Pranee Intharak,pranee.intharak163@yahoo.com,Pro Headphone 106,Health,97.55,8,30.0,546.28,2024-05-09,Chiang Rai,Rayong,Bank Transfer,Completed,3.0,จะกลับมาซื้อซ้ำแน่นอน,No,9.0,3.16
102620,2748,Sombat Boonmee,sombat.boonmee413@outlook.com,Smart Watch 725,groceries,317.0,5,,1585.0,2023-07-13,Krabi,Nonthaburi,PromptPay,Completed,4.0,แพ็คเกจไม่แน่นหนา,No,10.0,1.52
101373,2696,Thawatchai Wattana,thawatchai.wattana838@outlook.com,Max Desk 156,Groceries,466.64,7,0.0,3266.48,2023-11-28,Sakon Nakhon,Chiang Mai,PromptPay,Completed,,คุณภาพต่ำกว่าที่คิด,No,2.0,1.58
100739,1114,Boonmee Phetcharat,boonmee.phetcharat742@hotmail.com,Max Mouse 122,Electronics,459.43,7,20.0,2572.81,2025-05-31,Udon Thani,Bangkok,Installment,Returned,4.0,ของมาช้ากว่ากำหนด,Yes,11.0,1.44
103668,2053,Sombat Srisuk,sombat.srisuk233@yahoo.com,Pro Mouse 698,Beauty,519.93,5,10.0,2339.68,2023-10-24,Udon Thani,Khon Kaen,Credit Card,Completed,,คุณภาพต่ำกว่าที่คิด,Yes,14.0,1.98
102834,2904,Kittisak Saelim,kittisak.saelim782@gmail.com,Ultra Charger 690,Fashion,582.91,9,10.0,4721.57,2024-11-24,Nonthaburi,Nakhon Ratchasima,Credit Card,Returned,3.0,,Yes,3.0,3.04
100867,2365,Ratana Rattanakul,,Mini Desk 916,Home & Living,176.47,5,25.0,661.76,2024-08-26,Bangkok,Nonthaburi,TrueMoney Wallet,Completed,1.0,จะกลับมาซื้อซ้ำแน่นอน,No,,0.68
101140,1052,Chatchai Prasertsak,chatchai.prasertsak704@hotmail.com,Smart Headphone 392,Home & Living,460.61,3,0.0,1381.83,2025-06-30,Surat Thani,Songkhla,Credit Card,Completed,5.0,สินค้าดีมาก คุ้มราคา,Yes,5.0,0.79
100997,1255,Kanya Intharak,kanya.intharak151@yahoo.com,Ultra Chair 421,Fashion,158.78,7,0.0,1111.46,2025-12-05,Khon Kaen,Nonthaburi,TrueMoney Wallet,Completed,4.0,จะกลับมาซื้อซ้ำแน่นอน,No,1.0,0.21
101337,1503,Duangjai Boonmee,duangjai.boonmee277@gmail.com,Ultra Bottle 340,Toys,1076.02,8,,6025.71,2024-06-22,Hat Yai,Nonthaburi,Credit Card,Completed,4.0,โอเคสำหรับราคานี้,No,6.0,0.98
100541,2799,Suree Panyawong,suree.panyawong904@hotmail.com,Smart Blender 192,Automotive,114.47,6,5.0,652.48,2025-04-28,Pattaya,Nonthaburi,PromptPay,Cancelled,,ใช้งานได้ตามที่คาดหวัง,No,4.0,0.24
101099,1434,Nittaya Phetcharat,nittaya.phetcharat267@outlook.com,Plus Headphone 999,Beauty,611.84,8,25.0,3671.04,2023-03-05,Nonthaburi,Songkhla,Installment,Completed,3.0,,No,13.0,0.88
101132,2353,Anucha Chantra,anucha.chantra623@gmail.com,Ultra Charger 121,Beauty,89.54,7,0.0,626.78,2023-05-18,Udon Thani,Udon Thani,Credit Card,Returned,4.0,โอเคสำหรับราคานี้,No,,0.43
104876,1081,Somkiat Wattana,somkiat.wattana446@gmail.com,Lite Charger 297,Toys,153.75,2,20.0,246.0,2024-10-10,Chiang Rai,Chiang Mai,COD,Cancelled,5.0,,Yes,13.0,2.96
102754,2905,Malee Saelim,malee.saelim671@gmail.com,Ultra Camera 199,Health,184.29,9,0.0,,2024-06-05,Khon Kaen,Khon Kaen,Bank Transfer,Completed,1.0,,No,1.0,0.68
102258,1132,,suree.intharak79@yahoo.com,Plus Lamp 734,Beauty,578.96,1,0.0,578.96,2023-08-29,Hat Yai,Chonburi,TrueMoney Wallet,Completed,3.0,คุณภาพต่ำกว่าที่คิด,Yes,12.0,0.46
104040,1375,Suree Thongdee,suree.thongdee333@outlook.com,Max Mouse 719,Toys,1079.7,5,20.0,4318.8,2025-12-29,Nonthaburi,Chiang Mai,COD,Returned,,,No,,0.46
100059,2842,Wichai Meesuk,,Lite Lamp 374,Electronics,72.66,9,0.0,653.94,2023-09-12,Chiang Rai,Udon Thani,,Processing,,,Yes,3.0,1.49
102924,1815,Chaiyot Meesuk,chaiyot.meesuk472@yahoo.com,Plus Notebook 806,Health,526.24,4,0.0,2104.96,2023-10-12,Khon Kaen,Rayong,TrueMoney Wallet,Completed,5.0,,,4.0,8.35
101938,1107,Thawatchai Srisuk,thawatchai.srisuk545@gmail.com,Plus Blender 689,Toys,514.56,3,5.0,1466.5,2023-09-30,Rayong,Nakhon Ratchasima,PromptPay,Completed,,จะกลับมาซื้อซ้ำแน่นอน,Yes,3.0,0.11
104965,2558,Suree Saelim,suree.saelim883@outlook.com,Ultra Speaker 930,Books,286.71,5,,1433.55,2024-05-04,Rayong,Nonthaburi,COD,Processing,,,No,9.0,1.53
104961,1546,Pranee Chantra,pranee.chantra18@yahoo.com,Eco Blender 951,Electronics,276.21,3,0.0,828.63,2023-12-21,Khon Kaen,Udon Thani,PromptPay,Completed,3.0,,No,7.0,0.24
101078,2329,Somkiat Thongdee,somkiat.thongdee519@yahoo.com,Lite Bottle 678,Sports,425.85,5,0.0,2129.25,2023-07-04,Sakon Nakhon,Khon Kaen,Bank Transfer,Returned,,,Yes,6.0,2.46
104637,1072,Wichai Naruemon,wichai.naruemon172@gmail.com,Plus Chair 899,Electronics,299.4,8,5.0,2275.44,2023-05-24,Hat Yai,Nakhon Ratchasima,COD,Completed,3.0,จะกลับมาซื้อซ้ำแน่นอน,Yes,3.0,0.74
103424,2716,Anucha Panyawong,anucha.panyawong331@gmail.com,Max Bottle 656,Beauty,360.59,4,0.0,1442.36,2023-12-15,Nakhon Ratchasima,Nakhon Ratchasima,TrueMoney Wallet,Processing,,บริการลูกค้าดีเยี่ยม,,11.0,0.11
102522,2709,Ploy Prasertsak,ploy.prasertsak557@outlook.com,Pro Jacket 389,Groceries,302.52,5,10.0,1361.34,2023-03-05,Pattaya,Chiang Mai,TrueMoney Wallet,Cancelled,5.0,สินค้าดีมาก คุ้มราคา,No,2.0,1.21
100940,2256,Niran Wattana,niran.wattana240@outlook.com,Eco Blender 501,Beauty,495.86,3,10.0,1338.82,2024-03-01,Ubon Ratchathani,Nonthaburi,Installment,Completed,5.0,,No,5.0,1.14
101080,2984,Anan Naruemon,anan.naruemon434@gmail.com,Pro Desk 441,Health,283.98,8,0.0,2271.84,2024-01-26,Nakhon Si Thammarat,Nonthaburi,Credit Card,Cancelled,,บริการลูกค้าดีเยี่ยม,No,5.0,0.94
100187,1794,Chomphunut Kaewkla,chomphunut.kaewkla908@yahoo.com,Plus Camera 835,Automotive,907.28,3,30.0,1905.29,2024-11-14,Krabi,Nonthaburi,COD,Completed,,ของมาช้ากว่ากำหนด,No,9.0,1.01
102672,2321,Pranee Sinthop,pranee.sinthop69@yahoo.com,Mini Speaker 634,Electronics,195.62,4,0.0,782.48,2025-08-23,Ubon Ratchathani,Chiang Mai,PromptPay,Completed,4.0,,Yes,11.0,2.6
102085,1002,Pichit Panyawong,pichit.panyawong140@hotmail.com,Ultra Watch 656,Beauty,133.38,4,0.0,533.52,2025-02-08,Lampang,Chonburi,Installment,Returned,,บริการลูกค้าดีเยี่ยม,No,,0.35
102249,2368,Niran Wattana,niran.wattana79@gmail.com,Smart Lamp 351,Groceries ,586.07,5,20.0,2344.28,2023-09-22,Udon Thani,Chonburi,,Processing,,บริการลูกค้าดีเยี่ยม,No,7.0,0.79
104915,2858,Prasert Boonmee,prasert.boonmee174@yahoo.com,Lite Watch 681,Toys,1086.33,1,10.0,977.7,2025-11-29,Nong Khai,Khon Kaen,Credit Card,Processing,,บริการลูกค้าดีเยี่ยม,Yes,12.0,5.43
102023,2121,Chatchai Rattanakul,chatchai.rattanakul314@gmail.com,Plus Watch 400,Health,237.55,5,15.0,1009.59,2024-01-28,Hat Yai,Nakhon Ratchasima,TrueMoney Wallet,Cancelled,,บริการลูกค้าดีเยี่ยม,No,1.0,1.05
103311,1963,Kanya Chaiyaporn,kanya.chaiyaporn186@gmail.com,Pro Lamp 779,Health,198.81,2,15.0,337.98,2025-02-17,Nonthaburi,Chiang Mai,Credit Card,Completed,4.0,โอเคสำหรับราคานี้,Yes,4.0,6.66
101492,2434,Duangjai Meesuk,duangjai.meesuk619@hotmail.com,Plus Jacket 812,Beauty,139.21,3,0.0,417.63,2025-04-23,Surat Thani,Songkhla,COD,Returned,,,No,,0.26
103656,1277,Sombat Thongdee,sombat.thongdee97@outlook.com,Lite Jacket 933,Groceries,431.96,5,0.0,2159.8,2023-05-13,Bangkok,Khon Kaen,TrueMoney Wallet,Processing,4.0,,Yes,14.0,0.23
100226,1645,Boonmee Chantra,boonmee.chantra529@hotmail.com,Plus Notebook 514,Sports,,9,10.0,3846.53,2023-10-01,Buriram,Nonthaburi,PromptPay,Completed,,,Yes,10.0,1.22
103349,1689,Suree Wongsawat,suree.wongsawat364@yahoo.com,Mini Bottle 998,Toys,218.94,3,0.0,656.82,2023-08-31,Nakhon Si Thammarat,Phuket,COD,Completed,,คุณภาพต่ำกว่าที่คิด,Yes,12.0,0.63
101929,1938,Nittaya Boonmee,nittaya.boonmee543@outlook.com,Max Backpack 293,TOYS,1254.29,4,15.0,4264.59,2025-05-21,Trang,Rayong,Credit Card,Completed,4.0,,No,12.0,14.67
103098,2397,Rungnapa Panyawong,rungnapa.panyawong609@gmail.com,Max Mouse 653,Toys,,6,0.0,794.1,2023-08-05,Ubon Ratchathani,Chiang Mai,COD,Completed,,สีไม่ตรงตามรูป,Yes,,0.55
104512,1396,Chatchai Thongdee,chatchai.thongdee259@gmail.com,Smart Backpack 394,Sports,449.92,3,30.0,944.83,2023-05-25,Krabi,Phuket,Installment,Returned,5.0,,No,13.0,
101404,2969,Somkiat Chantra,somkiat.chantra106@outlook.com,Smart Mouse 644,Toys,436.79,8,10.0,3144.89,2025-04-23,Buriram,Udon Thani,COD,Completed,5.0,แพ็คเกจไม่แน่นหนา,No,4.0,1.21
102179,2640,Malee Phetcharat,malee.phetcharat349@hotmail.com,Smart Jacket 920,Books,341.01,7,0.0,2387.07,2024-01-08,Surat Thani,Songkhla,Bank Transfer,Completed,3.0,,No,14.0,0.47
100697,1159,Malee Wongsawat,malee.wongsawat75@outlook.com,Eco Jacket 958,Fashion,498.36,1,0.0,498.36,2023-12-12,Ubon Ratchathani,Khon Kaen,Bank Transfer,Completed,4.0,โอเคสำหรับราคานี้,No,6.0,1.0
101124,2586,Chatchai Chantra,chatchai.chantra993@hotmail.com,Pro Camera 684,Beauty,636.82,3,0.0,1910.46,2024-05-15,Nong Khai,Nonthaburi,Credit Card,Completed,1.0,,Yes,12.0,2.07
102835,1587,Wichai Thongdee,wichai.thongdee432@outlook.com,Mini Wallet 997,Electronics,419.7,5,20.0,1678.8,2025-09-13,Hat Yai,Nakhon Ratchasima,COD,Cancelled,4.0,,No,14.0,1.46
102960,2827,Nittaya Phetcharat,,Mini Keyboard 128,Books,331.83,6,0.0,1990.98,2025-11-11,Udon Thani,Phuket,TrueMoney Wallet,Cancelled,,,No,9.0,1.82
101778,2022,Ratana Naruemon,ratana.naruemon357@yahoo.com,Pro Jacket 610,Sports,651.33,7,0.0,4559.31,2024-05-06,Ubon Ratchathani,Rayong,Credit Card,Completed,4.0,,Yes,13.0,6.47
102899,1916,Wichai Naruemon,wichai.naruemon672@outlook.com,Mini Sneaker 314,Health,150.82,6,0.0,904.92,2024-10-08,Trang,Rayong,TrueMoney Wallet,Completed,3.0,จะกลับมาซื้อซ้ำแน่นอน,Yes,3.0,1.14
101037,1475,Sombat Wattana,sombat.wattana998@outlook.com,Pro Pillow 332,Sports,154.36,5,0.0,771.8,2024-05-12,,Nonthaburi,PromptPay,Completed,4.0,คุณภาพต่ำกว่าที่คิด,No,5.0,0.28
104197,2821,Ploy Thongdee,ploy.thongdee596@yahoo.com,Lite Notebook 429,Fashion,1122.78,3,0.0,3368.34,2024-03-30,Hat Yai,Rayong,Bank Transfer,Shipped,2.0,แพ็คเกจไม่แน่นหนา,Yes,1.0,0.41
102256,1699,Suchart Wongsawat,suchart.wongsawat491@gmail.com,Pro Chair 885,Health,836.29,8,0.0,6690.32,2024-02-16,Chiang Mai,Phuket,PromptPay,Completed,,,No,13.0,1.32
100313,1293,Suchart Sinthop,suchart.sinthop976@outlook.com,Lite Desk 875,Electronics,311.0,2,10.0,559.8,2025-06-27,Nonthaburi,Phuket,Installment,Completed,2.0,สินค้าดีมาก คุ้มราคา,No,6.0,1.68
102281,2247,Sombat Chaiyaporn,sombat.chaiyaporn22@outlook.com,Max Mouse 604,Toys,373.29,2,30.0,522.61,2024-09-10,Nong Khai,Bangkok,Bank Transfer,Completed,5.0,บริการลูกค้าดีเยี่ยม,No,1.0,0.48
101416,1917,Wichai Naruemon,wichai.naruemon366@gmail.com,Smart Speaker 416,Beauty,145.21,7,,1016.47,2023-10-05,Nakhon Ratchasima,Rayong,COD,Completed,3.0,,Yes,2.0,3.92
101036,1517,Chatchai Phetcharat,chatchai.phetcharat99@yahoo.com,Lite Wallet 182,Books,749.18,2,0.0,1498.36,2023-09-01,Krabi,Chiang Mai,TrueMoney Wallet,Completed,,,No,5.0,2.22
102159,2513,Somsri Phetcharat,somsri.phetcharat453@yahoo.com,Smart Notebook 976,Electronics,232.23,6,0.0,1393.38,2023-01-02,Chiang Mai,Songkhla,Installment,Completed,,,No,2.0,1.57
104456,2671,Duangjai Thongdee,duangjai.thongdee29@hotmail.com,Lite Lamp 805,Beauty,2626.19,9,,22453.92,2024-03-18,Trang,Nakhon Ratchasima,Installment,Completed,,,No,4.0,0.52
101754,1734,Sombat Chotirat,sombat.chotirat499@gmail.com,Max Desk 367,Beauty,440.27,9,10.0,3566.19,2025-06-30,Hat Yai,Nakhon Ratchasima,Installment,Returned,5.0,สินค้าดีมาก คุ้มราคา,No,4.0,0.18
103411,1660,Pranee Meesuk,pranee.meesuk337@outlook.com,Pro Backpack 968,Electronics,101.74,7,0.0,712.18,2023-09-02,Nong Khai,Udon Thani,Installment,Completed,,,Yes,14.0,0.3
104172,1700,Somsri Meesuk,somsri.meesuk562@gmail.com,Ultra Mouse 937,Toys,216.76,1,0.0,216.76,2023-10-22,Phuket,Songkhla,Installment,Cancelled,5.0,,Yes,13.0,3.83
103617,1942,,wichai.saelim549@yahoo.com,Max Backpack 259,Sports,428.14,5,0.0,2140.7,2024-07-20,Hat Yai,Chiang Mai,Bank Transfer,Completed,4.0,,Yes,14.0,1.67
103252,1489,Duangjai Srisuk,duangjai.srisuk588@hotmail.com,Plus Jacket 898,Home & Living,398.93,4,0.0,1595.72,2025-11-16,Nonthaburi,Phuket,PromptPay,Cancelled,5.0,,Yes,11.0,0.29
104223,2674,Kanya Wongsawat,kanya.wongsawat318@gmail.com,Eco Bottle 539,Fashion,485.93,4,10.0,1749.35,2024-06-29,Surat Thani,Nonthaburi,TrueMoney Wallet,Completed,,,No,7.0,0.5
103477,1788,Somkiat Sinthop,somkiat.sinthop144@hotmail.com,Smart Headphone 366,Toys,732.27,8,20.0,4686.53,2025-02-25,Trang,Songkhla,PromptPay,Completed,5.0,ใช้งานได้ตามที่คาดหวัง,No,,4.03
101506,2932,Somkiat Sinthop,somkiat.sinthop225@outlook.com,Smart Desk 951,Beauty,,4,20.0,2020.83,2023-09-10,Sakon Nakhon,Phuket,Installment,Completed,4.0,สินค้าดีมาก คุ้มราคา,No,,1.64
101923,1712,Chomphunut Naruemon,chomphunut.naruemon101@gmail.com,Mini Jacket 170,Electronics,563.68,3,0.0,1691.04,2025-04-12,Pattaya,Chiang Mai,COD,Returned,,สินค้าดีมาก คุ้มราคา,No,6.0,1.87
100448,1026,Chatchai Meesuk,chatchai.meesuk783@gmail.com,Ultra Camera 490,Beauty,390.08,8,0.0,3120.64,2025-01-14,Nong Khai,Khon Kaen,Credit Card,Completed,,,Yes,6.0,1.22
103786,1405,Orawan Chaiyaporn,orawan.chaiyaporn112@gmail.com,Ultra Wallet 458,Sports,570.74,5,0.0,2853.7,2025-12-21,Nakhon Si Thammarat,Chiang Mai,TrueMoney Wallet,Completed,3.0,,No,4.0,2.03
103063,1241,Prasert Sinthop,prasert.sinthop740@gmail.com,Eco Bottle 462,Automotive,879.56,2,30.0,1231.38,2025-09-30,Trang,Bangkok,Credit Card,Shipped,,,No,2.0,0.9
104994,2769,Suree Boonmee,,Mini Blender 715,Fashion,1255.56,2,0.0,2511.12,2025-07-19,Rayong,Nakhon Ratchasima,COD,Returned,5.0,บริการลูกค้าดีเยี่ยม,No,8.0,1.84
103934,2422,Rungnapa Kaewkla,,Mini Jacket 481,Beauty,344.24,2,0.0,688.48,2024-06-29,Rayong,Nonthaburi,COD,Cancelled,5.0,จะกลับมาซื้อซ้ำแน่นอน,No,,0.87
100361,1262,Kittisak Meesuk,kittisak.meesuk900@outlook.com,Plus Bottle 564,Sports,778.87,9,10.0,6308.85,2025-02-17,Nong Khai,Chiang Mai,TrueMoney Wallet,Processing,,,Yes,5.0,1.41
102183,1987,Somchai Saelim,somchai.saelim513@yahoo.com,Max Chair 250,Health,1615.11,1,0.0,1615.11,2025-05-07,Lampang,Rayong,Credit Card,Completed,5.0,,No,,0.82
101134,2531,Somkiat Prasertsak,somkiat.prasertsak175@yahoo.com,Eco Camera 876,Electronics,334.95,2,20.0,535.92,2025-01-08,,Nakhon Ratchasima,COD,Processing,3.0,จะกลับมาซื้อซ้ำแน่นอน,No,8.0,0.4
103932,2093,Suchart Panyawong,suchart.panyawong114@hotmail.com,Smart Desk 604,Toys,287.19,2,0.0,574.38,2024-03-08,Sakon Nakhon,Bangkok,COD,Shipped,,จะกลับมาซื้อซ้ำแน่นอน,No,8.0,2.19
102155,2913,Malee Srisuk,malee.srisuk945@gmail.com,Eco Headphone 503,Fashion,295.87,2,,591.74,2024-06-21,Chiang Rai,Bangkok,PromptPay,Completed,5.0,,Yes,4.0,0.27
101830,2750,Ratana Naruemon,ratana.naruemon464@hotmail.com,Max Mouse 808,Toys,1202.0,9,25.0,8113.5,2023-04-03,Udon Thani,Rayong,PromptPay,Completed,5.0,,Yes,,0.98
101053,2101,Pichit Sukjai,pichit.sukjai123@gmail.com,Mini Desk 184,Electronics,835.37,9,0.0,7518.33,2023-12-20,Nakhon Si Thammarat,Rayong,Bank Transfer,Cancelled,3.0,สินค้าดีมาก คุ้มราคา,No,3.0,0.31
102460,1385,Anan Phetcharat,anan.phetcharat296@yahoo.com,Ultra Desk 910,Home & Living,606.35,7,0.0,4244.45,2023-04-12,Nong Khai,Nonthaburi,Bank Transfer,Completed,4.0,คุณภาพต่ำกว่าที่คิด,No,12.0,0.38
100022,1769,Siriporn Chantra,siriporn.chantra997@outlook.com,Mini Jacket 355,Automotive,148.3,1,25.0,111.22,2025-04-28,Nakhon Ratchasima,Chiang Mai,Credit Card,Shipped,,บริการลูกค้าดีเยี่ยม,No,14.0,1.08
102066,1957,Pranee Wongsawat,pranee.wongsawat806@hotmail.com,Pro Headphone 167,Fashion,1012.22,4,0.0,4048.88,2024-04-06,Krabi,Bangkok,Bank Transfer,Completed,5.0,,No,1.0,4.22
101653,2107,Malee Chotirat,malee.chotirat38@hotmail.com,Max Sneaker 582,Groceries,728.17,3,5.0,2075.28,2024-11-24,Trang,Nonthaburi,Bank Transfer,Processing,5.0,,No,7.0,1.28
103678,2209,Anan Saelim,anan.saelim5@yahoo.com,Lite Pillow 219,Fashion,928.48,5,0.0,4642.4,2023-11-08,Lampang,Udon Thani,Bank Transfer,Returned,5.0,,Yes,9.0,0.99
104849,1619,Sombat Srisuk,sombat.srisuk461@hotmail.com,Eco Pillow 396,Books,182.66,1,10.0,164.39,2025-04-19,Udon Thani,Songkhla,COD,Completed,3.0,,No,5.0,7.53
102837,2863,Wilai Prasertsak,wilai.prasertsak977@outlook.com,Lite Wallet 284,Automotive,297.06,9,15.0,2272.51,2023-07-13,,Chiang Mai,TrueMoney Wallet,Shipped,4.0,คุณภาพต่ำกว่าที่คิด,No,7.0,1.34
104089,1484,Rungnapa Thongdee,rungnapa.thongdee650@outlook.com,Mini Keyboard 538,Automotive,611.41,3,0.0,1834.23,2025-05-19,Buriram,Rayong,COD,Completed,4.0,,Yes,5.0,2.67
102468,2812,Niran Yodying,,Ultra Backpack 269,Automotive,724.84,9,0.0,6523.56,2024-02-17,Nong Khai,Khon Kaen,TrueMoney Wallet,Completed,5.0,,No,12.0,3.7
102325,2929,Thawatchai Chotirat,thawatchai.chotirat455@outlook.com,Ultra Charger 365,Books,1931.35,1,0.0,1931.35,2025-03-20,Buriram,Phuket,PromptPay,Completed,4.0,ใช้งานได้ตามที่คาดหวัง,No,7.0,1.57
100460,1815,Niran Chantra,,Plus Bottle 659,Fashion,228.56,6,15.0,1165.66,2024-08-21,Surat Thani,Chonburi,TrueMoney Wallet,Shipped,,,Yes,9.0,0.28
101067,2371,Suree Srisuk,suree.srisuk772@hotmail.com,Mini Watch 654,Home & Living,,7,0.0,1364.37,2024-05-14,Nakhon Si Thammarat,Bangkok,Bank Transfer,Processing,3.0,,No,14.0,0.14
100087,2585,Boonmee Saelim,boonmee.saelim584@outlook.com,Max Backpack 362,Electronics,217.43,5,15.0,924.08,2024-05-06,,Bangkok,Bank Transfer,Returned,4.0,จะกลับมาซื้อซ้ำแน่นอน,No,,2.6
101430,1004,Boonmee Intharak,,Mini Mouse 707,Home & Living,342.51,7,5.0,2277.69,2023-05-22,Chiang Rai,Phuket,PromptPay,Completed,,,Yes,6.0,0.31
102685,2851,Pichit Intharak,pichit.intharak270@gmail.com,Smart Speaker 236,Toys,621.04,8,0.0,4968.32,2025-04-09,Chiang Mai,Rayong,Credit Card,Processing,,จะกลับมาซื้อซ้ำแน่นอน,Yes,2.0,
100282,2636,Chomphunut Yodying,chomphunut.yodying922@outlook.com,Lite Wallet 147,Automotive,385.06,1,15.0,327.3,2024-10-10,Trang,Chiang Mai,TrueMoney Wallet,Completed,5.0,บริการลูกค้าดีเยี่ยม,No,8.0,3.81
102483,2415,Chaiyot Yodying,,Ultra Blender 873,Toys,417.82,9,30.0,2632.27,2025-09-19,Trang,Chonburi,Bank Transfer,Completed,,แพ็คเกจไม่แน่นหนา,No,13.0,2.28
100462,2539,Prasert Kaewkla,prasert.kaewkla302@outlook.com,Lite Jacket 181,Automotive,512.38,5,10.0,2305.71,2025-06-12,Chiang Mai,Bangkok,Bank Transfer,Shipped,4.0,,Yes,1.0,0.53
100212,2059,Suchart Prasertsak,suchart.prasertsak750@gmail.com,Lite Mouse 724,Books,710.78,2,0.0,1421.56,2024-10-23,Krabi,Rayong,COD,Completed,2.0,,No,2.0,0.97
102533,2986,Pranee Rattanakul,pranee.rattanakul722@hotmail.com,Mini Headphone 738,Beauty,756.23,2,5.0,1436.84,2023-09-18,Nong Khai,Nonthaburi,Bank Transfer,Cancelled,4.0,ส่งไวมาก ประทับใจ,Yes,11.0,2.89
101368,1138,Boonmee Sinthop,boonmee.sinthop194@outlook.com,Ultra Camera 158,Automotive,170.48,5,0.0,852.4,2025-05-09,Ubon Ratchathani,Chonburi,Installment,Completed,5.0,สีไม่ตรงตามรูป,Yes,2.0,2.01
100234,2354,Chomphunut Rattanakul,,Plus Blender 930,Toys,191.81,3,15.0,489.12,2024-12-21,Nonthaburi,Chiang Mai,,Completed,4.0,,No,2.0,0.19
102809,2364,Anan Chotirat,anan.chotirat33@gmail.com,Eco Watch 369,Home & Living,252.64,7,10.0,1591.63,2023-02-07,Nakhon Ratchasima,Chiang Mai,COD,Completed,,,No,12.0,0.75
100597,1635,Anucha Sukjai,anucha.sukjai40@hotmail.com,Smart Sneaker 934,Electronics,423.24,4,20.0,1354.37,2023-08-25,Phuket,Khon Kaen,COD,Completed,4.0,,Yes,12.0,1.01
104443,2607,Wilai Saelim,wilai.saelim150@hotmail.com,Ultra Speaker 997,Health,239.77,4,0.0,959.08,2025-10-13,Hat Yai,Phuket,Installment,Completed,5.0,,No,6.0,5.86
102250,2716,Wilai Phetcharat,wilai.phetcharat130@outlook.com,Ultra Notebook 191,Groceries,696.15,3,0.0,2088.45,2023-11-18,Chiang Rai,Chonburi,COD,Completed,4.0,บริการลูกค้าดีเยี่ยม,Yes,4.0,0.99
104084,2943,Wilai Rattanakul,wilai.rattanakul458@yahoo.com,Smart Chair 224,Books,1331.37,4,25.0,3994.11,2023-08-18,Nong Khai,Songkhla,TrueMoney Wallet,Completed,,,No,9.0,0.25
102283,2069,Sombat Prasertsak,sombat.prasertsak277@yahoo.com,Plus Pillow 883,Automotive,395.79,4,20.0,1266.53,2023-08-31,Buriram,Phuket,Installment,Shipped,4.0,โอเคสำหรับราคานี้,No,,0.49
100662,1217,Sombat Prasertsak,sombat.prasertsak163@yahoo.com,Eco Pillow 533,Fashion,263.91,8,10.0,1900.15,2023-11-29,Chiang Mai,Nakhon Ratchasima,Credit Card,Completed,5.0,,No,7.0,0.14
104988,2551,Sombat Panyawong,sombat.panyawong27@yahoo.com,Pro Headphone 728,Automotive,374.38,5,0.0,1871.9,2024-05-03,Rayong,Udon Thani,COD,Shipped,,,No,1.0,0.8
102285,2136,Thawatchai Chaiyaporn,thawatchai.chaiyaporn308@gmail.com,Ultra Pillow 365,Books,688.69,7,25.0,3615.62,2023-11-06,Khon Kaen,Songkhla,Installment,Completed,,,No,13.0,3.28
104740,2731,Ratana Sinthop,ratana.sinthop647@yahoo.com,Max Desk 781,Beauty,326.22,2,0.0,652.44,2025-08-01,Surat Thani,Udon Thani,Bank Transfer,Completed,,,No,,0.83
103295,1335,Nittaya Wongsawat,nittaya.wongsawat664@yahoo.com,Pro Speaker 950,Fashion,617.8,7,,3459.68,2023-10-21,Nong Khai,Phuket,COD,Completed,4.0,บริการลูกค้าดีเยี่ยม,Yes,11.0,0.77
104715,2689,Pranee Wongsawat,pranee.wongsawat781@hotmail.com,Max Jacket 632,Electronics,325.25,5,0.0,1626.25,2024-08-26,Phuket,Chonburi,COD,Returned,4.0,โอเคสำหรับราคานี้,No,8.0,5.08
103478,2307,Somsri Kaewkla,somsri.kaewkla493@hotmail.com,Pro Chair 555,Fashion,516.53,1,0.0,516.53,2024-12-14,Udon Thani,Songkhla,Bank Transfer,Completed,,,No,8.0,
100779,1866,Pranee Naruemon,pranee.naruemon62@hotmail.com,Ultra Lamp 495,Home & Living,277.08,5,0.0,1385.4,2025-09-27,Surat Thani,Rayong,Installment,Completed,3.0,,No,,0.72
103422,1492,Malee Thongdee,malee.thongdee856@hotmail.com,Max Wallet 162,Toys,589.83,5,0.0,2949.15,2025-10-26,Bangkok,Songkhla,Installment,Cancelled,5.0,,Yes,2.0,0.31
103885,2851,Somchai Boonmee,somchai.boonmee657@outlook.com,Plus Speaker 679,Electronics,782.02,5,0.0,3910.1,2023-01-25,Chiang Mai,Udon Thani,COD,Completed,,แพ็คเกจไม่แน่นหนา,No,13.0,0.69
103576,2716,Niran Sinthop,niran.sinthop115@hotmail.com,Lite Lamp 467,Fashion,646.32,3,0.0,1938.96,2025-05-30,Chiang Rai,Nakhon Ratchasima,TrueMoney Wallet,Shipped,,สีไม่ตรงตามรูป,No,,2.82
103710,1233,Wichai Chaiyaporn,wichai.chaiyaporn375@hotmail.com,Ultra Watch 500,Fashion,578.57,3,20.0,1388.57,2024-02-26,Trang,Chonburi,PromptPay,Completed,5.0,ใช้งานได้ตามที่คาดหวัง,Yes,,1.27
104946,1024,Chatchai Sukjai,chatchai.sukjai874@outlook.com,Pro Wallet 150,Sports,319.05,5,0.0,1595.25,2024-02-16,Nakhon Si Thammarat,Nakhon Ratchasima,PromptPay,Completed,4.0,,No,5.0,1.13
100685,2631,Chatchai Meesuk,chatchai.meesuk281@yahoo.com,Plus Speaker 181,Home & Living,142.49,3,0.0,427.47,2024-05-05,Bangkok,Songkhla,Credit Card,Completed,5.0,,Yes,14.0,1.44
103213,2184,Ratana Thongdee,ratana.thongdee314@yahoo.com,Lite Notebook 648,Sports,545.31,2,15.0,927.03,2024-06-27,Sakon Nakhon,Khon Kaen,PromptPay,Shipped,,ของมาช้ากว่ากำหนด,No,1.0,2.57
104574,1040,Yupin Saelim,yupin.saelim622@hotmail.com,Smart Headphone 538,Groceries,521.18,6,15.0,2658.02,2024-12-16,Bangkok,Nonthaburi,TrueMoney Wallet,Shipped,,จะกลับมาซื้อซ้ำแน่นอน,No,2.0,2.96
103480,1758,Niran Intharak,niran.intharak401@hotmail.com,Smart Wallet 654,Books,703.73,9,30.0,4433.5,2024-10-11,Trang,Nakhon Ratchasima,TrueMoney Wallet,Completed,,,No,6.0,0.24
102171,1892,Thawatchai Panyawong,thawatchai.panyawong445@hotmail.com,Mini Bottle 414,Beauty,373.62,6,20.0,1793.38,2023-07-02,Buriram,Khon Kaen,Bank Transfer,Completed,,บริการลูกค้าดีเยี่ยม,Yes,,1.79
102705,1459,Chomphunut Chaiyaporn,chomphunut.chaiyaporn859@yahoo.com,Smart Headphone 269,Health,1923.55,4,25.0,5770.65,2024-09-20,Khon Kaen,Bangkok,Installment,Completed,,บริการลูกค้าดีเยี่ยม,No,6.0,1.34
101850,2897,Sombat Prasertsak,sombat.prasertsak714@outlook.com,Max Desk 708,Home & Living,161.58,4,0.0,646.32,2023-07-09,Buriram,Chiang Mai,TrueMoney Wallet,Processing,,,No,10.0,0.38
100487,1992,Malee Chaiyaporn,malee.chaiyaporn299@yahoo.com,Max Bottle 846,Automotive,432.52,2,0.0,865.04,2023-03-05,Bangkok,Chiang Mai,PromptPay,Completed,4.0,แพ็คเกจไม่แน่นหนา,Yes,4.0,5.47
101688,2394,Wichai Boonmee,,Plus Pillow 291,Automotive,378.23,2,0.0,756.46,2023-07-23,Hat Yai,Rayong,PromptPay,Returned,5.0,ส่งไวมาก ประทับใจ,No,,0.27
102230,1039,Suree Srisuk,suree.srisuk699@gmail.com,Lite Notebook 307,Sports,587.14,2,0.0,1174.28,2024-04-26,Nonthaburi,Nakhon Ratchasima,Installment,Shipped,4.0,,No,11.0,1.43
103309,1916,Pranee Meesuk,pranee.meesuk194@hotmail.com,Lite Backpack 481,Groceries,172.68,8,0.0,1381.44,2023-10-17,Lampang,Bangkok,PromptPay,Completed,,,No,13.0,1.18
102320,1191,Rungnapa Wattana,rungnapa.wattana802@gmail.com,Smart Chair 955,Fashion,198.2,8,10.0,1427.04,2025-02-28,Buriram,Nakhon Ratchasima,Bank Transfer,Shipped,5.0,โอเคสำหรับราคานี้,,14.0,1.3
100782,2296,Suree Saelim,suree.saelim156@outlook.com,Lite Blender 614,Automotive,1729.36,2,0.0,3458.72,2024-06-25,Chiang Mai,Songkhla,Bank Transfer,Shipped,5.0,,No,9.0,0.63
100521,1245,Orawan Prasertsak,orawan.prasertsak45@gmail.com,Max Speaker 989,Electronics,400.61,7,5.0,2664.06,2024-02-17,Krabi,Chonburi,Credit Card,Completed,5.0,,Yes,12.0,2.71
100522,2199,Rungnapa Chotirat,rungnapa.chotirat204@hotmail.com,Ultra Sneaker 313,Electronics,1067.48,4,0.0,4269.92,2023-11-16,Hat Yai,Nakhon Ratchasima,COD,Completed,,ใช้งานได้ตามที่คาดหวัง,No,9.0,2.7
104710,1442,Thawatchai Srisuk,thawatchai.srisuk992@hotmail.com,Eco Watch 268,Health,349.72,5,0.0,1748.6,2024-02-13,Sakon Nakhon,Rayong,TrueMoney Wallet,Returned,4.0,ส่งไวมาก ประทับใจ,No,,1.74
104005,2135,Rungnapa Kaewkla,rungnapa.kaewkla900@hotmail.com,Lite Wallet 129,Sports,739.76,6,10.0,3994.7,2025-06-17,Phuket,Nakhon Ratchasima,Bank Transfer,Returned,1.0,,Yes,1.0,0.53
102398,2280,Anucha Srisuk,anucha.srisuk948@hotmail.com,Pro Headphone 290,Electronics,828.88,1,10.0,745.99,2023-06-05,Bangkok,Udon Thani,PromptPay,Completed,5.0,จะกลับมาซื้อซ้ำแน่นอน,Yes,8.0,0.32
102207,2625,Boonmee Thongdee,boonmee.thongdee34@yahoo.com,Mini Backpack 113,Toys,383.88,9,0.0,3454.92,2023-12-01,Phuket,Songkhla,COD,Returned,1.0,,No,,1.21
103525,2414,Orawan Sukjai,orawan.sukjai575@outlook.com,Ultra Watch 814,Fashion,1216.92,7,0.0,8518.44,2025-03-29,Surat Thani,Chonburi,TrueMoney Wallet,Cancelled,,,No,6.0,3.51
104105,1385,Anan Phetcharat,anan.phetcharat474@yahoo.com,Smart Lamp 714,Groceries,303.47,5,0.0,1517.35,2024-12-24,Sakon Nakhon,Chiang Mai,PromptPay,Processing,5.0,,No,4.0,0.68
103787,1663,Boonmee Saelim,boonmee.saelim405@hotmail.com,Smart Camera 888,Health,439.85,6,0.0,2639.1,2025-03-29,Chiang Rai,Phuket,TrueMoney Wallet,Completed,,,No,2.0,1.17
104587,1209,Yupin Phetcharat,yupin.phetcharat661@gmail.com,Max Camera 903,Health,247.04,7,20.0,,2024-07-31,Nong Khai,Chiang Mai,COD,Completed,5.0,ใช้งานได้ตามที่คาดหวัง,No,14.0,0.37
101511,1215,Malee Intharak,malee.intharak848@outlook.com,Max Keyboard 548,Groceries,497.57,8,0.0,3980.56,2023-01-15,Surat Thani,Nakhon Ratchasima,COD,Processing,,,No,10.0,0.13
101882,1793,Anan Boonmee,anan.boonmee271@yahoo.com,Pro Mouse 866,Health,815.51,5,0.0,4077.55,2025-01-08,Khon Kaen,Chonburi,PromptPay,Returned,3.0,โอเคสำหรับราคานี้,Yes,13.0,3.43
100651,2243,Siriporn Yodying,siriporn.yodying378@gmail.com,Lite Backpack 553,Sports,217.26,4,20.0,695.23,2025-08-28,Ubon Ratchathani,Nonthaburi,PromptPay,Completed,4.0,,No,,5.26
102826,2993,Wichai Rattanakul,wichai.rattanakul608@outlook.com,Pro Speaker 331,Electronics,203.63,5,0.0,1018.15,2023-03-21,Surat Thani,Phuket,Bank Transfer,Completed,,ของมาช้ากว่ากำหนด,Yes,10.0,0.39
103132,1560,Kanya Chotirat,kanya.chotirat285@gmail.com,Ultra Sneaker 660,Health,255.31,2,20.0,408.5,2024-11-21,Nonthaburi,Khon Kaen,Credit Card,Completed,,,Yes,6.0,2.25
100369,1001,Orawan Sukjai,orawan.sukjai471@yahoo.com,Lite Blender 488,Beauty,1033.68,5,15.0,4393.14,2024-03-19,Sakon Nakhon,Phuket,Bank Transfer,Completed,4.0,โอเคสำหรับราคานี้,No,13.0,0.32
102677,1374,Orawan Meesuk,orawan.meesuk841@outlook.com,Smart Blender 699,Fashion,285.24,2,0.0,570.48,2024-03-18,Chiang Rai,Phuket,Bank Transfer,Shipped,5.0,บริการลูกค้าดีเยี่ยม,Yes,1.0,2.34
100118,1719,Ploy Meesuk,ploy.meesuk637@hotmail.com,Max Wallet 334,Automotive,368.34,5,0.0,1841.7,2025-07-11,Sakon Nakhon,Phuket,Bank Transfer,Completed,5.0,,,9.0,0.14
103366,2103,Ploy Chantra,ploy.chantra381@outlook.com,Plus Mouse 190,Beauty,696.02,6,,3758.51,2023-09-22,Buriram,Nonthaburi,Installment,Cancelled,4.0,ของมาช้ากว่ากำหนด,No,11.0,2.13
103076,2678,Orawan Sinthop,orawan.sinthop373@outlook.com,Pro Charger 198,Automotive,,4,10.0,2614.9,2025-01-12,Hat Yai,Chiang Mai,PromptPay,Completed,,จะกลับมาซื้อซ้ำแน่นอน,Yes,3.0,1.96
102216,1972,Orawan Wattana,orawan.wattana355@gmail.com,Mini Mouse 941,Home & Living,580.28,9,0.0,5222.52,2024-10-23,Buriram,Phuket,COD,Completed,,,No,4.0,2.08
104205,1980,Somchai Thongdee,somchai.thongdee773@yahoo.com,Pro Lamp 812,Groceries,891.32,5,25.0,3342.45,2025-08-23,Nong Khai,Chonburi,PromptPay,Shipped,,,No,6.0,0.11
101613,1574,Somsri Srisuk,somsri.srisuk150@hotmail.com,Plus Mouse 784,Electronics,280.55,7,30.0,1374.7,2025-08-03,Phuket,Bangkok,TrueMoney Wallet,Completed,,แพ็คเกจไม่แน่นหนา,No,4.0,1.03
102954,1335,Anucha Sinthop,,Lite Headphone 892,Groceries,762.21,7,0.0,5335.47,2024-06-12,Lampang,Chiang Mai,Installment,Completed,,จะกลับมาซื้อซ้ำแน่นอน,Yes,10.0,0.67
100962,1667,Yupin Sukjai,yupin.sukjai226@yahoo.com,Pro Bottle 850,Automotive,371.16,1,0.0,371.16,2023-11-14,Surat Thani,Phuket,PromptPay,Completed,,,No,5.0,3.1
102510,2996,Thawatchai Saelim,,Pro Speaker 509,Toys,369.45,4,0.0,1477.8,2025-12-20,Phuket,Udon Thani,COD,Shipped,,,No,5.0,0.15
103595,1845,Orawan Thongdee,orawan.thongdee230@hotmail.com,Mini Keyboard 165,Fashion,333.3,6,25.0,1499.85,2023-01-27,Trang,Nonthaburi,Credit Card,Returned,,,No,2.0,6.27
102984,1105,Anan Phetcharat,anan.phetcharat488@gmail.com,Mini Sneaker 363,FASHION,307.84,6,10.0,1662.34,2023-02-03,Lampang,Khon Kaen,TrueMoney Wallet,Completed,,โอเคสำหรับราคานี้,No,1.0,1.16
103491,1855,Wichai Sukjai,wichai.sukjai12@gmail.com,Lite Chair 297,Groceries,,9,10.0,1623.08,2023-05-04,Buriram,Chonburi,TrueMoney Wallet,Completed,4.0,บริการลูกค้าดีเยี่ยม,Yes,,2.9
103074,2455,Kanya Wattana,kanya.wattana300@outlook.com,Mini Blender 579,Home & Living,421.31,8,25.0,2527.86,2025-09-26,,Songkhla,TrueMoney Wallet,Completed,,,No,13.0,0.82
102415,2562,Ploy Wattana,ploy.wattana130@gmail.com,Lite Watch 970,Electronics,628.31,3,15.0,1602.19,2024-08-09,Khon Kaen,Bangkok,Credit Card,Cancelled,5.0,,No,9.0,5.26
104678,2225,Yupin Thongdee,yupin.thongdee409@outlook.com,Max Jacket 510,Toys,284.03,4,5.0,1079.31,2023-07-08,Pattaya,Nonthaburi,Bank Transfer,Returned,5.0,โอเคสำหรับราคานี้,No,1.0,4.0
104259,1226,Thawatchai Phetcharat,thawatchai.phetcharat743@hotmail.com,Lite Pillow 339,Automotive,177.21,8,5.0,1346.8,2024-09-29,Bangkok,Nakhon Ratchasima,TrueMoney Wallet,Completed,,ใช้งานได้ตามที่คาดหวัง,No,4.0,3.2
102185,2672,Niran Wattana,niran.wattana821@gmail.com,Smart Charger 414,Fashion,438.34,3,30.0,920.51,2025-01-17,Buriram,Khon Kaen,TrueMoney Wallet,Cancelled,4.0,,Yes,10.0,1.04
104003,2537,Thawatchai Panyawong,thawatchai.panyawong998@hotmail.com,Smart Headphone 879,Health,761.9,8,0.0,6095.2,2023-04-25,Chiang Mai,Phuket,Credit Card,Returned,,สีไม่ตรงตามรูป,No,6.0,0.45
102037,2372,Prasert Boonmee,prasert.boonmee255@outlook.com,Pro Notebook 376,Beauty,914.52,3,0.0,2743.56,2024-02-06,Nonthaburi,Chiang Mai,Bank Transfer,Returned,4.0,,No,14.0,0.6
104284,1557,Nittaya Wongsawat,nittaya.wongsawat811@hotmail.com,Pro Charger 682,Electronics,781.01,1,15.0,663.86,2023-10-09,Pattaya,Nonthaburi,Bank Transfer,Shipped,,,Yes,11.0,0.2
100772,1036,Prasert Chaiyaporn,prasert.chaiyaporn516@gmail.com,Smart Watch 955,Books,1227.65,2,25.0,1841.48,2024-06-07,Buriram,Rayong,TrueMoney Wallet,Shipped,3.0,,No,,0.73
101284,2577,Anucha Saelim,anucha.saelim373@yahoo.com,Plus Pillow 895,Automotive,510.41,4,0.0,2041.64,2023-11-30,Nakhon Si Thammarat,Nakhon Ratchasima,PromptPay,Completed,5.0,,No,2.0,0.16
104627,2317,Pranee Meesuk,pranee.meesuk798@outlook.com,Smart Blender 556,Automotive,211.67,5,0.0,1058.35,2025-08-01,Nong Khai,Rayong,PromptPay,Completed,,,No,13.0,
104760,2932,Yupin Boonmee,yupin.boonmee307@gmail.com,Pro Wallet 777,Automotive,334.41,4,0.0,1337.64,2023-10-02,Surat Thani,Chonburi,COD,Cancelled,,,Yes,6.0,1.68
104599,2537,Chatchai Chantra,chatchai.chantra173@hotmail.com,Plus Bottle 407,Health,536.44,7,0.0,3755.08,2025-06-29,Nonthaburi,Nakhon Ratchasima,Bank Transfer,Shipped,5.0,สินค้าดีมาก คุ้มราคา,No,11.0,0.55
101414,2319,Kanya Meesuk,kanya.meesuk113@hotmail.com,Plus Watch 307,Home & Living,369.54,4,0.0,1478.16,2025-05-21,Surat Thani,Bangkok,Installment,Completed,3.0,โอเคสำหรับราคานี้,Yes,10.0,0.15
101234,1882,Orawan Chotirat,,Pro Watch 695,Electronics,901.46,7,20.0,5048.18,2023-04-05,Bangkok,Chiang Mai,Bank Transfer,Completed,5.0,,No,7.0,1.02
103607,1887,Pranee Sukjai,pranee.sukjai765@yahoo.com,Mini Pillow 300,Home & Living,288.67,3,0.0,866.01,2025-02-15,Chiang Mai,Udon Thani,Bank Transfer,Returned,3.0,บริการลูกค้าดีเยี่ยม,Yes,,2.43
100435,2906,Niran Srisuk,niran.srisuk65@gmail.com,Lite Blender 730,Automotive,459.96,5,0.0,2299.8,2023-10-04,Hat Yai,Chonburi,TrueMoney Wallet,Completed,,,Yes,,0.91
101674,2341,Ploy Boonmee,ploy.boonmee556@outlook.com,Eco Wallet 349,Automotive,493.43,2,5.0,937.52,2024-04-18,Ubon Ratchathani,Khon Kaen,Credit Card,Completed,5.0,,No,7.0,1.31
100365,1623,Chaiyot Panyawong,chaiyot.panyawong771@outlook.com,Smart Lamp 578,Fashion,230.09,4,10.0,828.32,2024-07-11,Buriram,Nonthaburi,Credit Card,Completed,3.0,,Yes,11.0,2.97
102687,2646,Suchart Wongsawat,suchart.wongsawat339@yahoo.com,Ultra Charger 815,Health,918.85,4,,3675.4,2025-06-19,Bangkok,Nakhon Ratchasima,Bank Transfer,Shipped,,สินค้าดีมาก คุ้มราคา,No,11.0,2.2
100231,2363,Kittisak Chaiyaporn,kittisak.chaiyaporn84@gmail.com,Max Mouse 612,Automotive,1244.76,2,0.0,2489.52,2023-11-29,Surat Thani,Nakhon Ratchasima,Installment,Shipped,,,No,1.0,
104290,1701,Kanya Panyawong,kanya.panyawong383@yahoo.com,Plus Blender 138,Fashion,797.57,5,0.0,3987.85,2025-06-04,Ubon Ratchathani,Nakhon Ratchasima,Bank Transfer,Completed,,จะกลับมาซื้อซ้ำแน่นอน,Yes,9.0,0.38
104094,1558,Somkiat Naruemon,somkiat.naruemon924@hotmail.com,Pro Mouse 216,Electronics,1013.99,8,10.0,7300.73,2025-11-28,Udon Thani,Bangkok,Bank Transfer,Shipped,,,No,1.0,0.54
104422,1504,Suree Naruemon,suree.naruemon571@yahoo.com,Plus Bottle 665,Automotive,,3,0.0,2985.54,2024-07-15,Hat Yai,Songkhla,COD,Processing,,ของมาช้ากว่ากำหนด,No,10.0,0.9
100407,1913,Pranee Kaewkla,pranee.kaewkla131@yahoo.com,Pro Camera 653,Home & Living,286.05,1,0.0,286.05,2024-05-22,Buriram,Udon Thani,TrueMoney Wallet,Completed,3.0,,Yes,5.0,1.89
102090,1323,Pranee Sukjai,pranee.sukjai639@hotmail.com,Plus Charger 544,Health,299.36,3,0.0,898.08,2025-10-09,Phuket,Phuket,Bank Transfer,Completed,,,No,2.0,3.21
100086,2955,Yupin Kaewkla,yupin.kaewkla207@yahoo.com,Plus Bottle 479,Health,482.41,6,0.0,2894.46,2023-08-11,Khon Kaen,Phuket,Installment,Completed,5.0,โอเคสำหรับราคานี้,Yes,5.0,2.57
100844,1491,Malee Sukjai,malee.sukjai419@gmail.com,Smart Pillow 601,Toys,574.47,8,10.0,4136.18,2025-05-29,Phuket,Rayong,Credit Card,Completed,5.0,,Yes,8.0,3.77
101031,2122,Boonmee Panyawong,boonmee.panyawong371@gmail.com,Ultra Desk 756,Electronics,868.55,2,30.0,1215.97,2023-12-10,Chiang Mai,Chonburi,COD,Shipped,5.0,จะกลับมาซื้อซ้ำแน่นอน,No,13.0,2.7
102669,1751,Chatchai Thongdee,chatchai.thongdee339@gmail.com,Mini Jacket 375,Fashion,424.65,4,0.0,1698.6,2025-04-14,Trang,Udon Thani,Installment,Cancelled,1.0,,Yes,13.0,1.69
104816,1612,Boonmee Kaewkla,boonmee.kaewkla712@outlook.com,Mini Sneaker 232,Books,277.62,5,25.0,1041.07,2024-12-06,Phuket,Udon Thani,Installment,Completed,,,No,2.0,2.2
102763,2024,Duangjai Wongsawat,duangjai.wongsawat747@yahoo.com,Plus Bottle 570,Toys,1254.41,4,0.0,5017.64,2024-09-30,Chiang Rai,Phuket,PromptPay,Completed,,,No,5.0,0.22
103274,2698,Anucha Wattana,anucha.wattana852@gmail.com,Eco Charger 187,Home & Living,263.14,7,20.0,1473.58,2023-09-13,Trang,Bangkok,COD,Completed,5.0,,No,,0.16
102696,1890,Ploy Phetcharat,ploy.phetcharat918@gmail.com,Smart Wallet 255,Toys,314.29,5,0.0,1571.45,2025-04-02,Ubon Ratchathani,Udon Thani,COD,Shipped,,,No,5.0,0.61
100855,1794,Wilai Boonmee,wilai.boonmee754@hotmail.com,Smart Speaker 718,Health,624.58,8,30.0,3497.65,2025-04-19,Udon Thani,Nakhon Ratchasima,TrueMoney Wallet,Completed,3.0,,No,2.0,0.84
100078,2478,Chatchai Prasertsak,chatchai.prasertsak433@gmail.com,Ultra Keyboard 333,Electronics,958.72,2,0.0,1917.44,2023-02-19,Bangkok,Bangkok,TrueMoney Wallet,Shipped,,,No,6.0,0.48
102247,1362,Malee Boonmee,malee.boonmee895@hotmail.com,Eco Blender 498,Electronics,443.29,4,0.0,1773.16,2024-12-08,Nakhon Ratchasima,Chiang Mai,TrueMoney Wallet,Returned,,,No,5.0,1.36
104593,2563,Suchart Saelim,suchart.saelim932@outlook.com,Plus Watch 890,Toys,267.42,6,5.0,1524.29,2023-07-22,Khon Kaen,Bangkok,Credit Card,Cancelled,,,No,8.0,2.24
103706,2416,Prasert Wattana,prasert.wattana803@outlook.com,Plus Notebook 367,Sports,257.28,9,10.0,,2025-07-21,Udon Thani,Bangkok,TrueMoney Wallet,Completed,4.0,บริการลูกค้าดีเยี่ยม,Yes,,3.22
103887,1187,Siriporn Phetcharat,siriporn.phetcharat155@outlook.com,Ultra Keyboard 591,Electronics,664.18,8,0.0,5313.44,2024-07-29,Pattaya,Bangkok,Credit Card,Completed,,,No,5.0,0.53
104704,2900,Somsri Naruemon,somsri.naruemon292@yahoo.com,Lite Desk 651,Electronics,1284.38,1,0.0,1284.38,2025-03-08,Rayong,Nakhon Ratchasima,Bank Transfer,Completed,3.0,,No,4.0,0.6
102279,1294,Siriporn Sinthop,siriporn.sinthop666@outlook.com,Ultra Speaker 862,Books,246.51,7,0.0,1725.57,2023-05-23,,Rayong,Installment,Completed,4.0,ของมาช้ากว่ากำหนด,No,,1.44
103319,1127,Suree Intharak,suree.intharak207@yahoo.com,Mini Speaker 952,Beauty,205.34,6,0.0,1232.04,2024-08-13,Udon Thani,Chiang Mai,Installment,Processing,4.0,ส่งไวมาก ประทับใจ,No,5.0,0.62
104181,2595,,pranee.phetcharat777@hotmail.com,Max Wallet 605,Books,386.12,1,0.0,386.12,2025-12-20,Sakon Nakhon,Chonburi,Installment,Cancelled,4.0,,Yes,11.0,3.89
103922,1595,Anan Wongsawat,anan.wongsawat599@hotmail.com,Eco Bottle 120,Toys,956.96,8,5.0,7272.9,2025-11-02,Chiang Mai,Chiang Mai,PromptPay,Cancelled,4.0,แพ็คเกจไม่แน่นหนา,No,5.0,5.64
104855,1694,Suchart Kaewkla,suchart.kaewkla978@yahoo.com,Pro Bottle 693,Books,432.53,3,5.0,1232.71,2023-05-30,Sakon Nakhon,Phuket,Installment,Shipped,4.0,ใช้งานได้ตามที่คาดหวัง,Yes,,1.19
102176,2380,Wichai Chotirat,wichai.chotirat915@gmail.com,Smart Jacket 719,Home & Living,433.44,6,0.0,2600.64,2025-03-19,Ubon Ratchathani,Nakhon Ratchasima,Installment,Completed,3.0,จะกลับมาซื้อซ้ำแน่นอน,Yes,11.0,2.66
100424,2527,Wilai Intharak,wilai.intharak546@outlook.com,Pro Charger 778,Home & Living,962.72,6,0.0,5776.32,2024-03-22,Trang,Phuket,COD,Returned,3.0,บริการลูกค้าดีเยี่ยม,No,,0.17
100392,1586,Kanya Sukjai,kanya.sukjai197@gmail.com,Plus Jacket 631,Toys,364.52,7,15.0,2168.89,2024-07-07,Nakhon Si Thammarat,Udon Thani,,Completed,4.0,คุณภาพต่ำกว่าที่คิด,No,7.0,0.51
104750,2936,Rungnapa Wattana,rungnapa.wattana821@yahoo.com,Lite Headphone 128,Groceries,375.13,7,5.0,2494.61,2023-07-12,Buriram,Bangkok,Credit Card,Completed,5.0,ส่งไวมาก ประทับใจ,No,2.0,1.63
104966,2288,Boonmee Prasertsak,boonmee.prasertsak88@hotmail.com,Max Sneaker 539,Groceries,228.63,6,,1371.78,2024-01-29,Lampang,Songkhla,Installment,Completed,,,Yes,7.0,0.5
100104,2981,Wichai Phetcharat,wichai.phetcharat460@outlook.com,Lite Charger 855,Home & Living,1399.97,5,0.0,6999.85,2024-06-10,Krabi,Chiang Mai,Credit Card,Completed,5.0,,No,9.0,0.87
103013,2475,Ratana Chotirat,ratana.chotirat114@yahoo.com,Eco Jacket 680,Groceries,1472.21,1,5.0,1398.6,2025-09-30,Chiang Mai,Udon Thani,Bank Transfer,Returned,,บริการลูกค้าดีเยี่ยม,Yes,8.0,0.75
104461,1440,Wichai Wongsawat,wichai.wongsawat491@outlook.com,Plus Watch 192,Automotive,666.57,3,30.0,,2025-04-14,Pattaya,Nakhon Ratchasima,Installment,Completed,5.0,,No,8.0,0.36
103179,1669,Boonmee Prasertsak,boonmee.prasertsak527@yahoo.com,Plus Notebook 727,Home & Living,157.87,6,0.0,947.22,2025-10-24,Rayong,Khon Kaen,Installment,Completed,,,No,2.0,0.43
104630,2461,Prasert Chotirat,prasert.chotirat157@hotmail.com,Max Chair 166,Toys,429.01,1,30.0,300.31,2024-02-07,Bangkok,Khon Kaen,Installment,Completed,4.0,,Yes,6.0,4.6
101948,2978,Thawatchai Sinthop,thawatchai.sinthop752@gmail.com,Mini Bottle 121,Electronics,352.12,1,0.0,352.12,2024-03-24,Nakhon Si Thammarat,Nakhon Ratchasima,COD,Shipped,4.0,โอเคสำหรับราคานี้,Yes,13.0,1.19
101459,2006,Chatchai Sukjai,chatchai.sukjai3@hotmail.com,Plus Charger 953,Home & Living,436.87,7,15.0,2599.38,2023-10-15,Chiang Mai,Chonburi,Installment,Returned,,ส่งไวมาก ประทับใจ,No,14.0,0.2
104948,1000,Somsri Wongsawat,somsri.wongsawat107@outlook.com,Eco Notebook 334,Groceries,342.17,3,10.0,923.86,2023-07-06,Buriram,Phuket,Bank Transfer,Completed,3.0,แพ็คเกจไม่แน่นหนา,Yes,11.0,0.27
102843,2170,Anan Kaewkla,anan.kaewkla134@yahoo.com,Ultra Keyboard 932,Toys,631.49,1,0.0,631.49,2023-08-03,Hat Yai,Songkhla,COD,Completed,5.0,,No,13.0,1.5
104645,2474,Nittaya Srisuk,nittaya.srisuk731@hotmail.com,Smart Desk 582,Fashion,302.02,3,10.0,815.45,2023-11-21,Rayong,Nonthaburi,TrueMoney Wallet,Processing,3.0,บริการลูกค้าดีเยี่ยม,Yes,12.0,3.7
104813,2307,,prasert.sukjai33@outlook.com,Eco Blender 296,Groceries,354.78,7,30.0,1738.42,2025-03-07,Buriram,Phuket,Credit Card,Returned,1.0,,No,6.0,0.38
101587,2428,Orawan Phetcharat,orawan.phetcharat270@gmail.com,Mini Watch 553,Automotive,395.75,5,5.0,1879.81,2025-02-12,Trang,Khon Kaen,Credit Card,Completed,,ส่งไวมาก ประทับใจ,No,3.0,0.51
104498,2800,Suree Chotirat,suree.chotirat730@yahoo.com,Lite Desk 742,Health,1023.27,8,25.0,6139.62,2024-07-04,Ubon Ratchathani,Chiang Mai,Credit Card,Shipped,4.0,,No,5.0,2.45
101731,2252,Wilai Phetcharat,wilai.phetcharat465@yahoo.com,Ultra Blender 911,Home & Living ,1001.56,2,15.0,1702.65,2024-06-16,Krabi,Rayong,COD,Returned,5.0,สินค้าดีมาก คุ้มราคา,Yes,11.0,6.65
104788,2982,Chaiyot Sukjai,chaiyot.sukjai957@hotmail.com,Lite Lamp 440,Home & Living,86.37,5,30.0,302.3,2024-07-12,Udon Thani,Chonburi,TrueMoney Wallet,Processing,4.0,,Yes,14.0,3.62
104870,2777,Ratana Chantra,ratana.chantra108@outlook.com,Max Backpack 548,Toys,875.32,5,10.0,3938.94,2024-09-26,Nakhon Ratchasima,Chiang Mai,COD,Shipped,,,No,9.0,1.91
103731,2124,Boonmee Intharak,boonmee.intharak806@yahoo.com,Max Camera 720,Sports,630.41,2,10.0,1134.74,2025-10-25,Krabi,Nonthaburi,TrueMoney Wallet,Shipped,4.0,สีไม่ตรงตามรูป,Yes,4.0,1.78
101791,2249,Rungnapa Intharak,rungnapa.intharak638@gmail.com,Lite Sneaker 989,Toys,430.64,6,0.0,2583.84,2023-03-25,Nong Khai,Chonburi,COD,Completed,5.0,,,,1.12
102355,2561,Chatchai Panyawong,chatchai.panyawong850@outlook.com,Lite Headphone 130,Home & Living,570.82,1,15.0,485.2,2024-03-08,Buriram,Phuket,Installment,Completed,5.0,สินค้าดีมาก คุ้มราคา,Yes,,0.34
101940,2458,Sombat Chantra,sombat.chantra904@outlook.com,Eco Camera 366,Electronics,238.68,3,5.0,680.24,2025-03-31,Nakhon Si Thammarat,Songkhla,Bank Transfer,Cancelled,,บริการลูกค้าดีเยี่ยม,No,7.0,1.58
100702,1689,Boonmee Thongdee,boonmee.thongdee11@yahoo.com,Pro Backpack 372,Beauty,285.5,5,0.0,1427.5,2025-09-02,Lampang,Nonthaburi,Bank Transfer,Shipped,3.0,,No,4.0,0.52
102442,1733,Yupin Thongdee,yupin.thongdee521@yahoo.com,Eco Charger 127,Electronics,987.9,6,5.0,5631.03,2023-08-08,Surat Thani,Chonburi,Credit Card,Completed,5.0,,No,4.0,4.41
103858,1921,Ploy Naruemon,ploy.naruemon432@outlook.com,Eco Jacket 887,Automotive,430.21,2,0.0,860.42,2024-08-23,Bangkok,Chonburi,Bank Transfer,Shipped,3.0,,No,12.0,0.22
100496,1127,Kanya Rattanakul,kanya.rattanakul350@hotmail.com,Ultra Headphone 567,Electronics,106.93,1,0.0,106.93,2023-08-25,Sakon Nakhon,Songkhla,PromptPay,Completed,,จะกลับมาซื้อซ้ำแน่นอน,Yes,2.0,3.37
100464,2215,Pranee Wongsawat,pranee.wongsawat633@outlook.com,Ultra Keyboard 282,Automotive,302.15,8,10.0,2175.48,2024-08-02,Phuket,Udon Thani,PromptPay,Shipped,3.0,,No,10.0,0.99
103548,1920,Chomphunut Prasertsak,chomphunut.prasertsak361@hotmail.com,Pro Desk 388,Books,406.78,2,20.0,650.85,2023-12-04,Chiang Mai,Chonburi,Installment,Completed,,,Yes,5.0,3.49
104356,2799,Sombat Wattana,,Mini Pillow 572,Books,238.65,6,5.0,1360.3,2023-02-06,Ubon Ratchathani,Nakhon Ratchasima,Installment,Returned,,คุณภาพต่ำกว่าที่คิด,Yes,11.0,3.08
100172,1725,Anucha Boonmee,anucha.boonmee920@outlook.com,Pro Pillow 417,Groceries,578.4,1,0.0,578.4,2023-02-17,Khon Kaen,Udon Thani,PromptPay,Shipped,5.0,ส่งไวมาก ประทับใจ,No,8.0,0.15
103116,2005,Suchart Meesuk,,Ultra Speaker 307,Health,526.05,2,0.0,1052.1,2025-06-18,Nonthaburi,Udon Thani,TrueMoney Wallet,Shipped,3.0,บริการลูกค้าดีเยี่ยม,No,4.0,0.45
104820,1063,Prasert Intharak,prasert.intharak429@hotmail.com,Plus Desk 704,Health,210.6,9,10.0,1705.86,2025-10-05,Phuket,Udon Thani,Bank Transfer,Returned,1.0,จะกลับมาซื้อซ้ำแน่นอน,No,11.0,1.34
102540,1222,Duangjai Thongdee,duangjai.thongdee912@outlook.com,Lite Watch 673,Automotive,383.46,1,25.0,287.59,2025-12-12,Nakhon Ratchasima,Nonthaburi,Installment,Completed,4.0,,No,14.0,1.5
103307,1481,Boonmee Sinthop,boonmee.sinthop789@yahoo.com,Pro Speaker 337,Health,145.74,5,0.0,728.7,2024-01-20,Lampang,Chiang Mai,Installment,Completed,5.0,,No,8.0,2.85
102991,1643,Pichit Saelim,pichit.saelim690@outlook.com,Max Notebook 203,Automotive,247.03,4,0.0,988.12,2023-09-05,Ubon Ratchathani,Chonburi,Bank Transfer,Completed,1.0,,No,5.0,0.62
102260,1556,Duangjai Meesuk,,Mini Chair 167,Toys,579.87,6,10.0,3131.3,2024-11-12,Nong Khai,Khon Kaen,Credit Card,Cancelled,3.0,,,7.0,0.84
102112,1806,Ploy Intharak,ploy.intharak297@yahoo.com,Lite Camera 244,Health,253.16,4,25.0,759.48,2025-01-13,Pattaya,Phuket,TrueMoney Wallet,Completed,1.0,,No,14.0,2.49
100900,1828,Kanya Yodying,kanya.yodying82@yahoo.com,Mini Headphone 601,Toys,180.97,1,,144.78,2024-01-04,Hat Yai,Chonburi,Credit Card,Completed,,,No,12.0,0.59
101446,2549,Sombat Kaewkla,sombat.kaewkla507@outlook.com,Pro Headphone 476,Toys,346.64,5,0.0,1733.2,2025-02-03,Nakhon Ratchasima,Chiang Mai,Installment,Completed,,สินค้าดีมาก คุ้มราคา,Yes,8.0,0.87
103623,2661,Suchart Meesuk,,Lite Bottle 800,Groceries,371.43,1,0.0,371.43,2024-11-19,Rayong,Rayong,PromptPay,Completed,5.0,โอเคสำหรับราคานี้,No,8.0,1.71
100741,2926,Prasert Chaiyaporn,prasert.chaiyaporn525@gmail.com,Max Desk 508,Groceries,217.97,9,0.0,1961.73,2023-04-01,Nonthaburi,Khon Kaen,Installment,Completed,1.0,,Yes,4.0,0.24
102293,1855,Ratana Intharak,ratana.intharak189@outlook.com,Pro Pillow 166,Automotive,776.0,6,20.0,3724.8,2025-10-23,,Chonburi,Bank Transfer,Completed,1.0,คุณภาพต่ำกว่าที่คิด,No,2.0,0.44
102452,2967,Kanya Kaewkla,kanya.kaewkla441@yahoo.com,Max Watch 343,Beauty,277.5,4,0.0,1110.0,2023-09-19,Chiang Rai,Rayong,TrueMoney Wallet,Completed,4.0,,No,7.0,1.42
104302,1153,Kanya Boonmee,kanya.boonmee341@yahoo.com,Plus Chair 366,Beauty,275.64,9,0.0,2480.76,2025-10-22,Nonthaburi,Bangkok,PromptPay,Completed,3.0,ใช้งานได้ตามที่คาดหวัง,No,11.0,0.9
104109,1876,Pranee Sukjai,pranee.sukjai729@hotmail.com,Max Chair 612,Fashion,444.98,9,0.0,4004.82,2024-09-22,Hat Yai,Bangkok,PromptPay,Completed,4.0,,Yes,,0.49
101206,1830,Ratana Wattana,ratana.wattana936@outlook.com,Ultra Bottle 142,Toys,593.46,5,0.0,2967.3,2025-04-16,Lampang,Rayong,Credit Card,Completed,,,No,8.0,0.55
100509,1853,Somkiat Wongsawat,somkiat.wongsawat478@hotmail.com,Ultra Chair 445,Fashion,230.69,4,15.0,784.35,2023-02-28,Nonthaburi,Nakhon Ratchasima,Credit Card,Completed,,ใช้งานได้ตามที่คาดหวัง,Yes,1.0,4.48
104176,2395,Kittisak Kaewkla,kittisak.kaewkla233@hotmail.com,Max Sneaker 687,Books,564.96,6,20.0,2711.81,2024-08-08,Nong Khai,Rayong,PromptPay,Completed,5.0,ส่งไวมาก ประทับใจ,No,1.0,1.2
102658,2666,Pichit Panyawong,pichit.panyawong484@outlook.com,Eco Jacket 190,Automotive,1364.82,1,5.0,1296.58,2023-03-10,Chiang Mai,Chiang Mai,COD,Completed,,,,8.0,0.18
102842,2024,Sombat Intharak,sombat.intharak975@hotmail.com,Mini Blender 232,Fashion,1259.94,1,0.0,1259.94,2025-04-24,Khon Kaen,Rayong,Bank Transfer,Completed,5.0,,No,11.0,2.71
103774,1161,Boonmee Thongdee,boonmee.thongdee642@outlook.com,Mini Notebook 426,Health,356.52,9,15.0,2727.38,2025-08-10,Surat Thani,Chonburi,Credit Card,Shipped,,,Yes,2.0,0.51
101549,1140,Kittisak Phetcharat,,Eco Lamp 951,Electronics ,342.79,2,,617.02,2023-10-05,Trang,Nakhon Ratchasima,COD,Returned,,จะกลับมาซื้อซ้ำแน่นอน,No,2.0,
103312,1536,Suchart Naruemon,suchart.naruemon27@gmail.com,Pro Sneaker 216,BOOKS,491.65,1,0.0,491.65,2025-04-13,Pattaya,Nonthaburi,PromptPay,Completed,4.0,จะกลับมาซื้อซ้ำแน่นอน,No,2.0,0.15
102202,1037,Somkiat Panyawong,somkiat.panyawong409@gmail.com,Pro Backpack 307,Electronics,900.17,2,0.0,1800.34,2023-02-20,Hat Yai,Khon Kaen,Bank Transfer,Completed,4.0,,No,8.0,
102566,2150,Niran Chantra,niran.chantra881@hotmail.com,Mini Jacket 317,Home & Living,1009.49,7,10.0,6359.79,2023-04-07,Hat Yai,Rayong,Credit Card,Completed,4.0,,Yes,7.0,3.53
103573,1769,Kittisak Srisuk,kittisak.srisuk773@hotmail.com,Lite Notebook 949,Toys,463.75,8,0.0,3710.0,2023-11-04,Sakon Nakhon,Chonburi,Bank Transfer,Completed,5.0,,Yes,7.0,1.68
102044,1492,Anan Naruemon,anan.naruemon696@yahoo.com,Mini Desk 523,Health,932.8,1,5.0,886.16,2025-08-17,Chiang Rai,Udon Thani,COD,Returned,3.0,ใช้งานได้ตามที่คาดหวัง,No,,0.24
100767,1095,Pranee Srisuk,pranee.srisuk651@yahoo.com,Mini Desk 671,Fashion,271.67,9,0.0,,2024-07-07,Khon Kaen,Khon Kaen,PromptPay,Completed,3.0,,Yes,4.0,0.12
104897,1146,Boonmee Kaewkla,boonmee.kaewkla49@gmail.com,Lite Chair 921,Beauty,209.1,6,0.0,1254.6,2025-04-18,Nonthaburi,Bangkok,TrueMoney Wallet,Processing,4.0,แพ็คเกจไม่แน่นหนา,No,6.0,0.81
103788,2132,Duangjai Chotirat,duangjai.chotirat974@gmail.com,Eco Wallet 403,Books,367.45,2,0.0,734.9,2025-02-06,Hat Yai,Udon Thani,COD,Returned,,สินค้าดีมาก คุ้มราคา,No,13.0,0.91
100421,2300,Ratana Thongdee,ratana.thongdee906@hotmail.com,Mini Desk 988,Groceries,243.94,5,15.0,1036.75,2024-04-12,Chiang Mai,Rayong,,Completed,4.0,,Yes,4.0,0.56
100123,1791,Kittisak Chaiyaporn,kittisak.chaiyaporn621@outlook.com,Ultra Jacket 720,Automotive,129.52,2,0.0,259.04,2023-04-24,Surat Thani,Chiang Mai,TrueMoney Wallet,Processing,5.0,,Yes,6.0,
104184,2418,Rungnapa Wongsawat,rungnapa.wongsawat513@yahoo.com,Plus Bottle 531,Toys,133.0,7,0.0,931.0,2023-05-17,Sakon Nakhon,Songkhla,Bank Transfer,Shipped,4.0,สีไม่ตรงตามรูป,No,8.0,0.94
103231,1760,Wichai Saelim,wichai.saelim633@outlook.com,Ultra Blender 196,Sports,1755.99,2,15.0,2985.18,2025-06-26,Nakhon Si Thammarat,Rayong,TrueMoney Wallet,Completed,,ใช้งานได้ตามที่คาดหวัง,Yes,10.0,3.71
100819,2588,Ploy Panyawong,ploy.panyawong452@outlook.com,Eco Watch 618,Electronics,351.93,6,30.0,1478.11,2024-11-03,Krabi,Udon Thani,Bank Transfer,Completed,5.0,,No,,0.57
101403,1235,Somchai Prasertsak,somchai.prasertsak106@yahoo.com,Plus Wallet 735,Home & Living,296.52,9,10.0,2401.81,2025-06-11,Bangkok,Rayong,TrueMoney Wallet,Completed,3.0,โอเคสำหรับราคานี้,Yes,11.0,0.4
101382,1012,Niran Thongdee,niran.thongdee387@outlook.com,Pro Chair 903,Groceries,427.78,2,,812.78,2025-09-04,Bangkok,Bangkok,PromptPay,Completed,5.0,โอเคสำหรับราคานี้,No,11.0,2.53
102148,1053,Rungnapa Srisuk,rungnapa.srisuk682@gmail.com,Pro Pillow 611,Books,128.3,1,0.0,128.3,2023-02-22,Nakhon Ratchasima,Songkhla,Installment,Cancelled,,,No,5.0,0.73
101575,2013,Somkiat Chaiyaporn,somkiat.chaiyaporn666@hotmail.com,Max Headphone 279,Groceries,251.59,1,0.0,251.59,2024-06-08,Trang,Bangkok,PromptPay,Completed,4.0,ส่งไวมาก ประทับใจ,No,8.0,0.77
101638,2524,Chatchai Sukjai,chatchai.sukjai989@outlook.com,Eco Charger 951,Toys,501.67,4,15.0,1705.68,2024-05-24,Trang,Nakhon Ratchasima,TrueMoney Wallet,Completed,4.0,แพ็คเกจไม่แน่นหนา,No,10.0,0.19
101795,2523,Prasert Phetcharat,prasert.phetcharat383@gmail.com,Mini Desk 757,Books,1215.87,2,0.0,2431.74,2023-09-01,Rayong,Phuket,Bank Transfer,Shipped,5.0,ใช้งานได้ตามที่คาดหวัง,No,11.0,0.16
104839,2960,Nittaya Yodying,nittaya.yodying672@gmail.com,Eco Bottle 963,Fashion,372.89,5,15.0,1584.78,2025-09-08,Rayong,Chiang Mai,Installment,Completed,,สีไม่ตรงตามรูป,Yes,5.0,0.36
100399,1253,Chatchai Thongdee,,Ultra Wallet 129,Beauty,819.43,3,5.0,2335.38,2024-09-19,Nonthaburi,Chiang Mai,TrueMoney Wallet,Shipped,,สินค้าดีมาก คุ้มราคา,No,8.0,0.68
102310,1036,Suchart Sukjai,suchart.sukjai167@outlook.com,Lite Desk 628,Home & Living,676.42,4,0.0,2705.68,2023-09-10,Khon Kaen,Nakhon Ratchasima,PromptPay,Completed,,คุณภาพต่ำกว่าที่คิด,No,2.0,0.12
100882,2205,Pichit Meesuk,pichit.meesuk836@outlook.com,Smart Desk 149,Home & Living,460.56,7,0.0,3223.92,2024-06-03,Hat Yai,Bangkok,TrueMoney Wallet,Shipped,5.0,,No,3.0,0.52
104998,2211,Malee Meesuk,malee.meesuk597@gmail.com,Mini Headphone 515,Sports,309.71,8,0.0,2477.68,2025-06-25,Trang,Chiang Mai,COD,Completed,5.0,,Yes,8.0,1.35
103151,1341,Wilai Panyawong,wilai.panyawong566@yahoo.com,Max Headphone 960,ELECTRONICS,490.36,5,0.0,2451.8,2023-06-17,Buriram,Khon Kaen,Bank Transfer,Completed,4.0,แพ็คเกจไม่แน่นหนา,No,7.0,0.7
101352,2141,Pichit Phetcharat,pichit.phetcharat995@gmail.com,Pro Lamp 114,Automotive,983.74,9,0.0,8853.66,2024-10-18,Nakhon Si Thammarat,Bangkok,Credit Card,Completed,,ใช้งานได้ตามที่คาดหวัง,No,5.0,3.07
103361,2179,Orawan Intharak,orawan.intharak132@hotmail.com,Lite Watch 679,Electronics,335.99,6,,2015.94,2024-08-20,Khon Kaen,Rayong,TrueMoney Wallet,Cancelled,,,Yes,14.0,1.34
104573,1654,Siriporn Thongdee,siriporn.thongdee859@outlook.com,Max Watch 639,Groceries,595.97,7,25.0,3128.84,2025-02-12,Khon Kaen,Nonthaburi,TrueMoney Wallet,Processing,,สินค้าดีมาก คุ้มราคา,No,4.0,0.91
102130,2333,Ratana Sinthop,ratana.sinthop513@hotmail.com,Pro Backpack 187,Electronics,928.35,6,,5013.09,2024-11-17,Krabi,Nonthaburi,,Completed,,,Yes,13.0,0.15
100982,2168,Yupin Rattanakul,yupin.rattanakul977@outlook.com,Eco Blender 640,Home & Living,180.59,5,15.0,767.51,2024-03-01,Chiang Mai,Khon Kaen,Installment,Cancelled,5.0,,Yes,1.0,0.35
100456,2504,Siriporn Phetcharat,siriporn.phetcharat64@outlook.com,Lite Pillow 946,Automotive,561.15,5,0.0,2805.75,2025-07-16,Pattaya,Bangkok,PromptPay,Completed,4.0,สีไม่ตรงตามรูป,No,11.0,1.83
104377,1493,Boonmee Saelim,,Plus Bottle 160,Electronics,198.32,6,5.0,1130.42,2023-12-05,Bangkok,Phuket,TrueMoney Wallet,Shipped,4.0,,Yes,14.0,1.75
101079,1267,Rungnapa Sukjai,rungnapa.sukjai373@hotmail.com,Lite Blender 708,Sports,1583.67,4,5.0,6017.95,2023-07-30,Khon Kaen,Chiang Mai,PromptPay,Returned,3.0,โอเคสำหรับราคานี้,No,6.0,0.49
101950,1956,Niran Sukjai,niran.sukjai516@outlook.com,Max Lamp 875,Home & Living,296.26,9,5.0,2533.02,2024-04-04,Sakon Nakhon,Khon Kaen,PromptPay,Completed,,ใช้งานได้ตามที่คาดหวัง,No,11.0,0.12
104337,1285,Pichit Boonmee,pichit.boonmee975@hotmail.com,Smart Speaker 186,Groceries,641.01,1,10.0,576.91,2025-09-17,Khon Kaen,Khon Kaen,TrueMoney Wallet,Processing,5.0,,No,12.0,3.86
100689,1515,Chomphunut Sukjai,chomphunut.sukjai422@gmail.com,Max Bottle 125,Automotive,284.03,3,10.0,766.88,2023-12-02,Chiang Mai,Nakhon Ratchasima,COD,Processing,4.0,คุณภาพต่ำกว่าที่คิด,Yes,11.0,0.49
102429,1386,Suree Srisuk,suree.srisuk973@outlook.com,Lite Jacket 756,Health,315.74,5,,1105.09,2024-06-05,Hat Yai,Chiang Mai,Bank Transfer,Completed,3.0,สินค้าดีมาก คุ้มราคา,Yes,1.0,0.33
100641,2986,Somkiat Kaewkla,somkiat.kaewkla96@hotmail.com,Plus Wallet 467,Toys,482.76,7,0.0,3379.32,2023-10-10,Lampang,Phuket,PromptPay,Completed,4.0,,No,12.0,0.17
102392,2797,Malee Chotirat,malee.chotirat361@gmail.com,Smart Watch 935,Home & Living,1610.92,8,0.0,12887.36,2025-05-22,Bangkok,Nakhon Ratchasima,Credit Card,Returned,5.0,,Yes,2.0,2.93
101953,2592,Kanya Intharak,kanya.intharak175@yahoo.com,Plus Chair 878,Books,250.92,2,10.0,451.66,2025-06-13,Nakhon Si Thammarat,Songkhla,Bank Transfer,Processing,4.0,,No,5.0,
102787,2208,Suchart Wongsawat,suchart.wongsawat389@yahoo.com,Max Camera 148,Toys,409.6,7,0.0,2867.2,2024-09-21,Udon Thani,Songkhla,TrueMoney Wallet,Shipped,,,Yes,1.0,3.37
102805,1745,Somchai Sinthop,,Plus Bottle 839,Books,369.73,4,0.0,1478.92,2023-12-27,,Phuket,Bank Transfer,Completed,5.0,,Yes,2.0,0.26
103481,1801,Thawatchai Sukjai,thawatchai.sukjai662@outlook.com,Pro Jacket 923,Toys,770.55,6,10.0,4160.97,2025-01-11,Rayong,Rayong,Credit Card,Completed,5.0,,No,11.0,
103382,1123,Ratana Panyawong,ratana.panyawong936@outlook.com,Smart Bottle 935,TOYS,429.8,8,0.0,3438.4,2024-03-14,Khon Kaen,Khon Kaen,Installment,Completed,5.0,,Yes,4.0,0.35
104790,2660,Thawatchai Saelim,thawatchai.saelim483@hotmail.com,Plus Camera 846,Toys,1920.68,6,25.0,8643.06,2024-05-23,Bangkok,Nakhon Ratchasima,Installment,Cancelled,3.0,,No,3.0,4.8
104047,1781,Nittaya Kaewkla,nittaya.kaewkla391@hotmail.com,Lite Headphone 200,Books,164.76,1,20.0,131.81,2024-02-11,Khon Kaen,Chonburi,PromptPay,Completed,1.0,,No,12.0,2.81
101884,1148,Suree Prasertsak,suree.prasertsak362@hotmail.com,Lite Camera 120,Fashion,1000.09,8,,6800.61,2025-03-08,Nakhon Ratchasima,Nonthaburi,PromptPay,Shipped,5.0,จะกลับมาซื้อซ้ำแน่นอน,No,2.0,2.45
100389,2696,Kanya Wongsawat,kanya.wongsawat227@gmail.com,Lite Sneaker 999,Health,475.3,4,15.0,1616.02,2024-08-21,Ubon Ratchathani,Chonburi,COD,Shipped,3.0,ของมาช้ากว่ากำหนด,No,5.0,1.87
102494,2486,Duangjai Sukjai,duangjai.sukjai972@gmail.com,Lite Mouse 140,Toys,347.05,4,25.0,1041.15,2023-02-14,Udon Thani,Songkhla,Installment,Shipped,,คุณภาพต่ำกว่าที่คิด,No,9.0,2.55
104314,1283,Sombat Sukjai,,Pro Jacket 431,Electronics,598.51,5,20.0,2394.04,2024-06-26,Pattaya,Udon Thani,TrueMoney Wallet,Completed,4.0,,No,10.0,0.9
102932,1011,Kanya Boonmee,,Lite Jacket 269,Sports,792.62,2,0.0,1585.24,2025-04-22,Bangkok,Udon Thani,Installment,Completed,,ใช้งานได้ตามที่คาดหวัง,No,13.0,0.91
100845,1912,Thawatchai Sinthop,thawatchai.sinthop944@gmail.com,Eco Speaker 650,Groceries,75.06,1,0.0,75.06,2024-05-09,Phuket,Chiang Mai,PromptPay,Completed,4.0,ของมาช้ากว่ากำหนด,No,6.0,7.5
100542,1511,Wilai Prasertsak,wilai.prasertsak814@hotmail.com,Plus Wallet 368,Electronics,531.41,4,0.0,2125.64,2023-09-28,Udon Thani,Rayong,TrueMoney Wallet,Completed,,,Yes,4.0,1.97
100091,2021,Ploy Saelim,ploy.saelim426@outlook.com,Max Sneaker 924,Health,1250.21,6,30.0,5250.88,2023-10-24,Trang,Chiang Mai,Installment,Completed,,,Yes,10.0,2.69
103941,1943,,yupin.kaewkla502@yahoo.com,Plus Pillow 770,Books,218.5,8,0.0,1748.0,2025-05-09,Udon Thani,Chonburi,Credit Card,Shipped,5.0,,Yes,1.0,0.59
101979,2900,Rungnapa Sinthop,,Mini Desk 576,Electronics,339.53,5,15.0,,2025-03-04,Krabi,Bangkok,Bank Transfer,Completed,,สีไม่ตรงตามรูป,Yes,,2.04
102873,2404,Yupin Sukjai,yupin.sukjai612@outlook.com,Max Desk 116,Health,841.68,7,20.0,4713.41,2024-05-06,Sakon Nakhon,Nonthaburi,COD,Completed,4.0,บริการลูกค้าดีเยี่ยม,No,12.0,2.26
104112,2649,Somkiat Rattanakul,somkiat.rattanakul229@gmail.com,Ultra Camera 209,Automotive,500.9,4,0.0,2003.6,2023-04-13,Krabi,Chonburi,Bank Transfer,Returned,5.0,,No,4.0,0.74
102943,2349,Thawatchai Thongdee,thawatchai.thongdee354@outlook.com,Mini Keyboard 775,Electronics,208.58,8,15.0,1418.34,2023-10-05,Nakhon Si Thammarat,Nonthaburi,TrueMoney Wallet,Completed,,,No,12.0,3.39
102529,2328,Wilai Sukjai,wilai.sukjai119@hotmail.com,Smart Chair 470,Electronics,749.11,7,0.0,5243.77,2023-08-21,Bangkok,Phuket,TrueMoney Wallet,Completed,,,No,8.0,2.94
101676,1669,Rungnapa Panyawong,rungnapa.panyawong866@outlook.com,Plus Chair 724,Sports,494.79,2,0.0,989.58,2023-09-08,Hat Yai,Nonthaburi,Credit Card,Returned,,,No,6.0,1.89
101048,1713,Sombat Boonmee,sombat.boonmee795@gmail.com,Plus Wallet 452,Groceries,910.38,3,0.0,2731.14,2023-06-18,Trang,Songkhla,PromptPay,Processing,5.0,,Yes,11.0,0.52
101960,1215,Suchart Sinthop,suchart.sinthop22@hotmail.com,Mini Lamp 338,Books,1254.05,5,10.0,5643.22,2023-12-31,Chiang Rai,Chiang Mai,COD,Cancelled,1.0,สินค้าดีมาก คุ้มราคา,No,14.0,
102530,2895,Ratana Rattanakul,,Eco Wallet 870,Toys,128.48,1,0.0,128.48,2025-02-06,Trang,Nonthaburi,TrueMoney Wallet,Completed,,,Yes,14.0,0.39
103277,1129,Rungnapa Prasertsak,rungnapa.prasertsak33@yahoo.com,Max Jacket 334,Health,148.76,6,10.0,803.3,2024-02-21,,Nonthaburi,Installment,Cancelled,,,No,12.0,1.76
100237,2371,Wilai Sukjai,wilai.sukjai603@outlook.com,Lite Chair 113,Health,392.8,9,15.0,3004.92,2023-11-11,Udon Thani,Songkhla,Bank Transfer,Completed,5.0,ใช้งานได้ตามที่คาดหวัง,No,8.0,1.61
103007,2961,Pranee Saelim,pranee.saelim570@outlook.com,Pro Camera 814,Books,532.67,9,0.0,4794.03,2025-08-07,Bangkok,Bangkok,Credit Card,Cancelled,,,Yes,10.0,
103536,2343,Ploy Phetcharat,ploy.phetcharat588@gmail.com,Pro Sneaker 508,Home & Living,196.72,1,5.0,186.88,2024-06-11,Hat Yai,Rayong,PromptPay,Completed,,แพ็คเกจไม่แน่นหนา,No,2.0,1.32
101133,1784,Chaiyot Panyawong,,Pro Camera 602,Fashion,643.76,5,0.0,3218.8,2023-04-16,Chiang Mai,Rayong,TrueMoney Wallet,Cancelled,5.0,ใช้งานได้ตามที่คาดหวัง,No,8.0,1.2
101805,2750,Thawatchai Boonmee,thawatchai.boonmee367@hotmail.com,Pro Speaker 153,Toys,237.54,9,,2137.86,2024-08-01,Hat Yai,Chonburi,TrueMoney Wallet,Completed,4.0,,No,7.0,1.52
104165,2939,Suchart Saelim,suchart.saelim423@yahoo.com,Max Desk 734,Health,,7,,2526.2,2023-11-28,Sakon Nakhon,Nonthaburi,TrueMoney Wallet,Completed,4.0,คุณภาพต่ำกว่าที่คิด,Yes,7.0,0.22
100163,2071,Wichai Wongsawat,wichai.wongsawat350@yahoo.com,Smart Mouse 126,Beauty,708.13,1,15.0,601.91,2025-01-19,Hat Yai,Udon Thani,Bank Transfer,Returned,2.0,จะกลับมาซื้อซ้ำแน่นอน,Yes,5.0,0.44
103540,1991,Kittisak Saelim,kittisak.saelim222@hotmail.com,Mini Desk 159,Beauty,1006.49,7,0.0,7045.43,2025-04-02,Chiang Rai,Nakhon Ratchasima,TrueMoney Wallet,Completed,5.0,,Yes,12.0,0.1
104733,2572,Nittaya Yodying,nittaya.yodying117@gmail.com,Lite Speaker 929,Health,119.28,6,15.0,608.33,2023-09-21,Udon Thani,Chiang Mai,COD,Returned,1.0,,No,4.0,
104076,2938,Pranee Naruemon,pranee.naruemon701@outlook.com,Ultra Lamp 349,Health,277.44,3,10.0,749.09,2024-11-26,Nong Khai,Udon Thani,PromptPay,Returned,5.0,,Yes,8.0,1.08
103499,1100,Chatchai Sukjai,chatchai.sukjai902@yahoo.com,Ultra Mouse 249,Automotive,380.05,2,0.0,760.1,2024-11-21,Ubon Ratchathani,Khon Kaen,COD,Shipped,,,Yes,11.0,0.99
103244,2442,Ratana Saelim,ratana.saelim283@yahoo.com,Max Pillow 852,Sports,244.99,1,15.0,208.24,2025-05-24,Bangkok,Khon Kaen,Bank Transfer,Completed,,ของมาช้ากว่ากำหนด,No,,1.84
103684,1514,Chatchai Thongdee,chatchai.thongdee187@hotmail.com,Eco Notebook 810,Books,164.03,6,0.0,984.18,2024-03-04,Chiang Rai,Rayong,Installment,Completed,2.0,,No,7.0,5.28
104797,1434,Pranee Panyawong,pranee.panyawong339@gmail.com,Lite Charger 303,Books,562.01,8,0.0,4496.08,2025-09-10,Pattaya,Rayong,Installment,Cancelled,3.0,ใช้งานได้ตามที่คาดหวัง,Yes,10.0,0.96
101811,2232,Anucha Sinthop,anucha.sinthop327@gmail.com,Lite Watch 548,Health,421.83,4,0.0,1687.32,2024-01-03,Krabi,Chiang Mai,Credit Card,Completed,5.0,ใช้งานได้ตามที่คาดหวัง,No,11.0,0.94
103153,2153,Nittaya Yodying,nittaya.yodying751@gmail.com,Ultra Speaker 747,Fashion,223.81,7,0.0,1566.67,2025-07-13,Ubon Ratchathani,Nonthaburi,TrueMoney Wallet,Processing,3.0,ของมาช้ากว่ากำหนด,Yes,8.0,0.15
103192,1236,Chomphunut Saelim,chomphunut.saelim97@outlook.com,Smart Pillow 170,Health,193.23,1,0.0,193.23,2024-04-05,Nakhon Si Thammarat,Phuket,Installment,Completed,4.0,,Yes,2.0,0.65
101428,1724,Anan Chotirat,anan.chotirat357@gmail.com,Mini Desk 781,Home & Living,227.03,7,0.0,1589.21,2024-12-31,,Chonburi,COD,Completed,4.0,สีไม่ตรงตามรูป,No,,0.72
103795,1867,Prasert Srisuk,prasert.srisuk854@outlook.com,Eco Bottle 811,Beauty,945.83,6,5.0,5391.23,2025-01-24,Chiang Mai,Chiang Mai,TrueMoney Wallet,Shipped,,,Yes,8.0,0.93
104620,1048,Chaiyot Sinthop,chaiyot.sinthop917@hotmail.com,Pro Keyboard 564,Automotive,693.81,3,10.0,1873.29,2023-10-24,Nakhon Ratchasima,Nonthaburi,TrueMoney Wallet,Shipped,,แพ็คเกจไม่แน่นหนา,No,,3.48
103442,2731,Somchai Saelim,somchai.saelim988@hotmail.com,Eco Watch 729,Groceries,364.72,4,20.0,1167.1,2024-04-20,Hat Yai,Khon Kaen,PromptPay,Completed,4.0,ส่งไวมาก ประทับใจ,Yes,,1.22
104483,1403,Wichai Prasertsak,wichai.prasertsak957@yahoo.com,Smart Sneaker 117,Beauty,363.47,2,0.0,726.94,2025-08-05,Chiang Rai,Udon Thani,Bank Transfer,Completed,,สินค้าดีมาก คุ้มราคา,No,,3.88
104673,2216,Thawatchai Phetcharat,thawatchai.phetcharat406@hotmail.com,Mini Lamp 895,Automotive,613.27,4,20.0,1962.46,2024-01-19,Nakhon Ratchasima,Udon Thani,Installment,Shipped,5.0,บริการลูกค้าดีเยี่ยม,Yes,,7.92
102860,2184,Ratana Thongdee,ratana.thongdee103@outlook.com,Plus Mouse 875,Home & Living,835.2,2,15.0,,2025-02-25,Nonthaburi,Phuket,Credit Card,Shipped,3.0,โอเคสำหรับราคานี้,Yes,11.0,1.09
101452,2046,Somsri Yodying,,Ultra Camera 457,Books,559.44,2,,1006.99,2023-01-24,,Phuket,COD,Shipped,5.0,,Yes,9.0,2.96
100593,2843,Nittaya Meesuk,nittaya.meesuk805@yahoo.com,Ultra Headphone 342,Sports,253.54,5,0.0,1267.7,2025-09-09,Buriram,Khon Kaen,,Returned,4.0,,No,14.0,0.69
102725,1132,Somchai Prasertsak,somchai.prasertsak201@outlook.com,Eco Camera 250,Health,614.18,2,30.0,859.85,2023-04-13,Bangkok,Chiang Mai,Installment,Completed,4.0,,No,3.0,0.78
100041,1510,Chomphunut Prasertsak,,Smart Pillow 292,Beauty,,4,5.0,952.89,2023-04-23,Surat Thani,Songkhla,Bank Transfer,Completed,5.0,,No,8.0,0.54
100560,2213,Pichit Phetcharat,pichit.phetcharat511@outlook.com,Eco Bottle 678,Books,397.57,8,,3180.56,2024-09-09,Nakhon Ratchasima,Songkhla,TrueMoney Wallet,Completed,,สินค้าดีมาก คุ้มราคา,No,,0.15
102977,2562,Boonmee Sukjai,boonmee.sukjai727@yahoo.com,Smart Bottle 924,Beauty,226.31,4,0.0,905.24,2025-11-03,Sakon Nakhon,Nakhon Ratchasima,TrueMoney Wallet,Completed,4.0,,No,6.0,0.8
103247,1142,Nittaya Intharak,nittaya.intharak138@gmail.com,Eco Camera 971,Sports,360.65,1,0.0,360.65,2025-12-20,Krabi,Nakhon Ratchasima,TrueMoney Wallet,Completed,5.0,,No,1.0,0.94
100243,2400,Suree Panyawong,suree.panyawong844@hotmail.com,Ultra Notebook 159,Groceries,613.29,2,5.0,1165.25,2024-10-15,Udon Thani,Nakhon Ratchasima,Credit Card,Completed,5.0,,No,6.0,
101339,1573,Somkiat Prasertsak,somkiat.prasertsak844@hotmail.com,Eco Charger 816,Books,639.57,1,,479.68,2025-09-18,Nonthaburi,Rayong,PromptPay,Cancelled,4.0,,No,13.0,1.15
102819,2198,Ploy Meesuk,ploy.meesuk487@yahoo.com,Max Lamp 443,Beauty,116.14,2,0.0,232.28,2024-06-03,Krabi,Chonburi,TrueMoney Wallet,Completed,5.0,,Yes,12.0,2.0
103002,1158,Kittisak Intharak,kittisak.intharak640@hotmail.com,Eco Sneaker 967,Beauty,964.16,9,0.0,8677.44,2024-03-08,Bangkok,Songkhla,PromptPay,Completed,,,No,4.0,3.36
103849,1709,,anucha.rattanakul264@hotmail.com,Lite Backpack 736,Sports,392.96,8,15.0,2672.13,2025-01-10,Chiang Rai,Bangkok,PromptPay,Shipped,,,Yes,1.0,0.79
101442,1295,Sombat Sukjai,sombat.sukjai149@gmail.com,Ultra Notebook 682,Books,265.6,8,10.0,1912.32,2024-03-08,Nonthaburi,Khon Kaen,Installment,Completed,5.0,,Yes,11.0,1.99
100261,1683,Niran Srisuk,niran.srisuk146@outlook.com,Pro Chair 810,Groceries,460.11,6,0.0,2760.66,2024-05-11,Surat Thani,Rayong,Credit Card,Cancelled,5.0,,No,,0.44
102803,2359,Sombat Sinthop,sombat.sinthop356@yahoo.com,Ultra Sneaker 491,Beauty,842.33,9,0.0,7580.97,2024-10-15,Khon Kaen,Udon Thani,COD,Returned,,,Yes,3.0,0.24
101689,2198,Malee Yodying,,Eco Sneaker 641,Toys,227.96,4,5.0,866.25,2025-07-23,Hat Yai,Nonthaburi,Installment,Returned,,,No,9.0,0.3
101725,1442,Wichai Kaewkla,wichai.kaewkla96@gmail.com,Mini Lamp 520,Health,540.21,4,0.0,2160.84,2024-03-28,Hat Yai,Rayong,Credit Card,Returned,5.0,,No,1.0,0.57
101203,2079,Somkiat Chotirat,somkiat.chotirat203@gmail.com,Lite Notebook 834,Groceries,459.89,1,0.0,459.89,2023-10-09,Sakon Nakhon,Khon Kaen,Credit Card,Completed,,,No,5.0,0.86
100834,2238,Rungnapa Yodying,rungnapa.yodying201@hotmail.com,Pro Camera 597,Toys,911.13,5,0.0,4555.65,2025-09-16,Sakon Nakhon,Chonburi,Installment,Completed,3.0,,No,1.0,1.16
101866,1921,Pichit Kaewkla,pichit.kaewkla77@yahoo.com,Plus Wallet 608,Health,459.64,8,0.0,3677.12,2025-02-07,Buriram,Rayong,COD,Completed,5.0,,Yes,9.0,0.12
102496,2333,Anucha Chotirat,anucha.chotirat601@outlook.com,Pro Jacket 950,Home & Living,833.31,3,10.0,,2023-11-01,Buriram,Nonthaburi,TrueMoney Wallet,Processing,,สินค้าดีมาก คุ้มราคา,No,10.0,3.38
102010,1994,Suree Rattanakul,suree.rattanakul296@gmail.com,Plus Desk 932,Groceries,803.29,3,0.0,2409.87,2024-11-21,Surat Thani,Chonburi,COD,Completed,1.0,,No,13.0,3.12
100340,1146,Kanya Prasertsak,kanya.prasertsak802@hotmail.com,Pro Backpack 167,Groceries,482.37,2,10.0,868.27,2023-02-20,Krabi,Nakhon Ratchasima,Bank Transfer,Completed,5.0,บริการลูกค้าดีเยี่ยม,Yes,8.0,0.84
104628,2819,Boonmee Yodying,boonmee.yodying567@yahoo.com,Pro Keyboard 950,Home & Living,321.37,7,0.0,2249.59,2024-05-15,Chiang Mai,Bangkok,Bank Transfer,Processing,4.0,คุณภาพต่ำกว่าที่คิด,Yes,,
101601,1660,Wilai Saelim,wilai.saelim185@gmail.com,Eco Keyboard 426,Toys,285.3,4,5.0,1084.14,2025-10-28,Udon Thani,Rayong,Installment,Processing,,สินค้าดีมาก คุ้มราคา,No,,0.15
103905,2243,Ratana Yodying,ratana.yodying297@yahoo.com,Lite Chair 557,Books,467.6,8,0.0,3740.8,2023-02-20,Trang,Nakhon Ratchasima,COD,Completed,5.0,,No,5.0,2.94
104718,1362,Malee Wattana,malee.wattana226@gmail.com,Plus Pillow 892,Groceries,452.66,9,0.0,4073.94,2024-01-09,Nonthaburi,Udon Thani,Installment,Shipped,,จะกลับมาซื้อซ้ำแน่นอน,Yes,2.0,0.78
100480,2372,Ploy Kaewkla,ploy.kaewkla141@gmail.com,Plus Chair 953,Electronics,421.79,9,,3036.89,2023-10-21,Krabi,Bangkok,TrueMoney Wallet,Completed,2.0,,No,11.0,7.69
102865,1584,Wichai Panyawong,wichai.panyawong852@outlook.com,Smart Backpack 236,Health,539.65,5,20.0,2158.6,2024-07-14,Khon Kaen,Rayong,COD,Completed,,บริการลูกค้าดีเยี่ยม,,14.0,4.87
104562,1484,Somsri Boonmee,,Pro Camera 385,Toys,234.85,1,,234.85,2025-04-21,Udon Thani,Songkhla,TrueMoney Wallet,Completed,4.0,,No,7.0,1.66
104486,1601,Ratana Thongdee,ratana.thongdee321@yahoo.com,Mini Notebook 919,Books,624.49,4,25.0,,2024-11-16,Trang,Chonburi,TrueMoney Wallet,Cancelled,,,No,3.0,1.48
104662,2943,Chaiyot Naruemon,chaiyot.naruemon863@yahoo.com,Max Charger 450,Home & Living,399.66,3,0.0,1198.98,2024-01-17,Pattaya,Phuket,Installment,Completed,5.0,,No,12.0,1.27
103908,1905,Malee Boonmee,malee.boonmee168@outlook.com,Plus Blender 892,Electronics,442.9,7,15.0,2635.25,2025-08-15,Udon Thani,Bangkok,TrueMoney Wallet,Completed,5.0,,No,10.0,0.89
104043,1078,Somsri Prasertsak,somsri.prasertsak146@outlook.com,Plus Headphone 621,Sports,221.68,2,10.0,399.02,2024-08-09,Chiang Rai,Udon Thani,PromptPay,Completed,4.0,,Yes,2.0,1.8
101766,1914,Pranee Naruemon,pranee.naruemon949@gmail.com,Pro Camera 595,Health,733.43,2,5.0,1393.52,2024-02-20,,Chonburi,Bank Transfer,Completed,5.0,บริการลูกค้าดีเยี่ยม,No,6.0,3.29
104771,2439,Sombat Phetcharat,sombat.phetcharat122@yahoo.com,Smart Charger 145,Groceries,376.77,7,5.0,2505.52,2025-02-17,Krabi,Udon Thani,Credit Card,Completed,4.0,โอเคสำหรับราคานี้,No,1.0,1.75
102453,2016,Ratana Panyawong,ratana.panyawong589@yahoo.com,Pro Chair 971,Health,126.45,9,0.0,1138.05,2025-03-27,Nakhon Si Thammarat,Bangkok,PromptPay,Completed,,,Yes,6.0,5.39
104236,1247,Duangjai Wongsawat,duangjai.wongsawat874@gmail.com,Mini Notebook 785,Electronics,344.71,1,0.0,344.71,2025-12-05,Pattaya,Rayong,Bank Transfer,Completed,5.0,,No,8.0,2.85
103866,1703,Kittisak Chotirat,kittisak.chotirat730@hotmail.com,Max Watch 243,Books,411.02,7,0.0,2877.14,2025-10-10,Nong Khai,Phuket,PromptPay,Processing,5.0,สินค้าดีมาก คุ้มราคา,Yes,8.0,6.98
104069,1678,Anucha Panyawong,anucha.panyawong145@hotmail.com,Max Desk 828,Fashion,155.84,9,0.0,1402.56,2025-08-29,Khon Kaen,Phuket,COD,Completed,4.0,บริการลูกค้าดีเยี่ยม,Yes,11.0,1.89
104701,2054,Pranee Panyawong,pranee.panyawong414@yahoo.com,Ultra Pillow 820,Beauty,633.78,4,0.0,2535.12,2025-09-20,Nonthaburi,Khon Kaen,Credit Card,Completed,3.0,,Yes,10.0,0.43
103729,2847,,boonmee.boonmee625@outlook.com,Pro Sneaker 722,Sports,320.23,6,0.0,1921.38,2025-11-10,,Chonburi,TrueMoney Wallet,Completed,4.0,,No,7.0,0.34
101271,1108,Anucha Chaiyaporn,anucha.chaiyaporn276@yahoo.com,Mini Camera 495,Automotive,273.39,5,0.0,1366.95,2024-12-19,Pattaya,Nakhon Ratchasima,,Completed,4.0,โอเคสำหรับราคานี้,No,12.0,1.15
104098,2127,Prasert Thongdee,prasert.thongdee833@hotmail.com,Plus Mouse 106,Fashion,405.59,9,0.0,3650.31,2024-03-29,Hat Yai,Khon Kaen,Credit Card,Completed,5.0,,No,13.0,0.8
104524,2643,Siriporn Phetcharat,siriporn.phetcharat488@outlook.com,Ultra Wallet 924,Sports,940.94,1,0.0,940.94,2025-08-05,Pattaya,Rayong,Installment,Completed,5.0,,Yes,1.0,2.89
103137,1427,Siriporn Sinthop,siriporn.sinthop760@hotmail.com,Smart Backpack 994,Health,487.41,8,20.0,3119.42,2023-09-21,Khon Kaen,Songkhla,,Completed,,จะกลับมาซื้อซ้ำแน่นอน,No,13.0,3.0
104375,1778,Anan Srisuk,anan.srisuk701@hotmail.com,Mini Sneaker 177,Automotive,501.46,1,25.0,376.1,2024-02-01,Chiang Rai,Chiang Mai,PromptPay,Completed,3.0,,No,11.0,1.75
100347,2959,Anan Yodying,,Lite Backpack 847,Electronics,955.23,9,0.0,8597.07,2023-08-20,Phuket,Udon Thani,Installment,Returned,5.0,แพ็คเกจไม่แน่นหนา,No,14.0,0.3
103933,1638,Duangjai Chotirat,duangjai.chotirat985@yahoo.com,Plus Pillow 761,Beauty,141.72,6,25.0,637.74,2025-02-09,Ubon Ratchathani,Khon Kaen,Installment,Completed,,,No,,0.42
104647,2179,Wilai Panyawong,wilai.panyawong69@outlook.com,Smart Headphone 244,Books,332.59,1,0.0,332.59,2023-10-18,Lampang,Khon Kaen,TrueMoney Wallet,Cancelled,3.0,,No,1.0,0.5
102562,1021,Ratana Rattanakul,,Smart Backpack 412,Groceries,1112.49,8,0.0,8899.92,2025-10-26,Trang,Rayong,Credit Card,Completed,3.0,สีไม่ตรงตามรูป,No,12.0,2.48
104613,2334,Chomphunut Chantra,chomphunut.chantra320@hotmail.com,Mini Sneaker 209,Toys,373.6,7,10.0,2353.68,2025-12-05,Krabi,Phuket,Installment,Completed,4.0,,No,14.0,0.85
101423,2252,Chatchai Meesuk,,Smart Jacket 389,Health,534.26,8,0.0,4274.08,2025-10-16,Trang,Chonburi,Credit Card,Completed,,ใช้งานได้ตามที่คาดหวัง,No,10.0,1.09
100656,2773,Anan Wattana,anan.wattana550@outlook.com,Max Speaker 427,Health,625.45,7,10.0,3940.34,2025-03-06,Nakhon Si Thammarat,Nakhon Ratchasima,Credit Card,Returned,3.0,ใช้งานได้ตามที่คาดหวัง,No,1.0,1.1
102102,2912,Somsri Wongsawat,somsri.wongsawat840@hotmail.com,Ultra Camera 688,Books,330.84,6,0.0,1985.04,2023-04-11,Chiang Mai,Khon Kaen,TrueMoney Wallet,Completed,,ใช้งานได้ตามที่คาดหวัง,No,11.0,0.21
100632,1896,Pichit Sinthop,pichit.sinthop158@yahoo.com,Mini Camera 231,Automotive,261.17,7,30.0,1279.73,2025-01-07,Buriram,Chonburi,Credit Card,Completed,4.0,,Yes,14.0,3.04
103121,2699,Chomphunut Phetcharat,chomphunut.phetcharat602@yahoo.com,Max Speaker 605,Books,1065.54,6,25.0,4794.93,2025-12-23,Bangkok,Phuket,Installment,Cancelled,3.0,,No,4.0,1.24
102493,2695,Kanya Chantra,,Pro Wallet 503,Health,383.8,8,0.0,3070.4,2023-04-16,Khon Kaen,Chiang Mai,TrueMoney Wallet,Completed,2.0,,Yes,,3.34
102665,1866,Anucha Chaiyaporn,anucha.chaiyaporn69@gmail.com,Pro Chair 236,Fashion,785.03,6,0.0,4710.18,2024-01-19,Trang,Bangkok,Bank Transfer,Completed,4.0,,No,2.0,0.66
103260,2826,Chatchai Yodying,chatchai.yodying981@yahoo.com,Max Pillow 803,Books,802.43,6,15.0,4092.39,2024-08-10,Ubon Ratchathani,Songkhla,PromptPay,Completed,2.0,จะกลับมาซื้อซ้ำแน่นอน,No,7.0,0.66
103712,1313,Somsri Sukjai,somsri.sukjai193@outlook.com,Pro Desk 998,Electronics,243.39,5,5.0,1156.1,2025-02-15,Sakon Nakhon,Chonburi,COD,Completed,4.0,,No,1.0,0.86
103352,2079,Prasert Chaiyaporn,prasert.chaiyaporn445@yahoo.com,Ultra Keyboard 183,Beauty,465.23,5,5.0,2209.84,2025-05-19,Rayong,Chiang Mai,PromptPay,Completed,3.0,,No,12.0,0.21
103139,1159,Sombat Rattanakul,sombat.rattanakul409@gmail.com,Lite Charger 592,Toys,498.3,2,20.0,797.28,2025-01-16,Nong Khai,Khon Kaen,COD,Completed,4.0,แพ็คเกจไม่แน่นหนา,,3.0,0.1
104339,1319,Wichai Panyawong,wichai.panyawong32@yahoo.com,Mini Chair 980,Fashion,332.43,1,0.0,332.43,2023-05-22,Surat Thani,Bangkok,Bank Transfer,Completed,,,Yes,2.0,1.27
102500,1672,Sombat Saelim,sombat.saelim156@outlook.com,Mini Backpack 119,Books,532.33,5,20.0,2129.32,2023-03-09,Khon Kaen,Phuket,Bank Transfer,Completed,3.0,,Yes,9.0,1.11
101465,1103,Wichai Chantra,wichai.chantra370@hotmail.com,Pro Speaker 612,Electronics,649.77,8,0.0,5198.16,2025-12-06,Sakon Nakhon,Bangkok,TrueMoney Wallet,Processing,3.0,,No,13.0,2.61
102874,2125,Kittisak Intharak,kittisak.intharak547@gmail.com,Max Desk 709,Electronics,320.53,3,0.0,961.59,2024-01-17,Phuket,Khon Kaen,PromptPay,Shipped,,แพ็คเกจไม่แน่นหนา,,12.0,0.44
100115,2725,Kanya Meesuk,kanya.meesuk854@yahoo.com,Lite Wallet 211,Home & Living,791.97,6,15.0,4039.05,2023-10-29,Hat Yai,Udon Thani,Credit Card,Completed,,,Yes,11.0,2.44
101821,2301,Niran Naruemon,niran.naruemon734@gmail.com,Max Bottle 345,Home & Living,506.7,3,0.0,1520.1,2025-05-31,Sakon Nakhon,Khon Kaen,TrueMoney Wallet,Processing,,,No,10.0,0.33
101494,1288,Niran Chotirat,niran.chotirat12@outlook.com,Plus Sneaker 174,Health,814.81,7,0.0,5703.67,2024-12-17,Sakon Nakhon,Rayong,COD,Cancelled,3.0,ส่งไวมาก ประทับใจ,No,6.0,2.64
102401,1933,Somkiat Thongdee,somkiat.thongdee621@yahoo.com,Pro Jacket 365,Electronics,413.75,7,20.0,2317.0,2024-08-16,Nonthaburi,Rayong,Installment,Completed,5.0,,No,4.0,1.74
101232,1698,Yupin Thongdee,yupin.thongdee514@outlook.com,Smart Notebook 186,Home & Living,1160.09,5,25.0,4350.34,2023-02-27,Hat Yai,Nonthaburi,Credit Card,Completed,4.0,,No,10.0,0.6
102661,2575,Pranee Naruemon,pranee.naruemon169@outlook.com,Max Camera 979,Beauty,216.84,9,15.0,1658.83,2025-06-24,Chiang Mai,Rayong,,Cancelled,4.0,แพ็คเกจไม่แน่นหนา,No,10.0,0.35
103194,1347,Kittisak Boonmee,,Plus Wallet 916,Home & Living,360.08,1,0.0,360.08,2025-09-26,Pattaya,Udon Thani,Bank Transfer,Completed,,ใช้งานได้ตามที่คาดหวัง,Yes,14.0,0.23
104596,1453,Pranee Naruemon,pranee.naruemon235@yahoo.com,Mini Wallet 770,Fashion,726.91,4,30.0,2035.35,2023-07-12,Ubon Ratchathani,Chiang Mai,PromptPay,Completed,3.0,,No,11.0,0.82
101153,1847,Yupin Thongdee,yupin.thongdee313@gmail.com,Smart Mouse 325,Books,821.68,7,10.0,5176.58,2023-04-05,Trang,Rayong,COD,Shipped,4.0,,No,,0.3
104352,1040,Anucha Rattanakul,anucha.rattanakul696@outlook.com,Ultra Mouse 795,Fashion,152.02,7,5.0,1010.93,2023-12-05,Trang,Khon Kaen,Bank Transfer,Returned,2.0,,Yes,9.0,0.73
100057,2154,Chaiyot Naruemon,chaiyot.naruemon6@outlook.com,Plus Keyboard 493,Books,590.82,5,10.0,2658.69,2023-06-07,Krabi,Phuket,TrueMoney Wallet,Processing,4.0,,Yes,3.0,1.43
103441,1509,Duangjai Wattana,,Max Backpack 752,Automotive,413.71,6,0.0,2482.26,2023-07-12,Nong Khai,Phuket,Installment,Completed,3.0,สีไม่ตรงตามรูป,Yes,5.0,1.8
104311,2449,Yupin Chotirat,yupin.chotirat845@outlook.com,Lite Bottle 390,Automotive,510.01,8,0.0,4080.08,2024-01-07,Phuket,Phuket,PromptPay,Shipped,,,Yes,12.0,1.42
104970,2407,Chatchai Chotirat,chatchai.chotirat485@outlook.com,Eco Watch 812,Groceries,546.74,9,5.0,4674.63,2023-02-23,Pattaya,Phuket,Bank Transfer,Completed,,,Yes,9.0,0.54
101735,2627,Ploy Chaiyaporn,ploy.chaiyaporn549@hotmail.com,Pro Headphone 508,Automotive,434.03,8,30.0,,2025-09-05,Buriram,Nakhon Ratchasima,PromptPay,Cancelled,5.0,,Yes,2.0,1.33
102823,2142,Duangjai Chantra,duangjai.chantra479@hotmail.com,Max Lamp 708,Fashion,118.14,9,25.0,,2023-11-20,Pattaya,Phuket,COD,Completed,,,No,7.0,1.49
102196,2418,Pichit Sinthop,pichit.sinthop945@yahoo.com,Lite Charger 983,Automotive,,6,5.0,3608.21,2023-09-29,Rayong,Khon Kaen,COD,Cancelled,,แพ็คเกจไม่แน่นหนา,Yes,3.0,1.07
103601,2748,Suree Srisuk,suree.srisuk879@outlook.com,Plus Sneaker 494,Beauty,657.66,7,0.0,4603.62,2025-06-22,Nakhon Ratchasima,Phuket,Installment,Cancelled,,จะกลับมาซื้อซ้ำแน่นอน,No,7.0,0.68
102475,1165,Niran Chaiyaporn,niran.chaiyaporn303@gmail.com,Eco Notebook 514,Toys,738.03,9,0.0,6642.27,2024-07-19,Rayong,Nonthaburi,COD,Shipped,,โอเคสำหรับราคานี้,No,1.0,0.17
102564,1894,Somchai Sukjai,somchai.sukjai371@hotmail.com,Max Watch 327,Books,457.34,6,30.0,1920.83,2025-11-30,Sakon Nakhon,Rayong,COD,Cancelled,4.0,จะกลับมาซื้อซ้ำแน่นอน,No,12.0,0.8
104991,2680,Yupin Chaiyaporn,yupin.chaiyaporn891@hotmail.com,Mini Keyboard 695,Electronics,534.64,9,,4811.76,2023-06-20,Udon Thani,Chonburi,TrueMoney Wallet,Cancelled,,,Yes,8.0,2.74
104087,2320,Wichai Sinthop,wichai.sinthop705@hotmail.com,Max Keyboard 351,Home & Living,357.94,8,10.0,2577.17,2025-04-11,Krabi,Phuket,TrueMoney Wallet,Cancelled,,คุณภาพต่ำกว่าที่คิด,No,3.0,
103705,2036,Kittisak Intharak,kittisak.intharak951@outlook.com,Pro Lamp 987,Sports,97.66,9,0.0,878.94,2025-04-13,Bangkok,Songkhla,TrueMoney Wallet,Completed,5.0,สินค้าดีมาก คุ้มราคา,Yes,6.0,0.44
100707,1956,Sombat Boonmee,sombat.boonmee562@hotmail.com,Eco Mouse 227,Electronics,264.84,3,0.0,794.52,2024-03-04,,Rayong,Bank Transfer,Shipped,,,No,10.0,
104303,1613,Ploy Srisuk,ploy.srisuk661@outlook.com,Eco Lamp 444,Books,652.23,3,10.0,1761.02,2025-10-18,Ubon Ratchathani,Songkhla,Bank Transfer,Completed,,คุณภาพต่ำกว่าที่คิด,No,14.0,1.3
101093,2230,Prasert Rattanakul,prasert.rattanakul981@hotmail.com,Lite Blender 184,Toys,776.45,4,0.0,3105.8,2023-07-07,Surat Thani,Phuket,Bank Transfer,Completed,,สินค้าดีมาก คุ้มราคา,No,1.0,4.62
103610,2567,Wilai Prasertsak,wilai.prasertsak442@yahoo.com,Smart Wallet 448,Books,452.49,-1,0.0,452.49,2023-08-23,Krabi,Nonthaburi,Installment,Cancelled,5.0,ใช้งานได้ตามที่คาดหวัง,Yes,2.0,0.18
101376,1009,Somkiat Intharak,somkiat.intharak74@outlook.com,Plus Blender 597,Toys,379.43,1,10.0,341.49,2025-09-22,Bangkok,Khon Kaen,PromptPay,Returned,,,Yes,,0.82
104938,1112,Yupin Prasertsak,yupin.prasertsak559@yahoo.com,Eco Jacket 382,Automotive,778.39,1,,778.39,2023-02-13,Chiang Mai,Chonburi,COD,Completed,5.0,ส่งไวมาก ประทับใจ,Yes,6.0,1.19
100072,1564,Chaiyot Sinthop,chaiyot.sinthop665@hotmail.com,Mini Bottle 743,Fashion,439.82,3,0.0,1319.46,2023-01-23,Bangkok,Nonthaburi,COD,Completed,5.0,,Yes,10.0,2.86
101922,1072,Kanya Saelim,kanya.saelim280@yahoo.com,Max Camera 926,Automotive,691.24,7,0.0,4838.68,2025-11-26,Nong Khai,Bangkok,Bank Transfer,Completed,,,No,7.0,0.2
103915,1581,Malee Kaewkla,malee.kaewkla100@gmail.com,Pro Camera 777,Fashion,576.0,4,0.0,2304.0,2023-08-11,Buriram,Chonburi,Installment,Completed,4.0,ส่งไวมาก ประทับใจ,No,11.0,1.21
101764,2647,Anucha Phetcharat,anucha.phetcharat629@gmail.com,Mini Watch 410,Beauty,180.21,8,0.0,1441.68,2023-08-08,Nakhon Ratchasima,Nonthaburi,COD,Completed,,แพ็คเกจไม่แน่นหนา,Yes,1.0,0.5
100743,1825,Suchart Naruemon,suchart.naruemon331@hotmail.com,Lite Headphone 876,Home & Living,189.73,3,10.0,512.27,2025-07-12,Ubon Ratchathani,Udon Thani,Bank Transfer,Shipped,2.0,ใช้งานได้ตามที่คาดหวัง,No,2.0,6.74
104157,2663,Rungnapa Intharak,rungnapa.intharak509@gmail.com,Eco Chair 727,Electronics,527.4,5,15.0,2241.45,2025-10-15,Hat Yai,Songkhla,Bank Transfer,Completed,5.0,,No,12.0,1.76
101005,2265,Anucha Saelim,anucha.saelim61@yahoo.com,Mini Headphone 266,Toys,804.75,7,20.0,4506.6,2023-04-25,Rayong,Nonthaburi,Installment,Cancelled,,,No,9.0,0.52
102668,1099,Nittaya Saelim,nittaya.saelim551@outlook.com,Lite Wallet 299,Electronics,244.83,4,0.0,979.32,2025-06-01,,Phuket,COD,Completed,3.0,,No,6.0,0.68
101190,1545,Somkiat Intharak,somkiat.intharak223@yahoo.com,Pro Headphone 664,Fashion,1564.65,7,0.0,10952.55,2024-05-04,Krabi,Songkhla,PromptPay,Completed,5.0,,Yes,9.0,0.73
103392,1482,Anucha Wattana,anucha.wattana877@outlook.com,Plus Bottle 436,Electronics,752.69,6,0.0,4516.14,2023-06-26,Nakhon Ratchasima,Nakhon Ratchasima,Bank Transfer,Cancelled,,,No,2.0,0.97
102601,2375,Chomphunut Meesuk,chomphunut.meesuk575@yahoo.com,Eco Camera 124,Toys,668.0,6,0.0,4008.0,2023-01-23,Khon Kaen,Nonthaburi,PromptPay,Returned,,,Yes,4.0,2.96
101125,1080,Siriporn Sinthop,siriporn.sinthop388@gmail.com,Smart Desk 160,Electronics,670.58,4,0.0,2682.32,2024-07-27,Nakhon Si Thammarat,Nonthaburi,COD,Cancelled,4.0,,Yes,6.0,2.04
101241,2774,Anan Sinthop,anan.sinthop445@outlook.com,Smart Headphone 564,Sports,387.66,1,0.0,,2024-01-30,Trang,Rayong,Credit Card,Completed,4.0,,Yes,4.0,1.38
102890,1821,Suree Kaewkla,,Ultra Sneaker 474,Automotive,773.56,6,0.0,4641.36,2024-06-02,Chiang Rai,Chonburi,COD,Processing,,,Yes,4.0,0.35
104152,2125,Wichai Chaiyaporn,wichai.chaiyaporn335@gmail.com,Max Chair 297,Sports,290.15,1,0.0,290.15,2025-04-16,Pattaya,Nonthaburi,PromptPay,Cancelled,,,Yes,5.0,0.41
103488,2936,Anan Meesuk,anan.meesuk211@outlook.com,Lite Headphone 669,Automotive,376.02,2,0.0,752.04,2024-09-08,Lampang,Rayong,,Completed,2.0,,No,10.0,2.25
100998,1708,Kanya Kaewkla,kanya.kaewkla150@gmail.com,Max Mouse 598,Health,231.35,3,0.0,694.05,2025-06-28,Nakhon Si Thammarat,Udon Thani,Bank Transfer,Shipped,3.0,,No,12.0,0.27
104096,2967,Chatchai Yodying,chatchai.yodying801@hotmail.com,Ultra Blender 913,Electronics,,3,0.0,758.91,2025-06-14,Pattaya,Khon Kaen,PromptPay,Completed,5.0,บริการลูกค้าดีเยี่ยม,Yes,1.0,1.77
102684,2525,Yupin Panyawong,yupin.panyawong287@hotmail.com,Lite Watch 348,Fashion,630.71,1,0.0,630.71,2025-07-02,Khon Kaen,Nonthaburi,Bank Transfer,Completed,4.0,,No,5.0,0.24
101577,2052,Boonmee Boonmee,boonmee.boonmee996@outlook.com,Mini Charger 325,Electronics,1452.27,5,0.0,7261.35,2025-03-17,Nong Khai,Nonthaburi,COD,Completed,4.0,,No,14.0,0.54
104814,1516,Siriporn Phetcharat,siriporn.phetcharat873@yahoo.com,Pro Pillow 520,Groceries,465.36,6,0.0,2792.16,2023-01-04,Nonthaburi,Rayong,Bank Transfer,Completed,,,No,8.0,0.68
101826,1441,Boonmee Sinthop,boonmee.sinthop51@outlook.com,Eco Bottle 109,Fashion,462.96,1,,393.52,2025-03-23,Chiang Mai,Phuket,Credit Card,Cancelled,,ใช้งานได้ตามที่คาดหวัง,Yes,7.0,1.71
103337,1662,Kanya Thongdee,kanya.thongdee124@outlook.com,Smart Headphone 478,Automotive,487.48,9,15.0,3729.22,2024-04-08,Nakhon Ratchasima,Phuket,Installment,Completed,1.0,,No,10.0,1.05
101157,2935,Pranee Wongsawat,pranee.wongsawat650@gmail.com,Lite Sneaker 275,Health,311.51,1,30.0,218.06,2025-02-21,Nakhon Ratchasima,Bangkok,Credit Card,Cancelled,,,No,,2.72
104469,2455,Ratana Thongdee,ratana.thongdee792@gmail.com,Pro Mouse 551,Sports,714.16,4,20.0,2285.31,2025-06-04,Surat Thani,Khon Kaen,COD,Cancelled,4.0,,No,9.0,2.54
100440,2693,Niran Prasertsak,niran.prasertsak254@gmail.com,Lite Wallet 617,Sports,399.49,1,0.0,399.49,2025-09-13,Krabi,Nonthaburi,COD,Completed,3.0,,Yes,,1.87
104976,2607,Somchai Kaewkla,somchai.kaewkla301@gmail.com,Max Chair 658,Home & Living,895.22,7,0.0,6266.54,2023-10-28,,Udon Thani,PromptPay,Shipped,1.0,,No,9.0,0.75
101100,1102,Siriporn Saelim,siriporn.saelim666@hotmail.com,Ultra Jacket 550,Books,867.38,2,0.0,1734.76,2023-11-27,Nakhon Ratchasima,Songkhla,PromptPay,Completed,4.0,ใช้งานได้ตามที่คาดหวัง,Yes,,0.28
104063,2067,Prasert Rattanakul,prasert.rattanakul971@hotmail.com,Lite Speaker 615,Home & Living,392.87,1,0.0,392.87,2025-06-18,Sakon Nakhon,Udon Thani,PromptPay,Cancelled,5.0,,Yes,1.0,0.29
103101,2960,Somchai Prasertsak,somchai.prasertsak27@hotmail.com,Ultra Speaker 676,Health,199.79,9,,1798.11,2025-05-28,Khon Kaen,Khon Kaen,PromptPay,Processing,,คุณภาพต่ำกว่าที่คิด,Yes,11.0,1.89
100649,2308,Rungnapa Chaiyaporn,rungnapa.chaiyaporn676@gmail.com,Lite Keyboard 336,Home & Living,202.95,5,25.0,,2024-10-20,Pattaya,Chonburi,Installment,Returned,,,No,14.0,0.3
101546,1362,Ploy Chantra,ploy.chantra298@hotmail.com,Lite Watch 153,Toys,549.42,9,,4450.3,2025-01-19,Nakhon Si Thammarat,Songkhla,Bank Transfer,Completed,5.0,,No,10.0,0.66
103586,1782,Ploy Sukjai,ploy.sukjai407@hotmail.com,Max Backpack 208,Home & Living,154.52,9,0.0,1390.68,2025-06-14,Udon Thani,Phuket,Bank Transfer,Completed,4.0,,No,8.0,2.44
103783,2342,Kittisak Intharak,kittisak.intharak979@outlook.com,Eco Mouse 580,Health,181.75,9,0.0,1635.75,2024-11-25,Phuket,Bangkok,Bank Transfer,Processing,4.0,คุณภาพต่ำกว่าที่คิด,No,,0.38
103207,2989,Pichit Prasertsak,pichit.prasertsak334@outlook.com,Max Watch 201,Health,380.23,4,30.0,1064.64,2025-04-30,Ubon Ratchathani,Nonthaburi,TrueMoney Wallet,Completed,4.0,,No,6.0,0.33
103230,1769,Sombat Sukjai,sombat.sukjai817@hotmail.com,Plus Wallet 599,Health,886.18,8,0.0,7089.44,2023-03-18,Hat Yai,Khon Kaen,Bank Transfer,Completed,,คุณภาพต่ำกว่าที่คิด,No,13.0,2.55
104780,2556,Suree Phetcharat,suree.phetcharat345@hotmail.com,Eco Blender 334,Toys,499.89,4,10.0,1799.6,2025-06-11,Phuket,Nonthaburi,Installment,Completed,5.0,,Yes,10.0,0.46
100630,2260,Rungnapa Prasertsak,rungnapa.prasertsak582@gmail.com,Ultra Blender 690,Health,294.3,2,0.0,588.6,2025-02-11,Rayong,Rayong,Installment,Completed,5.0,,Yes,12.0,3.25
100672,1022,Sombat Kaewkla,sombat.kaewkla472@outlook.com,Pro Wallet 667,Sports,354.49,9,0.0,3190.41,2025-05-18,Nonthaburi,Phuket,PromptPay,Processing,,ของมาช้ากว่ากำหนด,No,14.0,0.42
101249,2215,Somchai Rattanakul,somchai.rattanakul885@yahoo.com,Lite Lamp 795,Groceries,1545.17,8,10.0,11125.22,2025-11-06,Lampang,Songkhla,COD,Completed,4.0,,No,4.0,5.26
100482,1301,Somkiat Phetcharat,somkiat.phetcharat320@outlook.com,Pro Sneaker 958,Books,601.84,9,15.0,4604.08,2025-07-26,Phuket,Nonthaburi,TrueMoney Wallet,Completed,4.0,สินค้าดีมาก คุ้มราคา,No,14.0,0.66
101584,2792,Anucha Naruemon,anucha.naruemon383@gmail.com,Plus Bottle 857,Health,554.19,4,5.0,2105.92,2023-02-14,Buriram,Bangkok,Installment,Completed,4.0,,Yes,7.0,0.9
103317,2035,Orawan Panyawong,orawan.panyawong951@hotmail.com,Smart Lamp 915,Toys,215.33,8,0.0,1722.64,2023-08-06,Ubon Ratchathani,Nonthaburi,COD,Shipped,5.0,,No,11.0,1.6
104651,2086,Chomphunut Saelim,chomphunut.saelim694@outlook.com,Max Pillow 315,Fashion,616.01,5,0.0,3080.05,2025-02-13,Ubon Ratchathani,Chonburi,Credit Card,Completed,5.0,,Yes,13.0,1.67
103080,2183,Pranee Intharak,pranee.intharak868@yahoo.com,Ultra Lamp 772,Sports,299.89,6,0.0,1799.34,2024-11-20,Bangkok,Phuket,Bank Transfer,Returned,5.0,,Yes,11.0,6.84
101462,2997,Sombat Sinthop,sombat.sinthop981@hotmail.com,Mini Wallet 370,Sports,410.6,2,5.0,780.14,2025-09-06,Lampang,Khon Kaen,PromptPay,Completed,4.0,,No,4.0,0.63
104394,2058,Orawan Thongdee,orawan.thongdee795@hotmail.com,Max Chair 681,Electronics,754.55,7,15.0,4489.57,2025-02-12,Rayong,Chiang Mai,Bank Transfer,Processing,,ส่งไวมาก ประทับใจ,No,12.0,1.52
103671,2390,Kittisak Naruemon,kittisak.naruemon770@gmail.com,Lite Lamp 408,Groceries,955.19,2,0.0,1910.38,2024-09-19,Nakhon Ratchasima,Nakhon Ratchasima,Credit Card,Processing,4.0,แพ็คเกจไม่แน่นหนา,Yes,9.0,0.25
102578,2560,Pranee Sukjai,pranee.sukjai25@hotmail.com,Lite Lamp 111,Electronics,157.11,1,0.0,157.11,2025-09-15,Nakhon Ratchasima,Phuket,PromptPay,Completed,,,Yes,7.0,0.89
104567,2107,Suchart Chotirat,suchart.chotirat872@outlook.com,Max Charger 465,Health,2307.66,4,0.0,9230.64,2024-04-17,Nakhon Ratchasima,Songkhla,Installment,Completed,,บริการลูกค้าดีเยี่ยม,Yes,6.0,
100049,1686,Boonmee Chaiyaporn,boonmee.chaiyaporn322@outlook.com,Mini Jacket 281,Fashion,1022.99,5,15.0,4347.71,2025-09-30,Sakon Nakhon,Rayong,TrueMoney Wallet,Returned,5.0,,Yes,8.0,0.58
104935,2393,Prasert Rattanakul,prasert.rattanakul365@gmail.com,Lite Mouse 427,Toys,1236.29,7,0.0,8654.03,2025-11-14,Rayong,Chiang Mai,TrueMoney Wallet,Completed,5.0,,Yes,12.0,1.6
104931,2757,Kittisak Naruemon,kittisak.naruemon513@outlook.com,Smart Jacket 642,Health,299.69,7,0.0,2097.83,2025-04-12,Phuket,Nonthaburi,TrueMoney Wallet,Completed,1.0,โอเคสำหรับราคานี้,No,9.0,0.3
100858,2540,Chatchai Wattana,chatchai.wattana647@gmail.com,Lite Lamp 279,Health,599.32,7,0.0,4195.24,2024-08-09,Sakon Nakhon,Bangkok,Installment,Cancelled,5.0,,No,13.0,1.74
101072,1249,Suree Panyawong,suree.panyawong126@gmail.com,Pro Speaker 442,Electronics,227.76,2,,364.42,2023-06-05,Udon Thani,Nonthaburi,TrueMoney Wallet,Shipped,4.0,แพ็คเกจไม่แน่นหนา,No,11.0,11.7
100719,1284,Pranee Meesuk,pranee.meesuk158@outlook.com,Smart Camera 717,Electronics,521.69,4,0.0,2086.76,2023-12-09,Krabi,Udon Thani,TrueMoney Wallet,Completed,4.0,,Yes,14.0,0.27
103414,2849,Anucha Meesuk,anucha.meesuk336@outlook.com,Smart Wallet 221,Health,640.95,2,0.0,1281.9,2023-08-10,Surat Thani,Nakhon Ratchasima,TrueMoney Wallet,Returned,,,No,5.0,1.87
102631,1531,Kittisak Saelim,kittisak.saelim559@outlook.com,Plus Blender 476,Home & Living,108.36,5,25.0,406.35,2024-06-10,Surat Thani,Rayong,Installment,Completed,3.0,,Yes,4.0,1.49
104898,2598,Suree Wongsawat,suree.wongsawat822@yahoo.com,Pro Speaker 353,Sports,420.83,7,15.0,2503.94,2023-11-13,Nonthaburi,Udon Thani,COD,Completed,4.0,,No,8.0,1.6
101660,2086,Pichit Sukjai,pichit.sukjai380@yahoo.com,Pro Headphone 823,Groceries,,7,5.0,2596.36,2023-02-17,Ubon Ratchathani,Rayong,TrueMoney Wallet,Shipped,,,No,13.0,1.99
101656,1147,Duangjai Meesuk,duangjai.meesuk616@outlook.com,Max Headphone 626,Toys,302.4,3,0.0,907.2,2023-10-14,Surat Thani,Phuket,TrueMoney Wallet,Completed,3.0,ของมาช้ากว่ากำหนด,Yes,13.0,
102425,2050,Kittisak Chaiyaporn,kittisak.chaiyaporn919@yahoo.com,Smart Bottle 177,Books,566.79,2,0.0,1133.58,2023-02-10,Khon Kaen,Chonburi,TrueMoney Wallet,Returned,,โอเคสำหรับราคานี้,,14.0,1.5
104101,1827,Chaiyot Sinthop,chaiyot.sinthop321@gmail.com,Mini Watch 470,Health,535.98,7,0.0,3751.86,2024-07-19,Chiang Rai,Khon Kaen,COD,Shipped,,,No,11.0,1.88
104251,1515,Suchart Panyawong,suchart.panyawong921@gmail.com,Lite Camera 980,Home & Living,143.46,2,0.0,286.92,2023-11-08,Rayong,Nonthaburi,TrueMoney Wallet,Completed,5.0,,Yes,9.0,0.94
104999,1321,Chatchai Sinthop,chatchai.sinthop238@gmail.com,Smart Notebook 228,Beauty,617.82,8,0.0,4942.56,2025-01-27,,Rayong,,Cancelled,,คุณภาพต่ำกว่าที่คิด,No,5.0,0.76
104758,2512,Yupin Yodying,yupin.yodying423@outlook.com,Eco Camera 398,Health,376.17,3,0.0,1128.51,2023-09-19,Hat Yai,Songkhla,Credit Card,Returned,5.0,,No,6.0,0.3
104800,2122,Rungnapa Meesuk,rungnapa.meesuk842@hotmail.com,Max Blender 518,Beauty,334.75,2,25.0,502.12,2025-05-21,Buriram,Udon Thani,Bank Transfer,Completed,5.0,,Yes,8.0,1.61
103350,2276,Somchai Sinthop,somchai.sinthop969@yahoo.com,Smart Keyboard 706,Sports,407.77,6,0.0,2446.62,2024-07-23,Surat Thani,Songkhla,Credit Card,Completed,4.0,ใช้งานได้ตามที่คาดหวัง,No,2.0,1.17
104775,2520,Prasert Sukjai,prasert.sukjai603@hotmail.com,Smart Mouse 405,Sports,481.49,7,15.0,2864.87,2025-05-18,Chiang Rai,Nonthaburi,Bank Transfer,Returned,,,Yes,13.0,3.84
104148,1268,Somkiat Chantra,somkiat.chantra564@gmail.com,Smart Notebook 692,Toys,479.47,5,0.0,2397.35,2024-06-29,Khon Kaen,Chiang Mai,TrueMoney Wallet,Shipped,,,No,7.0,
102606,1923,Somsri Srisuk,somsri.srisuk975@yahoo.com,Mini Desk 532,Groceries,210.07,7,25.0,1102.87,2024-01-19,Ubon Ratchathani,Nakhon Ratchasima,PromptPay,Completed,5.0,จะกลับมาซื้อซ้ำแน่นอน,Yes,4.0,0.18
101385,2619,Pichit Thongdee,pichit.thongdee782@gmail.com,Max Speaker 848,Books,327.92,7,25.0,1721.58,2024-10-24,Nonthaburi,Phuket,Bank Transfer,Returned,,,No,3.0,
103886,2387,Nittaya Rattanakul,,Max Notebook 431,Electronics,1242.84,5,0.0,6214.2,2025-12-18,Surat Thani,Rayong,PromptPay,Completed,5.0,ส่งไวมาก ประทับใจ,Yes,4.0,2.95
101399,2840,Chaiyot Meesuk,chaiyot.meesuk250@gmail.com,Lite Blender 172,Sports,676.57,7,0.0,4735.99,2023-01-03,Nonthaburi,Nonthaburi,Credit Card,Cancelled,,,No,7.0,2.3
101195,2946,Somkiat Thongdee,somkiat.thongdee7@outlook.com,Eco Jacket 770,Health,669.07,2,30.0,936.7,2024-04-11,Hat Yai,Khon Kaen,Installment,Processing,,,No,6.0,2.39
101408,2482,Malee Sinthop,,Eco Charger 181,Groceries,1141.81,9,0.0,10276.29,2023-03-19,Nakhon Si Thammarat,Nakhon Ratchasima,COD,Shipped,5.0,โอเคสำหรับราคานี้,No,8.0,0.33
103875,2009,Pranee Naruemon,pranee.naruemon308@outlook.com,Smart Desk 638,Fashion,565.28,6,20.0,2713.34,2023-10-27,Nakhon Si Thammarat,Rayong,Bank Transfer,Shipped,3.0,ส่งไวมาก ประทับใจ,No,5.0,0.85
101798,2387,Wilai Sinthop,wilai.sinthop982@yahoo.com,Ultra Headphone 285,Beauty,393.72,2,0.0,787.44,2025-06-25,Surat Thani,Nonthaburi,Installment,Returned,3.0,แพ็คเกจไม่แน่นหนา,No,6.0,0.94
101475,1553,Chaiyot Meesuk,chaiyot.meesuk719@gmail.com,Smart Pillow 444,Beauty,862.83,2,,1725.66,2025-12-24,Krabi,Chiang Mai,Credit Card,Completed,,จะกลับมาซื้อซ้ำแน่นอน,Yes,10.0,3.41
104688,1816,Boonmee Chantra,boonmee.chantra909@outlook.com,Pro Sneaker 571,Books,397.15,4,,1588.6,2023-12-10,Sakon Nakhon,Nakhon Ratchasima,Installment,Returned,,,Yes,5.0,1.65
100035,1252,Anan Meesuk,anan.meesuk565@gmail.com,Max Speaker 311,Fashion,442.48,1,0.0,442.48,2023-02-14,Trang,Chiang Mai,TrueMoney Wallet,Cancelled,4.0,,No,2.0,1.39
103589,2425,Chomphunut Wongsawat,chomphunut.wongsawat629@gmail.com,Eco Sneaker 718,Health,878.59,7,0.0,6150.13,2024-02-16,,Khon Kaen,PromptPay,Completed,,,No,7.0,0.3
102345,1028,Orawan Prasertsak,orawan.prasertsak63@yahoo.com,Eco Pillow 766,Toys,162.9,4,0.0,651.6,2024-02-29,Rayong,Songkhla,Bank Transfer,Completed,5.0,ส่งไวมาก ประทับใจ,No,8.0,0.95
103221,2677,Orawan Phetcharat,orawan.phetcharat363@hotmail.com,Smart Wallet 523,Groceries,558.09,7,0.0,3906.63,2024-08-31,Buriram,Phuket,PromptPay,Processing,4.0,,Yes,8.0,0.65
102359,2308,Suchart Yodying,suchart.yodying335@yahoo.com,Eco Sneaker 162,Beauty,837.31,8,0.0,6698.48,2024-04-17,Surat Thani,Chonburi,COD,Completed,4.0,ส่งไวมาก ประทับใจ,No,10.0,4.34
102206,2199,Kanya Chotirat,kanya.chotirat669@gmail.com,Pro Sneaker 191,Sports,445.15,-1,,2670.9,2023-04-08,,Chonburi,Credit Card,Completed,4.0,,No,1.0,0.91
103817,2141,Somchai Phetcharat,somchai.phetcharat26@outlook.com,Max Jacket 493,Groceries,626.32,8,0.0,5010.56,2023-10-14,Rayong,Bangkok,TrueMoney Wallet,Cancelled,,ส่งไวมาก ประทับใจ,No,2.0,1.24
101286,1612,Pichit Chotirat,pichit.chotirat100@gmail.com,Smart Lamp 933,Books,313.08,4,0.0,1252.32,2025-12-06,Krabi,Nakhon Ratchasima,Installment,Cancelled,,จะกลับมาซื้อซ้ำแน่นอน,Yes,4.0,0.33
100349,1550,Ploy Naruemon,ploy.naruemon1@gmail.com,Mini Jacket 117,Beauty,964.72,9,0.0,8682.48,2023-07-31,Pattaya,Khon Kaen,COD,Completed,5.0,จะกลับมาซื้อซ้ำแน่นอน,No,6.0,0.65
102137,1225,Somsri Wattana,,Mini Desk 832,Fashion,631.41,7,5.0,4198.88,2023-06-29,Surat Thani,Nakhon Ratchasima,Credit Card,Returned,3.0,ส่งไวมาก ประทับใจ,No,14.0,0.49
102691,2107,Pichit Thongdee,pichit.thongdee222@gmail.com,Mini Blender 348,Groceries,1143.49,3,0.0,3430.47,2024-04-14,Hat Yai,Khon Kaen,PromptPay,Completed,5.0,,No,7.0,1.17
103021,2385,Rungnapa Intharak,rungnapa.intharak681@yahoo.com,Smart Speaker 464,Sports,535.15,4,5.0,2033.57,2025-11-29,Hat Yai,Nonthaburi,Bank Transfer,Completed,4.0,สีไม่ตรงตามรูป,No,1.0,0.15
103168,2571,Nittaya Srisuk,nittaya.srisuk308@gmail.com,Max Backpack 696,Health,1593.61,7,0.0,11155.27,2025-12-29,Rayong,Rayong,Credit Card,Completed,4.0,,Yes,1.0,4.15
101681,1285,Suree Intharak,suree.intharak632@outlook.com,Smart Headphone 507,Books,260.12,2,0.0,520.24,2025-06-24,Trang,Chiang Mai,Installment,Completed,,ส่งไวมาก ประทับใจ,Yes,6.0,0.8
104074,2201,Somchai Yodying,somchai.yodying647@hotmail.com,Lite Mouse 276,Sports,407.79,4,20.0,1304.93,2023-11-23,Krabi,Nonthaburi,COD,Returned,,คุณภาพต่ำกว่าที่คิด,No,6.0,1.39
101443,2863,Anucha Yodying,anucha.yodying331@hotmail.com,Smart Charger 428,Automotive,184.31,2,0.0,368.62,2024-06-17,Khon Kaen,Udon Thani,TrueMoney Wallet,Completed,5.0,,Yes,13.0,1.32
103288,1821,Ploy Srisuk,ploy.srisuk770@gmail.com,Smart Bottle 350,Home & Living,446.44,4,0.0,1785.76,2025-05-20,Sakon Nakhon,Nonthaburi,PromptPay,Processing,5.0,ของมาช้ากว่ากำหนด,Yes,10.0,1.56
101671,2914,Anucha Yodying,anucha.yodying470@outlook.com,Lite Backpack 161,Beauty,1276.05,6,10.0,6890.67,2023-01-04,Nonthaburi,Udon Thani,Bank Transfer,Completed,3.0,ใช้งานได้ตามที่คาดหวัง,Yes,1.0,1.66
103199,2895,Somkiat Panyawong,somkiat.panyawong106@yahoo.com,Max Pillow 860,Health,584.37,4,20.0,1869.98,2025-10-07,Ubon Ratchathani,Nonthaburi,Credit Card,Completed,,ใช้งานได้ตามที่คาดหวัง,Yes,,0.17
101179,1681,Ratana Saelim,ratana.saelim527@yahoo.com,Eco Keyboard 271,Toys,493.31,4,0.0,1973.24,2023-02-28,Phuket,Chonburi,Credit Card,Completed,5.0,,Yes,4.0,1.62
102798,1150,Malee Prasertsak,,Ultra Desk 667,Electronics,938.72,4,5.0,3567.14,2025-04-19,Udon Thani,Nakhon Ratchasima,PromptPay,Completed,3.0,จะกลับมาซื้อซ้ำแน่นอน,Yes,2.0,
101692,1501,Rungnapa Boonmee,rungnapa.boonmee877@outlook.com,Eco Camera 197,Electronics,514.92,4,0.0,2059.68,2025-06-09,Phuket,Rayong,TrueMoney Wallet,Returned,,,No,13.0,2.0
103926,2464,Chatchai Sukjai,chatchai.sukjai907@yahoo.com,Eco Pillow 344,Electronics,208.9,8,0.0,1671.2,2023-12-20,Chiang Mai,Bangkok,Credit Card,Shipped,3.0,,Yes,2.0,0.2
100372,1253,Thawatchai Chotirat,thawatchai.chotirat624@outlook.com,Ultra Notebook 578,Health,1162.76,7,10.0,7325.39,2023-09-23,Nonthaburi,Udon Thani,Bank Transfer,Shipped,4.0,จะกลับมาซื้อซ้ำแน่นอน,No,11.0,0.76
103660,2376,Kittisak Sukjai,kittisak.sukjai142@yahoo.com,Pro Wallet 692,Groceries,421.45,8,10.0,3034.44,2025-07-03,Chiang Rai,Chiang Mai,Installment,Processing,5.0,สีไม่ตรงตามรูป,Yes,6.0,1.44
101916,1364,Suree Meesuk,suree.meesuk122@gmail.com,Eco Keyboard 286,Books,279.26,7,0.0,1954.82,2025-01-29,,Nonthaburi,PromptPay,Returned,1.0,ใช้งานได้ตามที่คาดหวัง,Yes,4.0,3.11
101357,1531,Nittaya Wongsawat,nittaya.wongsawat837@outlook.com,Eco Wallet 824,Beauty,520.78,3,0.0,1562.34,2023-07-14,Phuket,Chonburi,PromptPay,Processing,5.0,ใช้งานได้ตามที่คาดหวัง,No,7.0,3.24
101825,1665,Wichai Wongsawat,wichai.wongsawat203@hotmail.com,Ultra Headphone 591,health,968.68,4,0.0,3874.72,2023-04-04,Nakhon Si Thammarat,Nonthaburi,Credit Card,Completed,5.0,,Yes,1.0,3.09
100786,2903,Yupin Sinthop,yupin.sinthop138@yahoo.com,Lite Jacket 504,Sports,120.32,1,0.0,120.32,2024-04-29,Chiang Mai,Chiang Mai,Credit Card,Completed,4.0,,No,9.0,1.47
100469,2243,Suree Phetcharat,suree.phetcharat348@gmail.com,Max Desk 827,Books,581.11,8,15.0,3951.55,2025-10-20,Sakon Nakhon,Nonthaburi,COD,Completed,3.0,แพ็คเกจไม่แน่นหนา,No,3.0,0.33
100140,1647,Suree Panyawong,suree.panyawong918@hotmail.com,Plus Sneaker 630,Books,410.07,5,0.0,2050.35,2023-03-28,Udon Thani,Chiang Mai,PromptPay,Completed,5.0,,Yes,2.0,0.98
100788,2365,Nittaya Naruemon,,Eco Sneaker 535,Electronics,731.35,5,,3291.08,2025-08-07,Lampang,Nonthaburi,Bank Transfer,Completed,5.0,,No,14.0,2.07
100323,1143,Orawan Rattanakul,orawan.rattanakul965@gmail.com,Smart Sneaker 949,Sports,557.45,1,0.0,557.45,2023-09-05,Buriram,Songkhla,TrueMoney Wallet,Completed,5.0,บริการลูกค้าดีเยี่ยม,Yes,1.0,6.88
100050,1957,Kanya Chaiyaporn,kanya.chaiyaporn776@outlook.com,Smart Blender 584,Automotive,330.51,8,,2644.08,2025-09-01,Nong Khai,Chiang Mai,PromptPay,Completed,4.0,,Yes,8.0,0.66
100714,2440,Ploy Rattanakul,ploy.rattanakul182@yahoo.com,Pro Watch 762,Toys,451.39,3,5.0,1286.46,2024-12-14,Krabi,Chiang Mai,Installment,Completed,4.0,แพ็คเกจไม่แน่นหนา,No,8.0,2.85
104511,2574,Anucha Wongsawat,anucha.wongsawat621@gmail.com,Smart Blender 925,Books,163.42,2,0.0,326.84,2025-03-24,Chiang Mai,Songkhla,Bank Transfer,Completed,,โอเคสำหรับราคานี้,,13.0,1.96
102840,2987,Yupin Chaiyaporn,yupin.chaiyaporn945@yahoo.com,Plus Blender 241,Home & Living,355.78,4,0.0,1423.12,2023-04-11,Chiang Rai,Khon Kaen,COD,Returned,5.0,,No,10.0,
102446,2917,Wichai Prasertsak,wichai.prasertsak50@outlook.com,Plus Headphone 822,Sports,844.34,1,0.0,844.34,2025-04-22,Trang,Songkhla,Installment,Completed,4.0,,No,3.0,0.56
104837,2207,Prasert Boonmee,prasert.boonmee960@hotmail.com,Mini Desk 979,Automotive,807.36,3,10.0,2179.87,2024-07-11,Nonthaburi,Nakhon Ratchasima,Installment,Completed,,สินค้าดีมาก คุ้มราคา,No,14.0,0.35
104442,2792,Niran Wattana,niran.wattana567@gmail.com,Max Keyboard 663,Automotive,962.16,7,0.0,6735.12,2023-02-11,Nakhon Si Thammarat,Chonburi,COD,Completed,,โอเคสำหรับราคานี้,No,11.0,2.91
104619,1573,Pranee Sukjai,pranee.sukjai965@outlook.com,Plus Desk 351,Health,845.29,5,25.0,3169.84,2024-05-16,Nonthaburi,Chonburi,Installment,Completed,3.0,แพ็คเกจไม่แน่นหนา,Yes,1.0,0.84
104060,2277,Yupin Yodying,yupin.yodying234@hotmail.com,Plus Desk 606,Home & Living,1021.09,1,25.0,765.82,2023-02-16,Nonthaburi,Chiang Mai,PromptPay,Completed,,ของมาช้ากว่ากำหนด,No,5.0,0.39
102666,1793,Ploy Yodying,ploy.yodying320@hotmail.com,Pro Charger 739,Toys,152.86,3,15.0,389.79,2024-08-22,Bangkok,Khon Kaen,Installment,Returned,,,Yes,11.0,4.32
100406,2884,Pichit Meesuk,pichit.meesuk764@gmail.com,Lite Blender 473,Automotive,419.43,3,0.0,1258.29,2024-11-07,Chiang Rai,Bangkok,TrueMoney Wallet,Completed,5.0,โอเคสำหรับราคานี้,Yes,1.0,0.25
103405,2597,Boonmee Wattana,boonmee.wattana762@gmail.com,Pro Sneaker 985,Home & Living,1733.12,8,25.0,10398.72,2023-04-01,Krabi,Songkhla,COD,Shipped,,บริการลูกค้าดีเยี่ยม,No,10.0,1.0
101004,1797,Chatchai Sinthop,chatchai.sinthop722@outlook.com,Smart Notebook 546,Health,498.11,1,0.0,498.11,2025-10-17,Rayong,Nakhon Ratchasima,Credit Card,Completed,,แพ็คเกจไม่แน่นหนา,No,6.0,3.62
103047,2316,Orawan Sinthop,orawan.sinthop469@yahoo.com,Pro Watch 929,Fashion,895.35,5,0.0,4476.75,2023-07-03,Pattaya,Udon Thani,Bank Transfer,Shipped,5.0,,No,2.0,0.91
100890,2474,Thawatchai Yodying,thawatchai.yodying721@hotmail.com,Smart Jacket 412,Health,,9,10.0,10029.02,2025-12-05,Lampang,Rayong,COD,Processing,,,No,7.0,0.36
102411,2809,Boonmee Wattana,boonmee.wattana16@hotmail.com,Ultra Backpack 331,Automotive,140.25,8,0.0,1122.0,2025-02-16,Hat Yai,Udon Thani,PromptPay,Completed,5.0,,No,,0.25
102545,2287,Somchai Srisuk,somchai.srisuk436@outlook.com,Ultra Bottle 613,Home & Living,204.07,6,,1224.42,2023-01-19,Chiang Rai,Nakhon Ratchasima,TrueMoney Wallet,Cancelled,,ของมาช้ากว่ากำหนด,No,1.0,2.78
103482,1775,Niran Saelim,niran.saelim401@hotmail.com,Max Keyboard 238,Electronics,343.9,1,15.0,292.32,2023-02-05,Buriram,Phuket,,Cancelled,,โอเคสำหรับราคานี้,No,,0.94
102390,2978,Duangjai Srisuk,,Ultra Blender 563,Electronics,1459.3,3,,3064.53,2023-05-05,Chiang Mai,Phuket,Credit Card,Completed,4.0,โอเคสำหรับราคานี้,No,2.0,1.55
103992,1176,Anan Saelim,anan.saelim735@gmail.com,Max Sneaker 588,Home & Living,246.67,8,0.0,1973.36,2024-05-06,Chiang Mai,Khon Kaen,,Completed,3.0,ส่งไวมาก ประทับใจ,No,,3.04
100042,2705,Pichit Boonmee,pichit.boonmee600@gmail.com,Plus Keyboard 600,Toys,693.92,3,0.0,2081.76,2025-11-19,Buriram,Chiang Mai,Credit Card,Processing,5.0,,No,,0.37
102830,2561,Ploy Boonmee,ploy.boonmee616@yahoo.com,Pro Desk 795,Health,921.3,2,,1658.34,2023-05-19,Khon Kaen,Phuket,Installment,Completed,5.0,,No,3.0,1.34
103355,1982,Ploy Phetcharat,ploy.phetcharat897@outlook.com,Plus Speaker 377,Books,1341.14,7,0.0,9387.98,2025-09-07,Nonthaburi,Bangkok,Installment,Processing,3.0,ใช้งานได้ตามที่คาดหวัง,Yes,,0.46
100303,2733,Niran Boonmee,niran.boonmee349@outlook.com,Pro Wallet 737,Sports,380.93,2,25.0,571.4,2024-02-08,Buriram,Phuket,Credit Card,Returned,5.0,,Yes,14.0,1.29
104536,1601,Orawan Boonmee,orawan.boonmee11@gmail.com,Pro Bottle 621,Beauty,161.61,4,0.0,646.44,2025-01-18,Nonthaburi,Nonthaburi,Installment,Processing,4.0,จะกลับมาซื้อซ้ำแน่นอน,No,9.0,4.01
104130,1965,Ploy Meesuk,ploy.meesuk30@outlook.com,Mini Chair 332,Electronics,911.81,6,,4376.69,2024-04-15,Pattaya,Nonthaburi,TrueMoney Wallet,Shipped,5.0,สินค้าดีมาก คุ้มราคา,Yes,,
100664,1431,Kittisak Naruemon,kittisak.naruemon515@outlook.com,Eco Pillow 480,Electronics,527.58,6,5.0,3007.21,2023-05-06,Rayong,Bangkok,PromptPay,Completed,,บริการลูกค้าดีเยี่ยม,No,14.0,2.28
101177,2489,Somkiat Chotirat,somkiat.chotirat180@gmail.com,Ultra Speaker 663,Sports,318.69,8,30.0,1784.66,2025-04-16,Surat Thani,Khon Kaen,PromptPay,Cancelled,3.0,,No,3.0,1.47
102676,1001,Ratana Wattana,ratana.wattana282@yahoo.com,Lite Pillow 320,Beauty,203.47,8,0.0,1627.76,2024-02-10,Udon Thani,Nakhon Ratchasima,Credit Card,Completed,5.0,ใช้งานได้ตามที่คาดหวัง,No,,0.26
101947,2067,Wichai Rattanakul,wichai.rattanakul723@yahoo.com,Eco Lamp 564,Groceries,104.05,9,0.0,936.45,2024-02-29,Krabi,Songkhla,Bank Transfer,Completed,3.0,,No,3.0,0.64
102501,1713,Wilai Saelim,wilai.saelim834@hotmail.com,Plus Sneaker 151,Beauty,311.35,1,0.0,311.35,2024-06-01,Nakhon Ratchasima,Nakhon Ratchasima,TrueMoney Wallet,Completed,,,No,3.0,2.26
101473,2202,Chomphunut Intharak,chomphunut.intharak713@outlook.com,Ultra Watch 972,Beauty,322.23,8,0.0,2577.84,2025-10-05,Bangkok,Rayong,TrueMoney Wallet,Completed,4.0,โอเคสำหรับราคานี้,No,6.0,2.02
104141,2152,Chatchai Kaewkla,chatchai.kaewkla601@hotmail.com,Plus Sneaker 883,Sports,583.93,7,10.0,3678.76,2023-08-11,Khon Kaen,Nakhon Ratchasima,PromptPay,Returned,3.0,คุณภาพต่ำกว่าที่คิด,Yes,14.0,0.34
103568,1148,Siriporn Kaewkla,siriporn.kaewkla208@yahoo.com,Plus Backpack 386,Toys,187.34,7,10.0,1180.24,2025-07-09,Surat Thani,Khon Kaen,PromptPay,Completed,,,Yes,6.0,0.58
102132,2266,Chaiyot Yodying,chaiyot.yodying526@gmail.com,Lite Mouse 188,Health,1043.54,6,5.0,5948.18,2024-02-17,Lampang,Phuket,TrueMoney Wallet,Completed,5.0,ของมาช้ากว่ากำหนด,No,,6.99
101026,1688,Siriporn Meesuk,siriporn.meesuk453@outlook.com,Mini Mouse 346,Groceries,310.11,7,0.0,2170.77,2023-05-19,Krabi,Phuket,COD,Processing,,,No,,0.92
100961,2431,Suree Wattana,suree.wattana785@yahoo.com,Ultra Lamp 135,Groceries,,7,0.0,3193.19,2024-10-26,Phuket,Udon Thani,COD,Shipped,4.0,,Yes,,0.2
102889,2367,Kanya Chotirat,kanya.chotirat670@hotmail.com,Pro Notebook 301,Fashion,444.72,3,0.0,1334.16,2024-09-08,Phuket,Chonburi,Installment,Shipped,4.0,บริการลูกค้าดีเยี่ยม,Yes,1.0,4.16
104137,2930,Somkiat Boonmee,somkiat.boonmee111@yahoo.com,Pro Bottle 486,Health,1346.92,2,20.0,2155.07,2024-07-07,Khon Kaen,Songkhla,PromptPay,Returned,4.0,,No,13.0,1.24
102009,1934,Wichai Prasertsak,wichai.prasertsak581@yahoo.com,Lite Sneaker 211,Beauty,938.65,7,10.0,5913.5,2024-10-02,Bangkok,Phuket,Installment,Completed,,,Yes,9.0,1.7
102149,2070,Chaiyot Chantra,chaiyot.chantra512@outlook.com,Plus Watch 603,Books,673.91,3,0.0,2021.73,2023-03-08,Chiang Mai,Khon Kaen,TrueMoney Wallet,Processing,5.0,ใช้งานได้ตามที่คาดหวัง,No,2.0,0.14
104815,1656,Pichit Chantra,pichit.chantra681@hotmail.com,Eco Backpack 686,Books,268.63,2,,537.26,2023-05-02,Surat Thani,Khon Kaen,PromptPay,Cancelled,5.0,สีไม่ตรงตามรูป,No,14.0,4.97
102338,2699,Chaiyot Sukjai,,Mini Notebook 965,Electronics,820.23,4,0.0,3280.92,2024-02-02,Surat Thani,Songkhla,,Cancelled,4.0,,No,11.0,6.48
103940,2678,Yupin Sukjai,,Plus Watch 675,Home & Living,588.93,4,0.0,2355.72,2023-04-23,Phuket,Udon Thani,COD,Completed,,,No,10.0,2.08
100304,2439,Boonmee Meesuk,boonmee.meesuk185@outlook.com,Pro Desk 584,Fashion,,5,0.0,2614.2,2023-12-20,Hat Yai,Khon Kaen,COD,Completed,5.0,ของมาช้ากว่ากำหนด,Yes,3.0,2.37
101440,1088,Kittisak Saelim,kittisak.saelim116@outlook.com,Smart Headphone 575,Fashion,1059.76,7,5.0,7047.4,2025-11-13,Chiang Rai,Songkhla,Bank Transfer,Completed,5.0,,No,8.0,1.29
101496,1195,Kanya Kaewkla,kanya.kaewkla697@outlook.com,Ultra Backpack 309,Beauty,655.96,8,0.0,5247.68,2025-06-10,Lampang,Rayong,Bank Transfer,Processing,,,Yes,14.0,1.81
102652,1754,Pranee Prasertsak,pranee.prasertsak630@yahoo.com,Lite Wallet 663,Automotive,329.07,2,30.0,460.7,2025-02-26,Nakhon Si Thammarat,Bangkok,Bank Transfer,Completed,,,Yes,10.0,4.37
102875,1493,Suchart Prasertsak,suchart.prasertsak356@outlook.com,Smart Pillow 744,Health,406.35,9,0.0,3657.15,2025-11-13,Nong Khai,Chonburi,Installment,Shipped,3.0,สีไม่ตรงตามรูป,Yes,,
100916,1933,Chatchai Boonmee,chatchai.boonmee345@yahoo.com,Lite Jacket 360,Books,389.1,2,15.0,661.47,2024-07-11,Udon Thani,Udon Thani,PromptPay,Completed,5.0,,Yes,,0.21
104204,2440,Anan Srisuk,anan.srisuk164@hotmail.com,Plus Camera 930,Health,558.41,4,25.0,1675.23,2024-06-18,Nonthaburi,Songkhla,Credit Card,Shipped,,บริการลูกค้าดีเยี่ยม,Yes,1.0,0.3
103771,2911,Niran Sinthop,niran.sinthop863@hotmail.com,Lite Keyboard 912,Fashion,142.72,3,5.0,406.75,2023-10-10,Buriram,Rayong,COD,Completed,4.0,,Yes,9.0,1.21
102772,2008,Chomphunut Panyawong,,Pro Keyboard 523,Books,721.92,8,0.0,5775.36,2023-11-02,Pattaya,Nakhon Ratchasima,COD,Returned,4.0,,No,13.0,4.46
101624,1346,Somsri Boonmee,somsri.boonmee86@hotmail.com,Lite Lamp 948,Beauty,496.44,6,5.0,2829.71,2023-10-18,Surat Thani,Bangkok,Installment,Cancelled,5.0,ส่งไวมาก ประทับใจ,No,12.0,3.91
103888,2592,Sombat Thongdee,sombat.thongdee325@outlook.com,Eco Notebook 544,Sports,418.69,5,0.0,2093.45,2025-02-07,Trang,Khon Kaen,Installment,Processing,3.0,,Yes,8.0,5.69
100821,2167,Ratana Chantra,ratana.chantra779@hotmail.com,Max Speaker 448,Sports,773.65,1,15.0,657.6,2023-05-01,Sakon Nakhon,Chiang Mai,PromptPay,Cancelled,,ส่งไวมาก ประทับใจ,Yes,4.0,0.31
104323,2398,Chatchai Prasertsak,chatchai.prasertsak536@outlook.com,Pro Notebook 438,Sports,555.46,7,15.0,3304.99,2024-11-26,Ubon Ratchathani,Udon Thani,Bank Transfer,Shipped,,ใช้งานได้ตามที่คาดหวัง,No,13.0,3.37
101354,2810,Somchai Intharak,somchai.intharak740@outlook.com,Smart Lamp 462,Health,1228.02,1,0.0,1228.02,2023-08-10,Ubon Ratchathani,Rayong,COD,Completed,,,No,12.0,0.6
104520,2581,Thawatchai Chantra,thawatchai.chantra204@yahoo.com,Max Chair 846,Automotive,1772.94,1,0.0,1772.94,2025-02-14,Buriram,Nonthaburi,Bank Transfer,Returned,,,No,,5.5
100850,2676,Ratana Naruemon,ratana.naruemon522@outlook.com,Plus Pillow 364,Fashion,368.35,2,0.0,736.7,2023-07-08,Nakhon Si Thammarat,Nonthaburi,PromptPay,Shipped,4.0,,No,7.0,2.52
101000,2944,Kittisak Wongsawat,kittisak.wongsawat317@gmail.com,Max Notebook 599,Health,191.58,5,5.0,910.0,2024-08-03,Sakon Nakhon,Rayong,Bank Transfer,Processing,4.0,,No,,0.64
103423,2236,Ploy Sinthop,ploy.sinthop166@outlook.com,Eco Lamp 597,Beauty,576.42,9,0.0,5187.78,2023-06-20,Nong Khai,Rayong,PromptPay,Completed,5.0,,Yes,6.0,0.46
100018,2687,Wichai Wongsawat,wichai.wongsawat629@hotmail.com,Plus Backpack 540,Sports,363.41,5,5.0,1726.2,2025-09-01,Udon Thani,Khon Kaen,Credit Card,Processing,,ของมาช้ากว่ากำหนด,Yes,9.0,1.21
101637,1709,Niran Sinthop,niran.sinthop549@hotmail.com,Eco Mouse 753,Home & Living,256.14,6,5.0,1460.0,2024-04-26,Sakon Nakhon,Songkhla,Installment,Cancelled,,,Yes,12.0,1.36
101667,2164,Pranee Sukjai,pranee.sukjai361@yahoo.com,Lite Jacket 350,Groceries,462.55,8,0.0,3700.4,2023-06-16,Krabi,Nakhon Ratchasima,COD,Completed,1.0,,No,4.0,0.24
100493,2184,Wichai Sukjai,,Mini Notebook 813,Automotive,463.71,9,25.0,3130.04,2024-01-06,Chiang Mai,Nonthaburi,Credit Card,Shipped,,ใช้งานได้ตามที่คาดหวัง,Yes,7.0,0.2
101347,1172,Kanya Meesuk,,Smart Sneaker 150,Toys,588.22,4,0.0,2352.88,2024-02-03,Nakhon Si Thammarat,Songkhla,TrueMoney Wallet,Completed,,ของมาช้ากว่ากำหนด,No,10.0,1.14
103018,2195,Prasert Sinthop,prasert.sinthop429@yahoo.com,Pro Notebook 527,Sports,619.69,6,5.0,3532.23,2024-05-09,Nakhon Ratchasima,Chiang Mai,Installment,Cancelled,5.0,,No,1.0,0.78
104783,1358,Niran Wattana,niran.wattana874@gmail.com,Pro Lamp 665,Health,1800.62,4,0.0,7202.48,2023-05-30,Rayong,Khon Kaen,Bank Transfer,Completed,4.0,คุณภาพต่ำกว่าที่คิด,No,5.0,3.41
104017,1343,Nittaya Boonmee,nittaya.boonmee754@hotmail.com,Plus Jacket 900,Books,394.71,1,15.0,335.5,2023-04-15,Ubon Ratchathani,Songkhla,COD,Completed,,แพ็คเกจไม่แน่นหนา,Yes,2.0,1.24
103664,2653,Chatchai Chotirat,chatchai.chotirat901@yahoo.com,Pro Wallet 884,Sports,197.34,7,5.0,1312.31,2025-05-16,Nonthaburi,Bangkok,,Completed,3.0,,Yes,14.0,3.83
103529,2514,Duangjai Naruemon,duangjai.naruemon590@gmail.com,Smart Backpack 806,Toys,553.66,6,,3155.86,2025-07-25,Nakhon Ratchasima,Nakhon Ratchasima,Installment,Completed,4.0,,No,2.0,
100687,2015,Kanya Wongsawat,kanya.wongsawat715@hotmail.com,Mini Keyboard 407,Health,588.29,3,0.0,1764.87,2025-06-04,Phuket,Phuket,Installment,Processing,5.0,,No,8.0,3.52
103781,1914,Nittaya Sukjai,nittaya.sukjai550@yahoo.com,Mini Watch 600,Electronics,524.0,4,0.0,2096.0,2024-09-01,Chiang Rai,Chiang Mai,TrueMoney Wallet,Completed,5.0,,No,7.0,0.19
101608,1312,Duangjai Boonmee,duangjai.boonmee218@outlook.com,Mini Lamp 173,Beauty,476.22,5,0.0,2381.1,2023-02-10,Phuket,Phuket,TrueMoney Wallet,Cancelled,4.0,ส่งไวมาก ประทับใจ,No,2.0,1.77
104113,2898,Orawan Naruemon,,Lite Camera 883,Automotive,828.56,9,0.0,7457.04,2024-12-31,Krabi,Phuket,COD,Completed,3.0,สินค้าดีมาก คุ้มราคา,Yes,12.0,8.43
104294,2869,Kittisak Srisuk,kittisak.srisuk595@outlook.com,Smart Chair 544,Fashion,1950.06,1,5.0,1852.56,2025-12-13,Bangkok,Chiang Mai,COD,Completed,5.0,,No,13.0,1.36
101009,2142,Wichai Prasertsak,wichai.prasertsak946@hotmail.com,Lite Lamp 943,Automotive,356.35,3,0.0,1069.05,2023-08-01,Pattaya,Chiang Mai,,Shipped,,,Yes,2.0,1.74
102408,1792,Sombat Prasertsak,,Ultra Pillow 973,Automotive,1182.44,6,0.0,7094.64,2024-12-16,Udon Thani,Rayong,Bank Transfer,Processing,5.0,,No,13.0,
101092,1918,Yupin Panyawong,yupin.panyawong307@hotmail.com,Mini Sneaker 798,Fashion,654.91,1,10.0,589.42,2023-03-01,Nakhon Ratchasima,Khon Kaen,Credit Card,Returned,,,Yes,1.0,1.08
101327,2345,Pichit Phetcharat,pichit.phetcharat516@yahoo.com,Smart Chair 925,Groceries,913.51,3,15.0,2329.45,2024-12-09,Trang,Bangkok,Bank Transfer,Processing,,จะกลับมาซื้อซ้ำแน่นอน,No,5.0,1.91
101677,1284,Yupin Sinthop,yupin.sinthop650@yahoo.com,Smart Bottle 319,Books,548.42,7,0.0,3838.94,2025-09-06,Surat Thani,Chonburi,Installment,Returned,5.0,สีไม่ตรงตามรูป,No,2.0,1.51
101999,1687,Wilai Wattana,wilai.wattana899@outlook.com,Ultra Bottle 519,Books,186.03,2,0.0,372.06,2024-05-24,,Nonthaburi,Bank Transfer,Processing,2.0,,No,5.0,0.19
101310,2469,Orawan Phetcharat,orawan.phetcharat430@gmail.com,Eco Mouse 235,Beauty,185.61,4,15.0,631.07,2025-09-26,Pattaya,Phuket,Credit Card,Shipped,,,Yes,14.0,2.52
103303,1901,Chatchai Sinthop,chatchai.sinthop266@hotmail.com,Smart Wallet 355,Fashion,462.98,5,0.0,2314.9,2025-01-29,Khon Kaen,Phuket,COD,Completed,5.0,สินค้าดีมาก คุ้มราคา,Yes,8.0,3.39
101987,2942,Anan Kaewkla,anan.kaewkla703@gmail.com,Plus Headphone 529,Groceries,998.69,3,20.0,2396.86,2025-12-29,Trang,Bangkok,Credit Card,Completed,,,No,,0.43
103698,1301,Wilai Phetcharat,wilai.phetcharat700@hotmail.com,Lite Desk 719,Books,206.11,4,15.0,700.77,2025-10-30,Buriram,Bangkok,Credit Card,Returned,,,Yes,6.0,3.29
100344,2843,Wichai Meesuk,wichai.meesuk985@outlook.com,Eco Wallet 892,Electronics,274.44,8,0.0,2195.52,2024-03-04,Bangkok,Udon Thani,Installment,Completed,5.0,,Yes,7.0,0.88
104385,2892,Duangjai Chotirat,duangjai.chotirat301@hotmail.com,Ultra Wallet 474,Toys,1153.84,5,0.0,5769.2,2025-08-31,Pattaya,Udon Thani,TrueMoney Wallet,Completed,5.0,ใช้งานได้ตามที่คาดหวัง,Yes,13.0,0.32
100986,1460,Kittisak Wattana,kittisak.wattana868@outlook.com,Pro Pillow 922,Health,406.64,8,10.0,2927.81,2023-08-28,Nakhon Ratchasima,Songkhla,Credit Card,Completed,,,Yes,5.0,0.28
103903,1162,Anan Panyawong,,Ultra Backpack 104,Electronics,406.7,3,15.0,1037.08,2024-06-11,Khon Kaen,Nonthaburi,TrueMoney Wallet,Shipped,,โอเคสำหรับราคานี้,No,,0.87
103857,2325,Kittisak Panyawong,kittisak.panyawong214@outlook.com,Ultra Watch 898,Automotive,513.81,9,0.0,4624.29,2023-04-15,Buriram,Khon Kaen,TrueMoney Wallet,Completed,,,No,12.0,1.01
104335,1935,Siriporn Chantra,,Max Blender 888,Books,159.02,7,0.0,1113.14,2025-05-17,Pattaya,Nonthaburi,PromptPay,Completed,5.0,ใช้งานได้ตามที่คาดหวัง,Yes,4.0,0.13
104055,1880,Orawan Naruemon,orawan.naruemon278@yahoo.com,Max Pillow 984,Health,449.09,7,20.0,2514.9,2025-05-03,Ubon Ratchathani,Chiang Mai,PromptPay,Processing,,สินค้าดีมาก คุ้มราคา,No,8.0,1.09
103134,2665,Anucha Yodying,,Smart Lamp 623,Beauty,380.54,8,0.0,3044.32,2025-04-25,Hat Yai,Songkhla,COD,Completed,5.0,โอเคสำหรับราคานี้,Yes,11.0,1.99
103095,2681,Prasert Boonmee,prasert.boonmee339@outlook.com,Pro Camera 512,Beauty,312.72,1,0.0,312.72,2025-07-04,Krabi,Khon Kaen,Installment,Completed,5.0,คุณภาพต่ำกว่าที่คิด,No,13.0,0.94
101142,1204,Suchart Wattana,suchart.wattana147@outlook.com,Mini Headphone 696,Health ,158.92,6,15.0,810.49,2025-07-18,Krabi,Nonthaburi,TrueMoney Wallet,Completed,3.0,,Yes,6.0,0.51
102358,1737,Suchart Naruemon,suchart.naruemon147@gmail.com,Lite Camera 375,Fashion,485.83,9,0.0,4372.47,2025-02-26,Lampang,Chiang Mai,Credit Card,Shipped,5.0,บริการลูกค้าดีเยี่ยม,Yes,12.0,3.2
101198,1248,Chomphunut Wattana,chomphunut.wattana6@yahoo.com,Ultra Bottle 817,Beauty,285.68,8,10.0,2056.9,2023-12-17,Krabi,Udon Thani,Credit Card,Completed,,คุณภาพต่ำกว่าที่คิด,Yes,3.0,0.15
100085,2104,Anucha Rattanakul,anucha.rattanakul600@hotmail.com,Eco Notebook 326,Toys,344.82,8,30.0,1930.99,2025-07-31,Nakhon Si Thammarat,Nonthaburi,Bank Transfer,Completed,5.0,ส่งไวมาก ประทับใจ,No,,0.47
101518,2180,Ratana Intharak,ratana.intharak618@yahoo.com,Lite Desk 724,Beauty,468.08,2,0.0,,2024-08-24,Nonthaburi,Chonburi,PromptPay,Completed,5.0,คุณภาพต่ำกว่าที่คิด,No,14.0,0.72
100516,1784,Nittaya Kaewkla,nittaya.kaewkla76@yahoo.com,Lite Blender 140,Sports,473.54,2,0.0,947.08,2025-07-19,Nakhon Si Thammarat,Phuket,,Completed,,สีไม่ตรงตามรูป,Yes,4.0,1.34
101381,1897,Suchart Rattanakul,suchart.rattanakul618@gmail.com,Smart Headphone 510,Sports,225.87,9,10.0,1829.55,2023-12-16,Nong Khai,Nonthaburi,TrueMoney Wallet,Completed,4.0,,,11.0,1.82
102716,1269,Yupin Meesuk,,Smart Blender 408,Health,506.79,8,0.0,4054.32,2024-02-18,Chiang Rai,Chonburi,Credit Card,Completed,4.0,จะกลับมาซื้อซ้ำแน่นอน,No,3.0,0.77
103127,2093,Kittisak Chotirat,kittisak.chotirat919@outlook.com,Pro Notebook 117,Fashion,863.63,4,5.0,3281.79,2025-10-24,Khon Kaen,Udon Thani,COD,Processing,3.0,,No,9.0,0.72
101014,1145,Yupin Rattanakul,yupin.rattanakul346@outlook.com,Ultra Keyboard 950,Sports,433.81,6,0.0,2602.86,2024-05-29,Nong Khai,Bangkok,PromptPay,Completed,5.0,,No,14.0,1.36
100128,1379,Suchart Intharak,suchart.intharak19@yahoo.com,Plus Desk 977,Books,98.87,8,10.0,711.86,2024-01-03,Nakhon Ratchasima,Udon Thani,Installment,Completed,5.0,,,5.0,4.72
101364,1319,Suree Chaiyaporn,suree.chaiyaporn924@outlook.com,Pro Lamp 872,Home & Living,575.64,8,5.0,4374.86,2023-06-21,Rayong,Chonburi,Bank Transfer,Completed,,,No,14.0,2.32
103673,2151,Niran Thongdee,niran.thongdee21@gmail.com,Lite Notebook 906,Fashion,203.01,8,0.0,1624.08,2023-01-25,Phuket,Chonburi,Credit Card,Completed,5.0,,Yes,12.0,0.96
103167,2465,Rungnapa Sukjai,rungnapa.sukjai613@outlook.com,Smart Desk 716,Fashion,600.84,4,0.0,2403.36,2025-06-28,Trang,Chiang Mai,COD,Completed,,,Yes,2.0,1.4
100891,1172,Thawatchai Sinthop,thawatchai.sinthop203@outlook.com,Ultra Watch 767,Electronics,561.13,5,15.0,2384.8,2024-05-31,Hat Yai,Rayong,COD,Completed,4.0,,No,12.0,0.18
102793,2201,Suree Sukjai,suree.sukjai182@yahoo.com,Pro Charger 718,Toys,659.57,4,10.0,2374.45,2023-09-04,Bangkok,Chonburi,Credit Card,Shipped,4.0,,No,9.0,2.65
104230,1892,Suchart Rattanakul,suchart.rattanakul617@hotmail.com,Plus Backpack 521,Health,310.39,4,0.0,1241.56,2024-06-24,Bangkok,Chonburi,PromptPay,Completed,,ของมาช้ากว่ากำหนด,Yes,14.0,2.18
101359,1139,Niran Kaewkla,niran.kaewkla276@hotmail.com,Mini Camera 589,Automotive,397.51,3,5.0,1132.9,2023-11-17,Udon Thani,Phuket,PromptPay,Shipped,4.0,,Yes,13.0,0.74
100307,2462,Wichai Srisuk,wichai.srisuk94@gmail.com,Smart Blender 757,Groceries,537.97,7,10.0,3389.21,2024-07-17,Ubon Ratchathani,Rayong,PromptPay,Returned,,คุณภาพต่ำกว่าที่คิด,Yes,3.0,0.25
101661,2724,Suree Sinthop,suree.sinthop17@yahoo.com,Pro Backpack 105,Health,400.51,2,20.0,640.82,2023-06-20,Krabi,Songkhla,TrueMoney Wallet,Processing,5.0,โอเคสำหรับราคานี้,Yes,13.0,2.74
102431,1959,Duangjai Prasertsak,,Ultra Lamp 700,Beauty,932.78,5,25.0,3497.92,2025-02-10,Bangkok,Songkhla,TrueMoney Wallet,Completed,,,Yes,11.0,0.13
103986,1027,Pichit Chantra,pichit.chantra205@gmail.com,Eco Charger 641,Health,437.56,3,0.0,1312.68,2023-12-09,Nakhon Si Thammarat,Chonburi,PromptPay,Shipped,,จะกลับมาซื้อซ้ำแน่นอน,Yes,11.0,1.17
101317,1758,Niran Thongdee,niran.thongdee507@gmail.com,Max Blender 476,Beauty,122.68,2,0.0,245.36,2025-07-11,Hat Yai,Chonburi,Credit Card,Shipped,5.0,บริการลูกค้าดีเยี่ยม,No,13.0,0.97
104326,1786,Rungnapa Wongsawat,rungnapa.wongsawat705@gmail.com,Lite Camera 995,Toys,482.38,2,25.0,723.57,2023-09-21,Nakhon Ratchasima,Songkhla,Credit Card,Processing,5.0,,No,1.0,3.09
102474,1606,Somkiat Thongdee,somkiat.thongdee851@outlook.com,Ultra Wallet 827,Toys,973.84,8,0.0,7790.72,2023-06-27,Buriram,Chiang Mai,Credit Card,Completed,3.0,,No,14.0,1.58
102542,1552,Nittaya Wongsawat,,Mini Jacket 179,Electronics,530.87,7,0.0,3716.09,2025-02-20,Udon Thani,Bangkok,Bank Transfer,Completed,5.0,,Yes,8.0,2.15
101246,1738,Duangjai Phetcharat,,Plus Wallet 781,Automotive,773.03,4,30.0,2164.48,2025-02-25,Nong Khai,Udon Thani,COD,Completed,3.0,สีไม่ตรงตามรูป,No,6.0,1.16
101208,2596,Nittaya Intharak,,Smart Speaker 148,Groceries,395.58,1,0.0,395.58,2025-01-09,Khon Kaen,Songkhla,TrueMoney Wallet,Shipped,4.0,,Yes,9.0,2.6
100216,2722,Boonmee Prasertsak,boonmee.prasertsak775@gmail.com,Plus Bottle 883,Automotive,203.8,5,0.0,1019.0,2024-02-05,Khon Kaen,Udon Thani,PromptPay,Completed,4.0,สีไม่ตรงตามรูป,No,1.0,
104315,1979,Yupin Sinthop,yupin.sinthop533@gmail.com,Pro Speaker 900,Electronics,158.73,2,30.0,,2023-04-23,Rayong,Nonthaburi,PromptPay,Returned,4.0,,Yes,5.0,1.02
103105,2303,Anan Intharak,anan.intharak315@hotmail.com,Lite Charger 769,Books,193.0,3,0.0,579.0,2025-03-06,Udon Thani,Phuket,COD,Cancelled,5.0,โอเคสำหรับราคานี้,Yes,13.0,5.87
101239,1749,Kittisak Kaewkla,kittisak.kaewkla54@yahoo.com,Plus Wallet 452,Toys,72.81,6,0.0,436.86,2024-07-15,Udon Thani,Udon Thani,Installment,Returned,5.0,แพ็คเกจไม่แน่นหนา,Yes,2.0,1.62
102289,2246,Ratana Chotirat,ratana.chotirat884@outlook.com,Lite Watch 905,Health,845.03,9,15.0,6464.48,2025-12-14,Buriram,Phuket,TrueMoney Wallet,Completed,,คุณภาพต่ำกว่าที่คิด,Yes,9.0,1.66
102740,1164,Prasert Sukjai,prasert.sukjai623@outlook.com,Max Jacket 672,Home & Living,279.71,9,10.0,2265.65,2023-05-26,Nong Khai,Rayong,Bank Transfer,Completed,,ของมาช้ากว่ากำหนด,No,7.0,4.33
100275,1563,Chomphunut Wongsawat,chomphunut.wongsawat781@hotmail.com,Eco Wallet 881,Home & Living,663.46,6,10.0,3582.68,2023-02-24,Lampang,Phuket,Credit Card,Cancelled,4.0,,No,13.0,2.67
100489,1190,Pranee Boonmee,pranee.boonmee531@hotmail.com,Plus Wallet 587,Sports,831.92,9,0.0,7487.28,2024-11-30,Phuket,Songkhla,Installment,Completed,5.0,,Yes,5.0,1.49
101035,1822,Pichit Sukjai,pichit.sukjai949@gmail.com,Max Sneaker 422,Books,763.99,8,0.0,6111.92,2023-10-08,Nonthaburi,Rayong,Credit Card,Completed,,ใช้งานได้ตามที่คาดหวัง,Yes,,0.32
101229,1364,Somsri Kaewkla,somsri.kaewkla501@outlook.com,Ultra Wallet 961,Health,2224.85,1,0.0,2224.85,2023-10-19,Phuket,Chiang Mai,TrueMoney Wallet,Completed,,,No,6.0,0.25
104608,2960,Kanya Intharak,kanya.intharak464@hotmail.com,Pro Wallet 596,Beauty,176.49,3,0.0,529.47,2024-11-22,Lampang,Phuket,Credit Card,Completed,5.0,,No,4.0,
101008,2028,Rungnapa Wattana,rungnapa.wattana718@gmail.com,Mini Pillow 372,Books,190.9,2,0.0,381.8,2024-10-05,Khon Kaen,Khon Kaen,TrueMoney Wallet,Completed,,,No,4.0,3.31
104730,1484,Niran Prasertsak,niran.prasertsak225@outlook.com,Lite Speaker 987,Beauty,701.21,8,30.0,3926.78,2023-05-15,Bangkok,Bangkok,Credit Card,Cancelled,,,No,4.0,1.38
103165,1661,Yupin Sinthop,yupin.sinthop203@gmail.com,Smart Desk 554,Beauty,432.72,6,0.0,2596.32,2025-10-17,Udon Thani,Chonburi,,Processing,5.0,,Yes,13.0,1.88
103226,1748,Wilai Sukjai,wilai.sukjai302@yahoo.com,Lite Notebook 796,Sports,524.05,6,0.0,3144.3,2023-04-15,Chiang Mai,Udon Thani,Bank Transfer,Completed,,,No,,0.13
102532,1316,Pranee Kaewkla,pranee.kaewkla356@outlook.com,Plus Jacket 718,Fashion,630.81,2,0.0,1261.62,2023-06-09,Lampang,Chiang Mai,TrueMoney Wallet,Completed,,,No,11.0,1.1
104908,1719,Nittaya Sukjai,nittaya.sukjai182@hotmail.com,Ultra Desk 510,Sports,163.91,2,5.0,311.43,2025-03-09,Bangkok,Chiang Mai,Credit Card,Processing,5.0,,Yes,1.0,
101058,1684,Malee Boonmee,malee.boonmee814@hotmail.com,Lite Sneaker 579,Home & Living,796.91,4,25.0,2390.73,2025-10-30,Phuket,Nonthaburi,Bank Transfer,Completed,5.0,,Yes,4.0,0.33
102166,1002,Boonmee Chaiyaporn,boonmee.chaiyaporn201@yahoo.com,Plus Pillow 115,Sports,399.73,3,20.0,959.35,2024-01-25,Udon Thani,Chiang Mai,TrueMoney Wallet,Completed,,สินค้าดีมาก คุ้มราคา,Yes,6.0,1.08
104121,2543,Orawan Chaiyaporn,orawan.chaiyaporn981@gmail.com,Mini Camera 170,Home & Living,98.84,1,0.0,98.84,2023-11-23,Rayong,Songkhla,Bank Transfer,Completed,5.0,,No,5.0,0.13
104412,1658,Chatchai Sukjai,chatchai.sukjai90@yahoo.com,Lite Headphone 608,Toys,536.76,7,0.0,3757.32,2025-10-06,Phuket,Chonburi,PromptPay,Completed,3.0,สินค้าดีมาก คุ้มราคา,Yes,3.0,3.73
100281,2136,Anucha Kaewkla,anucha.kaewkla397@hotmail.com,Mini Charger 588,Books,430.95,4,0.0,1723.8,2024-11-21,Bangkok,Phuket,TrueMoney Wallet,Shipped,,,No,,0.5
103614,1496,Kanya Srisuk,kanya.srisuk330@hotmail.com,Lite Desk 188,Home & Living,309.31,3,0.0,927.93,2025-12-08,Sakon Nakhon,Chiang Mai,Installment,Completed,3.0,จะกลับมาซื้อซ้ำแน่นอน,No,6.0,1.19
101316,2160,Anucha Sinthop,anucha.sinthop759@outlook.com,Lite Mouse 649,Electronics,286.84,2,,573.68,2024-01-30,Bangkok,Bangkok,TrueMoney Wallet,Cancelled,,ของมาช้ากว่ากำหนด,No,14.0,2.13
101792,2076,Malee Chantra,malee.chantra622@outlook.com,Max Keyboard 342,Home & Living,814.92,8,10.0,5867.42,2025-04-02,Chiang Rai,Chonburi,PromptPay,Completed,,,Yes,11.0,2.02
100968,1089,Pichit Boonmee,pichit.boonmee893@hotmail.com,Pro Wallet 543,Sports,,7,0.0,3053.54,2025-02-22,Udon Thani,Chiang Mai,COD,Completed,,,Yes,,0.21
103169,1452,Malee Yodying,malee.yodying596@outlook.com,Eco Mouse 732,Health,392.08,5,0.0,1960.4,2024-06-24,Udon Thani,Phuket,COD,Completed,,สีไม่ตรงตามรูป,No,,3.91
103972,1628,Sombat Saelim,sombat.saelim249@gmail.com,Ultra Charger 166,Books,624.66,5,0.0,3123.3,2025-10-08,Phuket,Khon Kaen,Credit Card,Completed,,จะกลับมาซื้อซ้ำแน่นอน,Yes,4.0,0.47
103210,1455,Chatchai Chantra,chatchai.chantra235@yahoo.com,Pro Jacket 936,Toys,195.44,8,0.0,1563.52,2024-02-16,,Songkhla,COD,Completed,2.0,,No,12.0,0.12
103567,2801,Chomphunut Chantra,chomphunut.chantra775@outlook.com,Lite Chair 496,Beauty,629.63,4,20.0,2014.82,2023-09-05,,Chonburi,Bank Transfer,Shipped,3.0,ใช้งานได้ตามที่คาดหวัง,Yes,13.0,0.68
100619,2081,Chaiyot Sukjai,chaiyot.sukjai215@outlook.com,Lite Speaker 777,Sports,555.31,2,0.0,1110.62,2023-04-29,Chiang Mai,Nonthaburi,Bank Transfer,Shipped,4.0,ของมาช้ากว่ากำหนด,No,9.0,0.49
103279,2489,Yupin Boonmee,yupin.boonmee290@yahoo.com,Smart Headphone 746,Beauty,111.47,4,0.0,445.88,2023-03-20,Khon Kaen,Udon Thani,Installment,Completed,,,,1.0,4.13
101742,2101,Somsri Chotirat,somsri.chotirat654@gmail.com,Plus Backpack 437,Groceries,776.3,8,30.0,4347.28,2023-11-28,Chiang Rai,Khon Kaen,Installment,Completed,,คุณภาพต่ำกว่าที่คิด,No,1.0,1.89
101390,1784,Yupin Sinthop,yupin.sinthop812@gmail.com,Smart Jacket 173,Home & Living,1053.35,8,0.0,8426.8,2024-03-21,Sakon Nakhon,Bangkok,Installment,Cancelled,4.0,ใช้งานได้ตามที่คาดหวัง,No,,0.72
104099,2233,Chatchai Boonmee,chatchai.boonmee501@outlook.com,Ultra Sneaker 883,Toys,441.54,4,0.0,1766.16,2023-03-03,Rayong,Phuket,Bank Transfer,Completed,4.0,แพ็คเกจไม่แน่นหนา,No,7.0,4.56
101847,1587,Ratana Rattanakul,ratana.rattanakul570@yahoo.com,Ultra Keyboard 333,Health,321.95,6,0.0,,2023-10-16,Ubon Ratchathani,Chonburi,Bank Transfer,Completed,,โอเคสำหรับราคานี้,No,7.0,0.17
101579,2319,Chatchai Srisuk,chatchai.srisuk880@yahoo.com,Pro Pillow 977,Groceries,238.27,9,15.0,1822.77,2024-02-09,Chiang Rai,Songkhla,TrueMoney Wallet,Cancelled,,,Yes,14.0,0.23
101655,1688,Anan Wattana,,Smart Jacket 689,Beauty,512.49,8,,4099.92,2023-11-15,Krabi,Songkhla,Credit Card,Processing,3.0,,No,4.0,2.22
102352,1946,Yupin Meesuk,yupin.meesuk116@gmail.com,Plus Backpack 483,groceries,828.4,4,0.0,3313.6,2023-01-18,Nakhon Si Thammarat,Chonburi,Installment,Processing,,โอเคสำหรับราคานี้,No,14.0,1.48
102212,2711,Pichit Chotirat,pichit.chotirat561@yahoo.com,Pro Lamp 745,Toys,338.03,6,30.0,1419.73,2023-12-18,Rayong,Khon Kaen,Credit Card,Completed,5.0,สีไม่ตรงตามรูป,No,11.0,1.93
102020,1619,Yupin Chotirat,yupin.chotirat42@hotmail.com,Pro Mouse 362,Toys,321.15,8,,2569.2,2025-07-25,Nong Khai,Chiang Mai,Bank Transfer,Processing,4.0,คุณภาพต่ำกว่าที่คิด,No,10.0,1.03
104997,2381,Chaiyot Prasertsak,chaiyot.prasertsak188@hotmail.com,Eco Wallet 230,Electronics,957.3,3,25.0,2153.92,2024-09-17,Krabi,Nakhon Ratchasima,COD,Returned,5.0,,,3.0,1.23
101956,2838,Duangjai Srisuk,duangjai.srisuk341@outlook.com,Eco Pillow 624,Beauty,711.02,9,20.0,5119.34,2024-06-09,Pattaya,Khon Kaen,PromptPay,Completed,,โอเคสำหรับราคานี้,Yes,1.0,
101307,1515,Ratana Wongsawat,ratana.wongsawat460@gmail.com,Lite Blender 808,Automotive,588.62,9,15.0,4502.94,2024-06-18,Phuket,Bangkok,Installment,Completed,2.0,,No,9.0,3.28
102003,1726,Pichit Sukjai,pichit.sukjai401@outlook.com,Max Keyboard 349,Books,224.93,2,25.0,337.4,2023-04-01,Khon Kaen,Nonthaburi,COD,Cancelled,,,No,9.0,
104478,2325,Boonmee Chotirat,boonmee.chotirat481@yahoo.com,Smart Jacket 449,Fashion,887.27,2,0.0,1774.54,2023-03-08,Surat Thani,Songkhla,Bank Transfer,Completed,5.0,ส่งไวมาก ประทับใจ,Yes,2.0,1.54
100575,1992,Chatchai Chaiyaporn,chatchai.chaiyaporn958@yahoo.com,Pro Speaker 367,Groceries,282.25,8,0.0,2258.0,2025-11-23,Krabi,Chonburi,Bank Transfer,Completed,,,Yes,8.0,
102360,1515,Suree Phetcharat,,Smart Desk 125,Books,624.29,3,30.0,1311.01,2024-12-07,Khon Kaen,Nakhon Ratchasima,Bank Transfer,Completed,5.0,ใช้งานได้ตามที่คาดหวัง,No,12.0,0.21
104224,1861,Pranee Saelim,pranee.saelim222@hotmail.com,Eco Blender 589,Sports,98.48,7,10.0,620.42,2023-02-27,Rayong,Nonthaburi,PromptPay,Completed,,,No,4.0,1.87
104459,1361,Wichai Chotirat,wichai.chotirat621@hotmail.com,Max Headphone 164,Sports,262.44,6,10.0,1417.18,2024-05-01,Hat Yai,Songkhla,Bank Transfer,Completed,4.0,,No,2.0,1.25
101706,2666,Pichit Wongsawat,pichit.wongsawat861@yahoo.com,Smart Desk 493,Health,92.82,8,0.0,742.56,2023-08-27,,Udon Thani,PromptPay,Cancelled,,,Yes,2.0,0.78
103792,1997,Thawatchai Panyawong,thawatchai.panyawong481@outlook.com,Ultra Notebook 265,Electronics,688.93,2,0.0,1377.86,2024-03-12,Trang,Songkhla,Bank Transfer,Completed,,,No,10.0,1.81
103518,2950,Wilai Sukjai,wilai.sukjai366@gmail.com,Pro Charger 575,Health,364.58,9,0.0,3281.22,2024-01-03,,Phuket,PromptPay,Completed,4.0,,No,8.0,0.19
101280,2959,Niran Thongdee,niran.thongdee484@yahoo.com,Ultra Camera 506,Books,280.09,5,,1400.45,2024-06-19,Nong Khai,Bangkok,Credit Card,Completed,5.0,โอเคสำหรับราคานี้,No,9.0,1.25
100861,2445,Chomphunut Yodying,chomphunut.yodying967@hotmail.com,Eco Watch 510,Fashion,790.25,8,15.0,5373.7,2023-07-17,Chiang Rai,Udon Thani,COD,Completed,2.0,,No,5.0,0.67
104167,2689,Wichai Chotirat,wichai.chotirat505@outlook.com,Max Keyboard 316,Fashion,531.16,2,10.0,956.09,2023-08-16,Chiang Mai,Chonburi,PromptPay,Shipped,,,No,1.0,0.15
101801,1713,Yupin Naruemon,yupin.naruemon408@gmail.com,Ultra Lamp 515,Fashion,308.34,5,0.0,1541.7,2024-09-24,Surat Thani,Bangkok,Bank Transfer,Completed,3.0,,No,9.0,3.3
101628,1954,Malee Panyawong,malee.panyawong893@outlook.com,Lite Wallet 656,Books,871.13,7,0.0,6097.91,2024-03-26,Lampang,Nakhon Ratchasima,Bank Transfer,Completed,3.0,,Yes,14.0,0.39
101993,2805,Somkiat Boonmee,somkiat.boonmee592@outlook.com,Eco Blender 252,Beauty,142.61,7,5.0,,2023-07-04,Phuket,Chonburi,TrueMoney Wallet,Completed,4.0,สินค้าดีมาก คุ้มราคา,Yes,2.0,1.63
102639,1419,Chatchai Wattana,chatchai.wattana776@gmail.com,Smart Jacket 779,Fashion,928.48,7,25.0,4874.52,2024-06-22,Nakhon Ratchasima,Nakhon Ratchasima,Credit Card,Returned,,,No,1.0,0.21
100269,2256,Anucha Rattanakul,anucha.rattanakul428@outlook.com,Ultra Bottle 202,Sports,98.34,7,0.0,688.38,2024-03-22,Ubon Ratchathani,Songkhla,COD,Completed,5.0,จะกลับมาซื้อซ้ำแน่นอน,Yes,3.0,0.83
100629,1487,Anan Phetcharat,anan.phetcharat334@gmail.com,Smart Chair 243,Home & Living,70.6,9,5.0,603.63,2023-06-01,Nonthaburi,Khon Kaen,Bank Transfer,Completed,5.0,,No,5.0,0.21
103081,2546,Anan Saelim,anan.saelim777@gmail.com,Mini Sneaker 625,Beauty,317.66,6,20.0,1524.77,2023-12-11,Chiang Mai,Songkhla,TrueMoney Wallet,Processing,,ส่งไวมาก ประทับใจ,Yes,,0.47
102334,1703,Somkiat Phetcharat,somkiat.phetcharat452@hotmail.com,Eco Keyboard 827,Groceries,336.66,9,25.0,2272.46,2025-09-21,Krabi,Nakhon Ratchasima,PromptPay,Shipped,5.0,,No,14.0,0.89
102966,1140,Wilai Saelim,wilai.saelim620@outlook.com,Mini Sneaker 845,Toys,801.96,6,0.0,4811.76,2025-11-26,Bangkok,Songkhla,Credit Card,Completed,3.0,,,6.0,1.87
100300,2707,Chomphunut Boonmee,chomphunut.boonmee87@yahoo.com,Plus Lamp 289,Home & Living,296.58,3,0.0,889.74,2023-06-18,Nong Khai,Rayong,COD,Returned,4.0,ของมาช้ากว่ากำหนด,No,5.0,2.41
100459,2852,Suree Intharak,suree.intharak68@gmail.com,Mini Camera 950,Health,530.75,6,30.0,2229.15,2024-11-09,Surat Thani,Songkhla,Bank Transfer,Completed,,ส่งไวมาก ประทับใจ,Yes,10.0,1.58
101447,1799,Suree Srisuk,suree.srisuk493@outlook.com,Ultra Lamp 265,Automotive,551.8,4,0.0,2207.2,2025-11-03,Surat Thani,Bangkok,Installment,Completed,5.0,,Yes,3.0,2.57
101472,1390,Duangjai Naruemon,duangjai.naruemon387@gmail.com,Eco Backpack 590,Fashion,1037.63,3,,3112.89,2023-03-20,Trang,Bangkok,COD,Shipped,,แพ็คเกจไม่แน่นหนา,No,2.0,2.93
102046,2131,Chatchai Kaewkla,chatchai.kaewkla700@hotmail.com,Smart Chair 790,Home & Living,774.63,2,0.0,1549.26,2025-03-05,Khon Kaen,Bangkok,,Completed,,ใช้งานได้ตามที่คาดหวัง,,3.0,2.6
104250,2602,Niran Yodying,niran.yodying305@gmail.com,Pro Chair 944,sports,205.0,3,0.0,615.0,2024-01-08,Krabi,Phuket,Credit Card,Completed,5.0,แพ็คเกจไม่แน่นหนา,No,8.0,0.34
103814,1970,Chatchai Wongsawat,chatchai.wongsawat231@hotmail.com,Plus Pillow 603,Home & Living,323.06,2,0.0,646.12,2025-09-11,Phuket,Chiang Mai,Credit Card,Completed,5.0,,No,10.0,3.8
102113,2463,Kanya Rattanakul,kanya.rattanakul684@gmail.com,Pro Chair 454,Beauty,89.81,9,0.0,808.29,2024-08-05,Chiang Rai,Songkhla,TrueMoney Wallet,Completed,4.0,ของมาช้ากว่ากำหนด,No,,1.46
100027,1385,Orawan Sinthop,orawan.sinthop298@outlook.com,Lite Lamp 787,Toys,138.68,9,20.0,998.5,2023-03-05,Rayong,Nonthaburi,Bank Transfer,Completed,1.0,คุณภาพต่ำกว่าที่คิด,Yes,9.0,0.98
104989,2089,Suree Chotirat,suree.chotirat336@hotmail.com,Pro Charger 376,Automotive,704.78,3,0.0,2114.34,2024-12-17,Surat Thani,Chiang Mai,Bank Transfer,Completed,4.0,,Yes,14.0,0.6
104545,2366,Somchai Rattanakul,,Ultra Sneaker 853,Groceries,306.57,5,10.0,1379.56,2023-07-01,Buriram,Nonthaburi,Installment,Completed,5.0,,Yes,5.0,1.54
100837,2866,Wilai Intharak,wilai.intharak883@yahoo.com,Mini Headphone 148,Books,427.53,9,0.0,3847.77,2024-03-30,Chiang Mai,Bangkok,COD,Completed,4.0,แพ็คเกจไม่แน่นหนา,Yes,12.0,2.11
103877,1640,Nittaya Meesuk,nittaya.meesuk223@yahoo.com,Smart Headphone 570,Fashion,683.03,8,10.0,4917.82,2024-09-22,Phuket,Udon Thani,Installment,Completed,5.0,ใช้งานได้ตามที่คาดหวัง,No,9.0,2.83
102008,1371,Malee Chantra,malee.chantra444@outlook.com,Pro Mouse 275,Groceries,,7,25.0,1407.16,2023-11-07,Bangkok,Nonthaburi,PromptPay,Returned,,ใช้งานได้ตามที่คาดหวัง,Yes,4.0,0.69
104932,2326,Wichai Boonmee,wichai.boonmee524@gmail.com,Eco Notebook 774,Electronics,388.48,4,0.0,1553.92,2024-04-26,Hat Yai,Songkhla,COD,Processing,3.0,,No,13.0,0.73
100503,2895,Duangjai Chotirat,duangjai.chotirat167@gmail.com,Lite Speaker 670,Electronics,137.78,2,10.0,248.0,2023-08-18,Phuket,Khon Kaen,Credit Card,Returned,5.0,สินค้าดีมาก คุ้มราคา,No,6.0,1.71
104629,1276,Suree Phetcharat,suree.phetcharat741@hotmail.com,Ultra Sneaker 782,Toys,338.92,1,5.0,321.97,2023-04-14,Lampang,Khon Kaen,Credit Card,Completed,4.0,จะกลับมาซื้อซ้ำแน่นอน,Yes,12.0,0.25
104327,1942,Rungnapa Boonmee,rungnapa.boonmee232@outlook.com,Mini Chair 908,Automotive,140.62,9,0.0,1265.58,2023-10-03,Krabi,Nonthaburi,COD,Completed,4.0,สินค้าดีมาก คุ้มราคา,No,,0.59
100380,2122,Niran Sinthop,niran.sinthop914@outlook.com,Smart Watch 622,Fashion,920.35,5,10.0,4141.58,2023-12-02,Lampang,Rayong,COD,Processing,4.0,,No,6.0,0.34
101851,1341,Siriporn Boonmee,siriporn.boonmee506@gmail.com,Smart Chair 397,Health,515.77,4,,1856.77,2025-04-15,Chiang Mai,Chonburi,Credit Card,Completed,4.0,,No,12.0,3.0
101525,1094,Anan Intharak,anan.intharak193@hotmail.com,Ultra Camera 687,Toys,589.26,2,0.0,1178.52,2024-07-19,Trang,Songkhla,TrueMoney Wallet,Completed,3.0,,No,10.0,0.41
102365,2294,Anan Kaewkla,anan.kaewkla46@yahoo.com,Pro Backpack 398,Health,981.78,2,0.0,1963.56,2025-11-17,Udon Thani,Khon Kaen,,Cancelled,5.0,สินค้าดีมาก คุ้มราคา,No,10.0,1.88
103273,2428,Somkiat Meesuk,somkiat.meesuk818@gmail.com,Pro Lamp 840,Sports,447.86,9,0.0,4030.74,2025-12-25,Nakhon Ratchasima,Chonburi,COD,Completed,5.0,,Yes,,1.44
103052,2635,Sombat Srisuk,sombat.srisuk301@gmail.com,Plus Blender 723,Electronics,576.43,2,0.0,1152.86,2023-05-24,Chiang Rai,Udon Thani,Bank Transfer,Shipped,5.0,ใช้งานได้ตามที่คาดหวัง,Yes,4.0,0.47
102884,2302,Suchart Chaiyaporn,suchart.chaiyaporn142@outlook.com,Smart Lamp 930,Electronics,707.25,4,0.0,2829.0,2023-07-09,Trang,Khon Kaen,COD,Returned,4.0,ของมาช้ากว่ากำหนด,No,5.0,1.06
102340,2250,Chomphunut Sinthop,chomphunut.sinthop239@gmail.com,Smart Notebook 566,Toys,1413.24,5,15.0,6006.27,2023-05-04,Rayong,Nonthaburi,PromptPay,Completed,,,Yes,,2.4
100374,1452,Anan Yodying,anan.yodying689@hotmail.com,Ultra Camera 224,Automotive,631.61,1,15.0,536.87,2024-06-10,Chiang Rai,Songkhla,TrueMoney Wallet,Completed,5.0,,Yes,4.0,0.45
103305,2676,Nittaya Thongdee,nittaya.thongdee546@outlook.com,Lite Notebook 973,Electronics,552.03,7,0.0,3864.21,2023-08-12,Chiang Mai,Chiang Mai,Credit Card,Completed,2.0,สินค้าดีมาก คุ้มราคา,No,11.0,6.24
102381,2405,Chomphunut Srisuk,chomphunut.srisuk676@outlook.com,Max Camera 327,Automotive,293.27,6,5.0,1671.64,2023-01-19,Nonthaburi,Khon Kaen,Bank Transfer,Cancelled,5.0,,Yes,2.0,0.68
104332,2460,Pranee Sinthop,pranee.sinthop938@gmail.com,Pro Camera 300,Sports,95.71,7,0.0,669.97,2023-01-04,Khon Kaen,Phuket,Bank Transfer,Completed,4.0,จะกลับมาซื้อซ้ำแน่นอน,No,12.0,1.26
100939,1046,Somkiat Wongsawat,somkiat.wongsawat695@outlook.com,Max Notebook 215,Beauty,262.33,9,0.0,2360.97,2024-02-25,Nonthaburi,Phuket,PromptPay,Completed,3.0,,No,7.0,3.99
103902,1902,Nittaya Sinthop,nittaya.sinthop598@outlook.com,Smart Backpack 157,Groceries,458.55,9,0.0,4126.95,2023-12-11,Lampang,Chonburi,COD,Returned,,,No,4.0,1.39
104187,2387,Niran Rattanakul,niran.rattanakul20@yahoo.com,Mini Backpack 872,Automotive,253.01,4,0.0,1012.04,2023-06-26,Chiang Mai,Nonthaburi,Bank Transfer,Completed,3.0,จะกลับมาซื้อซ้ำแน่นอน,No,8.0,4.63
102799,1383,Ploy Boonmee,ploy.boonmee850@hotmail.com,Smart Jacket 743,Sports,267.66,8,0.0,2141.28,2023-05-24,Phuket,Khon Kaen,Credit Card,Shipped,,ของมาช้ากว่ากำหนด,Yes,11.0,1.31
102147,2796,Kanya Intharak,kanya.intharak238@gmail.com,Max Speaker 342,Health,182.29,5,25.0,683.59,2025-02-05,Rayong,Chonburi,TrueMoney Wallet,Completed,,โอเคสำหรับราคานี้,No,10.0,0.89
103868,1355,Wilai Chantra,wilai.chantra971@yahoo.com,Smart Pillow 763,BOOKS,411.28,8,0.0,3290.24,2024-11-09,Bangkok,Nonthaburi,Installment,Completed,,,Yes,11.0,2.0
104563,2682,Duangjai Srisuk,duangjai.srisuk868@gmail.com,Ultra Desk 324,Toys,,5,5.0,3212.24,2025-10-04,,Chiang Mai,Credit Card,Cancelled,5.0,โอเคสำหรับราคานี้,Yes,5.0,0.76
104238,2070,,niran.wattana878@gmail.com,Mini Charger 927,Fashion,276.33,4,10.0,994.79,2023-12-29,Rayong,Chiang Mai,Credit Card,Completed,3.0,ของมาช้ากว่ากำหนด,No,6.0,1.31
102068,1317,Ratana Phetcharat,,Eco Notebook 987,Health,839.65,8,0.0,6717.2,2023-01-17,Chiang Rai,Chonburi,Bank Transfer,Cancelled,,ของมาช้ากว่ากำหนด,Yes,9.0,2.26
100529,2841,Anan Chaiyaporn,anan.chaiyaporn864@yahoo.com,Eco Notebook 611,Home & Living,1225.15,4,0.0,4900.6,2024-04-03,Pattaya,Bangkok,COD,Cancelled,4.0,ของมาช้ากว่ากำหนด,Yes,11.0,0.28
103780,1059,Somkiat Sukjai,somkiat.sukjai69@hotmail.com,Mini Notebook 298,Books,333.75,7,5.0,2219.44,2024-12-05,Sakon Nakhon,Phuket,Bank Transfer,Completed,,,Yes,,0.35
100636,2470,Chaiyot Panyawong,chaiyot.panyawong66@outlook.com,Pro Bottle 832,Health,138.96,4,0.0,555.84,2024-01-23,Bangkok,Songkhla,Bank Transfer,Completed,,,Yes,1.0,3.55
101269,1066,Suchart Wattana,suchart.wattana660@gmail.com,Ultra Charger 547,Toys,322.44,2,30.0,,2024-03-24,Bangkok,Rayong,Credit Card,Completed,4.0,จะกลับมาซื้อซ้ำแน่นอน,Yes,4.0,1.06
100185,1397,Kanya Prasertsak,kanya.prasertsak647@yahoo.com,Mini Headphone 660,Sports,1362.41,9,10.0,11035.52,2025-11-22,Surat Thani,Phuket,TrueMoney Wallet,Processing,4.0,,Yes,6.0,5.09
103869,2605,Duangjai Panyawong,duangjai.panyawong922@outlook.com,Pro Lamp 515,Health,849.46,7,0.0,5946.22,2025-05-08,Phuket,Nonthaburi,Installment,Returned,4.0,ใช้งานได้ตามที่คาดหวัง,Yes,4.0,2.25
103741,1226,Anan Phetcharat,anan.phetcharat361@gmail.com,Pro Speaker 985,Toys,215.76,9,0.0,1941.84,2023-12-04,Pattaya,Rayong,PromptPay,Cancelled,,,,7.0,0.46
103676,1135,Pichit Naruemon,pichit.naruemon98@hotmail.com,Pro Watch 453,Beauty,385.83,7,20.0,2160.65,2024-06-02,Hat Yai,Chonburi,Credit Card,Shipped,,,No,11.0,0.52
101797,1853,Wilai Sinthop,wilai.sinthop911@gmail.com,Ultra Speaker 667,Automotive,672.89,6,0.0,4037.34,2025-05-14,Chiang Rai,Nonthaburi,Bank Transfer,Returned,4.0,ใช้งานได้ตามที่คาดหวัง,No,3.0,
102979,1750,Malee Phetcharat,malee.phetcharat627@yahoo.com,Mini Wallet 846,Fashion,1428.86,7,0.0,10002.02,2024-09-21,Ubon Ratchathani,Udon Thani,Credit Card,Completed,5.0,ใช้งานได้ตามที่คาดหวัง,No,13.0,3.06
101441,1401,Sombat Chaiyaporn,sombat.chaiyaporn983@yahoo.com,Eco Sneaker 212,Beauty,863.46,5,,4317.3,2024-06-05,Chiang Mai,Udon Thani,PromptPay,Shipped,,คุณภาพต่ำกว่าที่คิด,No,,0.26
103473,1241,Ratana Rattanakul,ratana.rattanakul1@gmail.com,Pro Sneaker 401,Beauty,406.75,4,0.0,1627.0,2025-12-19,Chiang Mai,Chiang Mai,Credit Card,Processing,4.0,แพ็คเกจไม่แน่นหนา,No,7.0,3.95
104899,2829,Ratana Thongdee,ratana.thongdee549@outlook.com,Eco Wallet 878,Electronics,418.05,6,0.0,2508.3,2023-01-15,Surat Thani,Nakhon Ratchasima,Bank Transfer,Processing,4.0,,No,12.0,0.94
101535,1010,Duangjai Srisuk,duangjai.srisuk982@outlook.com,Ultra Charger 866,Toys,390.41,4,0.0,1561.64,2024-11-25,Hat Yai,Phuket,COD,Completed,,,No,6.0,0.46
104010,2167,Prasert Chaiyaporn,prasert.chaiyaporn775@hotmail.com,Smart Charger 120,Beauty,175.69,9,25.0,1185.91,2023-06-02,,Songkhla,Installment,Completed,,,No,,2.54
103188,1979,Suchart Chotirat,suchart.chotirat508@hotmail.com,Max Speaker 672,Groceries,378.79,3,0.0,1136.37,2023-09-18,Bangkok,Nonthaburi,Installment,Completed,5.0,โอเคสำหรับราคานี้,No,3.0,0.22
101273,1110,Wichai Panyawong,wichai.panyawong729@outlook.com,Plus Jacket 229,Electronics,232.05,1,0.0,232.05,2024-12-14,Khon Kaen,Songkhla,TrueMoney Wallet,Cancelled,2.0,ของมาช้ากว่ากำหนด,No,11.0,0.53
102467,1071,Wichai Wongsawat,wichai.wongsawat983@hotmail.com,Smart Pillow 197,Groceries,170.43,9,0.0,1533.87,2023-07-09,Trang,Bangkok,Bank Transfer,Completed,4.0,,Yes,9.0,3.44
100607,2974,Nittaya Chantra,nittaya.chantra969@outlook.com,Smart Keyboard 184,Groceries,1230.32,3,0.0,3690.96,2025-05-25,Nong Khai,Phuket,TrueMoney Wallet,Completed,3.0,,No,3.0,0.16
103433,1394,Wilai Meesuk,wilai.meesuk346@hotmail.com,Max Notebook 960,Automotive,575.39,6,0.0,3452.34,2025-06-20,Ubon Ratchathani,Rayong,Credit Card,Cancelled,4.0,ของมาช้ากว่ากำหนด,No,8.0,1.86
101712,2403,Niran Sinthop,niran.sinthop821@outlook.com,Smart Blender 882,Home & Living,502.06,3,0.0,1506.18,2025-06-04,Nakhon Ratchasima,Udon Thani,COD,Completed,5.0,,No,9.0,0.93
102199,1983,Niran Sukjai,,Smart Blender 943,Toys,117.63,3,0.0,352.89,2023-03-28,Chiang Mai,Phuket,TrueMoney Wallet,Shipped,5.0,,No,1.0,0.56
100955,2353,Chomphunut Wattana,chomphunut.wattana250@hotmail.com,Mini Speaker 765,Beauty,314.87,6,5.0,1794.76,2025-04-21,Sakon Nakhon,Chonburi,TrueMoney Wallet,Completed,,,No,3.0,0.96
102579,2324,Pichit Chaiyaporn,pichit.chaiyaporn647@hotmail.com,Mini Speaker 141,Fashion,263.54,8,0.0,2108.32,2023-06-20,Rayong,Nakhon Ratchasima,COD,Completed,5.0,แพ็คเกจไม่แน่นหนา,No,13.0,0.94
103949,1141,Kanya Yodying,kanya.yodying676@gmail.com,Mini Charger 262,Sports,847.03,6,0.0,5082.18,2024-09-18,Nonthaburi,Bangkok,COD,Completed,5.0,,No,9.0,1.07
104448,2688,Siriporn Srisuk,siriporn.srisuk253@outlook.com,Ultra Headphone 320,Health,511.86,4,,2047.44,2023-10-04,Lampang,Chonburi,PromptPay,Completed,5.0,สีไม่ตรงตามรูป,No,4.0,2.32
103426,1172,Ploy Wattana,,Ultra Keyboard 201,Books,325.49,9,,2050.59,2025-08-13,Ubon Ratchathani,Udon Thani,TrueMoney Wallet,Shipped,,,Yes,13.0,1.9
104283,1887,Yupin Saelim,yupin.saelim573@outlook.com,Ultra Jacket 591,Groceries,358.4,8,0.0,2867.2,2023-05-24,Krabi,Chiang Mai,Installment,Shipped,,,No,,3.28
100403,2496,Thawatchai Sinthop,,Max Mouse 589,Fashion,455.65,2,10.0,820.17,2025-07-13,,Rayong,Installment,Completed,4.0,,No,5.0,0.8
102071,1696,Anan Chaiyaporn,,Plus Blender 162,Home & Living,201.99,3,0.0,605.97,2024-08-17,Krabi,Nakhon Ratchasima,PromptPay,Completed,,โอเคสำหรับราคานี้,No,,
104877,1603,Somkiat Meesuk,somkiat.meesuk466@yahoo.com,Plus Backpack 906,Books,748.59,9,25.0,5052.98,2024-02-17,Trang,Phuket,Installment,Completed,4.0,,Yes,8.0,3.17
101977,2945,Prasert Wongsawat,prasert.wongsawat464@outlook.com,Eco Watch 201,Beauty,433.99,9,0.0,3905.91,2023-11-19,Nakhon Si Thammarat,Udon Thani,Installment,Completed,4.0,,No,,
100158,1200,Somchai Sinthop,somchai.sinthop343@hotmail.com,Mini Keyboard 634,Books,595.91,6,0.0,3575.46,2025-12-06,Rayong,Udon Thani,Credit Card,Returned,3.0,,No,7.0,3.62
101748,1451,Kanya Saelim,kanya.saelim96@gmail.com,Ultra Blender 148,Groceries,92.83,3,25.0,208.87,2024-08-14,Chiang Mai,Udon Thani,COD,Completed,,,Yes,7.0,0.21
102909,2963,Chomphunut Wongsawat,chomphunut.wongsawat619@outlook.com,Mini Camera 694,Beauty,787.8,8,0.0,6302.4,2023-09-02,Lampang,Phuket,,Processing,5.0,บริการลูกค้าดีเยี่ยม,No,14.0,3.91
104840,1557,Orawan Panyawong,orawan.panyawong373@hotmail.com,Max Desk 194,Groceries,613.53,3,10.0,1656.53,2024-11-05,Lampang,Phuket,PromptPay,Completed,,,No,3.0,2.85
100902,2384,Anucha Boonmee,,Smart Headphone 939,Electronics,455.12,3,0.0,1365.36,2025-05-13,Chiang Rai,Songkhla,Bank Transfer,Processing,,,No,4.0,0.58
100352,1640,Chaiyot Chotirat,chaiyot.chotirat860@outlook.com,Pro Mouse 243,Home & Living,1091.18,3,15.0,2782.51,2024-12-14,Hat Yai,Nakhon Ratchasima,Installment,Shipped,4.0,,No,3.0,1.65
101230,1665,Chaiyot Wattana,chaiyot.wattana820@hotmail.com,Smart Mouse 871,Groceries,374.6,4,0.0,1498.4,2023-08-19,Nakhon Ratchasima,Nonthaburi,Credit Card,Cancelled,,,No,11.0,2.96
104694,1929,Siriporn Chaiyaporn,siriporn.chaiyaporn318@hotmail.com,Ultra Speaker 796,Groceries,1173.78,2,0.0,2347.56,2024-09-07,Ubon Ratchathani,Phuket,Credit Card,Shipped,2.0,สินค้าดีมาก คุ้มราคา,No,14.0,0.2
102140,1936,Nittaya Yodying,nittaya.yodying621@hotmail.com,Ultra Charger 934,Health,576.19,5,30.0,2016.66,2025-05-07,Phuket,Phuket,Installment,Shipped,4.0,ใช้งานได้ตามที่คาดหวัง,,5.0,0.86
100444,1562,Anucha Wongsawat,anucha.wongsawat842@yahoo.com,Pro Desk 425,Toys,512.95,9,0.0,4616.55,2024-05-29,Nakhon Si Thammarat,Chiang Mai,Credit Card,Completed,3.0,,No,5.0,1.57
104973,2381,Kanya Phetcharat,kanya.phetcharat806@yahoo.com,Eco Charger 696,Toys,377.07,3,5.0,1074.65,2023-10-12,Chiang Rai,Chiang Mai,Installment,Processing,4.0,โอเคสำหรับราคานี้,No,11.0,0.94
100754,1760,Rungnapa Panyawong,,Smart Sneaker 882,Automotive,56.88,5,0.0,284.4,2023-07-22,Udon Thani,Phuket,COD,Completed,5.0,บริการลูกค้าดีเยี่ยม,No,12.0,0.56
101737,2287,Pichit Intharak,,Smart Camera 396,Beauty,117.14,5,25.0,439.28,2025-03-08,Chiang Mai,Chiang Mai,TrueMoney Wallet,Completed,,,Yes,12.0,0.66
102971,2916,Anan Meesuk,,Ultra Chair 271,Electronics,758.87,6,0.0,4553.22,2024-12-27,Khon Kaen,Chiang Mai,Installment,Completed,5.0,,No,14.0,0.47
103699,1230,Kanya Wongsawat,kanya.wongsawat605@hotmail.com,Smart Keyboard 841,Fashion,458.02,9,0.0,4122.18,2023-01-06,Lampang,Phuket,PromptPay,Completed,5.0,คุณภาพต่ำกว่าที่คิด,Yes,2.0,1.03
102920,2026,Chaiyot Sinthop,chaiyot.sinthop446@gmail.com,Plus Blender 925,Automotive,816.95,4,0.0,3267.8,2024-08-21,Bangkok,Phuket,TrueMoney Wallet,Completed,5.0,,Yes,4.0,1.24
100311,1400,Sombat Yodying,sombat.yodying787@gmail.com,Plus Speaker 786,Electronics,727.21,1,20.0,581.77,2025-10-04,Nong Khai,Songkhla,TrueMoney Wallet,Returned,5.0,,No,,1.97
100548,2166,Chatchai Thongdee,chatchai.thongdee782@hotmail.com,Eco Speaker 366,Sports,533.28,1,0.0,533.28,2025-05-29,Lampang,Nonthaburi,COD,Returned,,,No,13.0,6.99
100661,1911,Sombat Prasertsak,sombat.prasertsak838@outlook.com,Ultra Camera 608,Beauty,269.88,9,0.0,2428.92,2024-11-16,Khon Kaen,Chiang Mai,Credit Card,Cancelled,5.0,,No,12.0,
104785,2522,Kittisak Yodying,kittisak.yodying85@gmail.com,Max Bottle 506,Sports,193.21,6,5.0,1101.3,2023-03-10,Khon Kaen,Nakhon Ratchasima,Credit Card,Cancelled,4.0,ส่งไวมาก ประทับใจ,No,6.0,1.22
101989,1980,Orawan Wongsawat,orawan.wongsawat877@hotmail.com,Pro Backpack 297,Electronics,215.3,4,0.0,861.2,2024-03-24,Buriram,Chonburi,TrueMoney Wallet,Shipped,4.0,,No,10.0,0.49
100306,1835,Kanya Wongsawat,kanya.wongsawat392@yahoo.com,Max Mouse 882,Toys,426.39,4,5.0,1620.28,2024-05-13,Rayong,Nakhon Ratchasima,Bank Transfer,Completed,4.0,สินค้าดีมาก คุ้มราคา,No,13.0,0.23
102335,1686,Thawatchai Wattana,thawatchai.wattana265@yahoo.com,Ultra Pillow 360,Sports,838.2,9,25.0,5657.85,2025-07-20,Surat Thani,Udon Thani,TrueMoney Wallet,Cancelled,5.0,,Yes,,3.5
100694,1257,Siriporn Sukjai,siriporn.sukjai169@yahoo.com,Pro Bottle 223,Health,550.12,2,0.0,1100.24,2025-05-24,Sakon Nakhon,Khon Kaen,Credit Card,Completed,4.0,,No,8.0,0.87
102356,2505,Prasert Yodying,,Lite Wallet 682,Health,578.61,3,0.0,1735.83,2025-10-25,Nakhon Si Thammarat,Rayong,TrueMoney Wallet,Completed,4.0,,Yes,,3.2
101927,2240,Yupin Yodying,yupin.yodying194@outlook.com,Mini Wallet 948,Books,187.72,1,0.0,187.72,2023-06-04,,Nonthaburi,TrueMoney Wallet,Processing,5.0,,No,3.0,1.88
100684,1441,Boonmee Kaewkla,boonmee.kaewkla246@hotmail.com,Plus Backpack 573,Beauty,117.86,3,5.0,335.9,2024-04-24,Sakon Nakhon,Phuket,PromptPay,Processing,,ส่งไวมาก ประทับใจ,Yes,2.0,3.3
100749,2399,Prasert Wongsawat,prasert.wongsawat366@yahoo.com,Pro Wallet 585,Toys,1122.37,5,0.0,5611.85,2023-01-24,Phuket,Chiang Mai,Bank Transfer,Completed,,,Yes,10.0,0.58
103537,1137,Wilai Sukjai,wilai.sukjai963@outlook.com,Ultra Notebook 554,Home & Living,548.66,7,0.0,3840.62,2023-11-15,Pattaya,Rayong,TrueMoney Wallet,Returned,5.0,แพ็คเกจไม่แน่นหนา,No,,2.47
103291,1094,Wichai Naruemon,wichai.naruemon477@outlook.com,Smart Backpack 154,Fashion,645.41,1,0.0,645.41,2025-03-28,Surat Thani,Chiang Mai,Installment,Completed,,สีไม่ตรงตามรูป,Yes,8.0,6.22
101266,1024,Siriporn Panyawong,siriporn.panyawong228@yahoo.com,Mini Keyboard 438,Home & Living,222.95,5,20.0,891.8,2025-08-30,Chiang Rai,Khon Kaen,PromptPay,Completed,4.0,บริการลูกค้าดีเยี่ยม,No,4.0,0.34
104466,2447,Chatchai Sinthop,chatchai.sinthop428@gmail.com,Pro Sneaker 428,Health,245.0,9,0.0,2205.0,2025-04-01,Pattaya,Songkhla,TrueMoney Wallet,Completed,2.0,บริการลูกค้าดีเยี่ยม,Yes,5.0,1.02
103951,1164,Chaiyot Panyawong,chaiyot.panyawong134@gmail.com,Mini Watch 349,Books,171.33,2,,239.86,2025-06-08,Nonthaburi,Chonburi,TrueMoney Wallet,Cancelled,,,Yes,12.0,0.47
104446,2285,Pichit Yodying,pichit.yodying490@gmail.com,Smart Speaker 469,Health,402.84,3,0.0,1208.52,2023-07-07,Trang,Rayong,Credit Card,Processing,1.0,,No,13.0,0.52
104037,1883,Chatchai Yodying,chatchai.yodying44@yahoo.com,Lite Keyboard 595,Automotive,213.16,7,0.0,1492.12,2024-01-21,Phuket,Rayong,PromptPay,Completed,2.0,,No,10.0,1.0
103083,1968,Pranee Saelim,pranee.saelim376@outlook.com,Lite Bottle 103,Sports,1077.85,4,0.0,4311.4,2023-05-15,Udon Thani,Khon Kaen,TrueMoney Wallet,Completed,5.0,แพ็คเกจไม่แน่นหนา,No,7.0,1.28
103061,1992,Somkiat Srisuk,somkiat.srisuk894@hotmail.com,Mini Chair 113,Sports,326.17,4,0.0,1304.68,2024-06-06,Hat Yai,Udon Thani,,Completed,4.0,สีไม่ตรงตามรูป,No,8.0,1.24
103025,1886,Prasert Kaewkla,prasert.kaewkla294@outlook.com,Ultra Speaker 869,Toys,208.31,8,10.0,1499.83,2025-02-28,Nong Khai,Songkhla,Installment,Cancelled,5.0,,No,3.0,0.32
100970,1697,Chaiyot Panyawong,chaiyot.panyawong660@yahoo.com,Max Sneaker 113,Health,,2,0.0,1722.02,2023-07-27,,Chiang Mai,Bank Transfer,Completed,3.0,บริการลูกค้าดีเยี่ยม,Yes,,1.35
100013,2482,Sombat Chotirat,sombat.chotirat907@outlook.com,Lite Headphone 764,Toys,554.04,1,15.0,470.93,2024-07-21,Chiang Mai,Phuket,Installment,Completed,5.0,,No,10.0,1.72
100873,2324,Somsri Srisuk,somsri.srisuk601@yahoo.com,Ultra Mouse 904,Electronics,361.17,4,0.0,1444.68,2024-09-12,Chiang Mai,Songkhla,PromptPay,Returned,4.0,,Yes,1.0,0.82
100808,2390,Niran Yodying,niran.yodying319@hotmail.com,Lite Jacket 708,Groceries,459.97,9,0.0,4139.73,2025-09-20,Ubon Ratchathani,Bangkok,Bank Transfer,Completed,1.0,จะกลับมาซื้อซ้ำแน่นอน,Yes,10.0,
103198,2540,Yupin Thongdee,yupin.thongdee328@outlook.com,Mini Camera 280,Health,431.1,6,0.0,2586.6,2025-03-15,Trang,Phuket,Installment,Processing,,,No,14.0,1.42
100514,1489,Somchai Yodying,somchai.yodying189@gmail.com,Max Sneaker 931,Beauty,378.58,2,0.0,757.16,2024-06-08,Surat Thani,Bangkok,COD,Cancelled,,จะกลับมาซื้อซ้ำแน่นอน,No,12.0,1.37
104699,2509,Orawan Boonmee,orawan.boonmee646@yahoo.com,Plus Pillow 302,Electronics,433.38,5,20.0,1733.52,2025-03-25,Chiang Rai,Rayong,PromptPay,Cancelled,,จะกลับมาซื้อซ้ำแน่นอน,No,5.0,0.48
100409,1877,Rungnapa Rattanakul,rungnapa.rattanakul903@yahoo.com,Lite Headphone 329,Automotive,728.66,8,0.0,5829.28,2024-08-03,Ubon Ratchathani,Khon Kaen,TrueMoney Wallet,Completed,3.0,,No,2.0,0.14
103454,2445,Wichai Prasertsak,wichai.prasertsak204@yahoo.com,Eco Watch 176,Books,718.09,8,0.0,5744.72,2025-10-29,Bangkok,Nakhon Ratchasima,COD,Cancelled,,,No,13.0,
104365,2278,Nittaya Sukjai,nittaya.sukjai557@gmail.com,Ultra Notebook 701,Health,292.51,1,0.0,292.51,2023-09-17,Bangkok,Khon Kaen,TrueMoney Wallet,Completed,,,No,10.0,0.26
100207,1230,Kittisak Rattanakul,kittisak.rattanakul24@gmail.com,Smart Watch 521,Electronics,747.23,3,0.0,2241.69,2025-12-24,Pattaya,Phuket,PromptPay,Cancelled,5.0,,No,10.0,1.52
103268,2030,Kanya Thongdee,kanya.thongdee262@gmail.com,Ultra Watch 349,Sports,226.33,3,0.0,678.99,2025-06-29,Chiang Rai,Phuket,Credit Card,Completed,,,,,2.53
100458,2019,Siriporn Yodying,,Plus Notebook 799,Toys,1148.93,2,10.0,2068.07,2024-02-22,Phuket,Rayong,Credit Card,Shipped,5.0,คุณภาพต่ำกว่าที่คิด,Yes,4.0,2.48
103519,1365,Sombat Chaiyaporn,sombat.chaiyaporn14@gmail.com,Max Notebook 199,Toys,203.12,6,15.0,1035.91,2025-05-02,Sakon Nakhon,Nakhon Ratchasima,PromptPay,Completed,,ใช้งานได้ตามที่คาดหวัง,No,9.0,
102430,1348,Somkiat Phetcharat,somkiat.phetcharat933@outlook.com,Max Bottle 558,Automotive,375.97,8,0.0,3007.76,2025-04-27,Nong Khai,Chiang Mai,Installment,Cancelled,,ใช้งานได้ตามที่คาดหวัง,No,3.0,1.34
103707,1499,Somkiat Intharak,somkiat.intharak967@gmail.com,Ultra Sneaker 677,Home & Living,879.67,9,10.0,7125.33,2023-11-26,Nakhon Ratchasima,Chiang Mai,PromptPay,Returned,4.0,,No,7.0,2.38
100110,1455,Chatchai Wongsawat,chatchai.wongsawat602@yahoo.com,Plus Pillow 742,Books,906.51,8,5.0,6889.48,2024-07-22,Chiang Rai,Phuket,PromptPay,Completed,,จะกลับมาซื้อซ้ำแน่นอน,Yes,2.0,1.83
103796,2727,Niran Sinthop,,Lite Notebook 957,Groceries,270.67,1,30.0,,2024-08-15,Chiang Mai,Bangkok,PromptPay,Returned,,สินค้าดีมาก คุ้มราคา,No,5.0,0.17
101107,1097,Anan Panyawong,anan.panyawong649@hotmail.com,Ultra Blender 336,Toys,1079.2,4,0.0,4316.8,2025-10-27,Buriram,Rayong,Bank Transfer,Completed,3.0,,Yes,5.0,1.59
101883,1028,Chaiyot Saelim,chaiyot.saelim729@gmail.com,Pro Speaker 299,Automotive,,8,25.0,2674.44,2024-05-22,Buriram,Udon Thani,Bank Transfer,Cancelled,4.0,,Yes,2.0,0.33
101713,1086,Prasert Sinthop,prasert.sinthop132@outlook.com,Eco Watch 239,Beauty,1210.74,5,0.0,6053.7,2023-03-01,Lampang,Bangkok,PromptPay,Shipped,4.0,,Yes,1.0,0.9
104011,2903,Somkiat Phetcharat,somkiat.phetcharat167@outlook.com,Plus Speaker 175,Beauty,646.0,9,25.0,4360.5,2024-06-25,Hat Yai,Chonburi,Installment,Returned,4.0,ส่งไวมาก ประทับใจ,Yes,5.0,2.73
104366,1694,Yupin Wongsawat,yupin.wongsawat85@hotmail.com,Ultra Bottle 556,Sports,179.13,4,5.0,,2025-06-06,Chiang Rai,Chiang Mai,PromptPay,Shipped,1.0,,No,10.0,0.1
100552,2823,Malee Chotirat,malee.chotirat55@yahoo.com,Pro Speaker 245,Home & Living,70.1,6,20.0,336.48,2024-10-04,Khon Kaen,Udon Thani,PromptPay,Processing,4.0,,Yes,10.0,
101439,2065,Nittaya Boonmee,nittaya.boonmee835@gmail.com,Smart Jacket 678,Groceries,799.22,8,0.0,6393.76,2024-10-17,Buriram,Udon Thani,Credit Card,Returned,,,Yes,8.0,0.68
102270,2693,Suchart Thongdee,suchart.thongdee723@outlook.com,Plus Charger 783,Groceries,375.67,1,,375.67,2025-03-30,Krabi,Phuket,TrueMoney Wallet,Completed,,,Yes,8.0,0.19
103144,2585,Chaiyot Chotirat,chaiyot.chotirat458@hotmail.com,Eco Backpack 348,Toys,823.73,2,0.0,1647.46,2025-10-20,Ubon Ratchathani,Udon Thani,Credit Card,Completed,4.0,คุณภาพต่ำกว่าที่คิด,No,,0.16
102821,2216,Rungnapa Intharak,rungnapa.intharak192@yahoo.com,Pro Speaker 266,Automotive,755.2,6,10.0,4078.08,2025-08-31,Rayong,Songkhla,Installment,Cancelled,4.0,แพ็คเกจไม่แน่นหนา,Yes,6.0,2.13
104805,2784,Sombat Yodying,sombat.yodying608@yahoo.com,Ultra Lamp 126,Toys,943.39,6,0.0,5660.34,2025-07-19,Nonthaburi,Songkhla,COD,Cancelled,5.0,,Yes,4.0,0.66
101925,2040,Pichit Panyawong,pichit.panyawong750@outlook.com,Max Mouse 431,Beauty,293.84,9,0.0,2644.56,2023-11-19,Ubon Ratchathani,Phuket,TrueMoney Wallet,Processing,1.0,,No,8.0,
100634,2212,Yupin Panyawong,yupin.panyawong391@hotmail.com,Ultra Pillow 838,FASHION,256.64,7,15.0,1527.01,2025-04-17,Sakon Nakhon,Phuket,,Shipped,,แพ็คเกจไม่แน่นหนา,Yes,6.0,4.44
104829,1245,Duangjai Boonmee,duangjai.boonmee460@hotmail.com,Plus Sneaker 754,Books,871.12,7,10.0,5488.06,2024-04-18,Rayong,Nonthaburi,PromptPay,Shipped,5.0,ส่งไวมาก ประทับใจ,Yes,5.0,3.92
100316,1883,Somkiat Srisuk,somkiat.srisuk186@gmail.com,Max Notebook 811,Fashion,154.51,1,0.0,154.51,2023-09-23,Krabi,Khon Kaen,PromptPay,Shipped,5.0,,No,12.0,1.88
104239,2958,Rungnapa Naruemon,rungnapa.naruemon970@yahoo.com,Ultra Blender 814,Groceries,671.49,4,0.0,2685.96,2025-04-16,Surat Thani,Chiang Mai,TrueMoney Wallet,Completed,5.0,,No,9.0,1.73
104796,1995,Kanya Wattana,kanya.wattana915@yahoo.com,Mini Chair 110,Fashion,562.87,8,0.0,4502.96,2024-04-05,Krabi,Khon Kaen,COD,Cancelled,4.0,ส่งไวมาก ประทับใจ,No,9.0,2.04
101328,1467,Niran Phetcharat,niran.phetcharat311@hotmail.com,Max Keyboard 268,Fashion,,1,0.0,335.06,2023-10-01,Udon Thani,Chiang Mai,Credit Card,Completed,3.0,,Yes,9.0,1.41
100427,2158,Boonmee Chotirat,boonmee.chotirat343@gmail.com,Ultra Chair 666,Electronics,492.64,6,5.0,2808.05,2024-02-26,Surat Thani,Chonburi,Bank Transfer,Completed,,โอเคสำหรับราคานี้,Yes,14.0,1.01
104031,1276,Rungnapa Saelim,rungnapa.saelim462@yahoo.com,Ultra Watch 704,Health,254.65,4,15.0,865.81,2024-06-14,Trang,Phuket,Credit Card,Completed,,,,3.0,0.56
100105,1995,Ploy Thongdee,,Pro Headphone 300,Home & Living,964.17,8,,5785.02,2024-07-12,Buriram,Khon Kaen,Installment,Cancelled,1.0,,No,12.0,0.63
103041,1583,Nittaya Wattana,nittaya.wattana171@outlook.com,Smart Desk 536,Home & Living,1199.62,7,0.0,8397.34,2023-08-04,Krabi,Udon Thani,Bank Transfer,Processing,4.0,,No,7.0,0.68
100142,2086,Kanya Wongsawat,kanya.wongsawat724@gmail.com,Smart Desk 182,Groceries,963.63,4,0.0,3854.52,2023-01-13,Krabi,Bangkok,Bank Transfer,Processing,4.0,ใช้งานได้ตามที่คาดหวัง,Yes,10.0,3.81
102169,1780,Siriporn Thongdee,,Eco Watch 249,Sports,255.19,5,0.0,1275.95,2024-08-29,Ubon Ratchathani,Rayong,Bank Transfer,Completed,5.0,,No,9.0,0.14
103375,1100,Chomphunut Intharak,chomphunut.intharak414@yahoo.com,Plus Lamp 234,Fashion,292.95,4,0.0,1171.8,2023-07-02,Nonthaburi,Nonthaburi,Bank Transfer,Cancelled,4.0,,No,11.0,0.47
100089,2411,Wichai Chantra,wichai.chantra9@gmail.com,Mini Mouse 314,Groceries,448.32,2,,627.65,2024-01-13,Pattaya,Nakhon Ratchasima,COD,Completed,3.0,,No,9.0,1.03
102918,1941,Thawatchai Intharak,thawatchai.intharak346@yahoo.com,Eco Keyboard 920,Groceries,146.97,6,15.0,,2023-02-15,Krabi,Khon Kaen,PromptPay,Completed,,ส่งไวมาก ประทับใจ,Yes,3.0,0.27
103237,2725,Sombat Intharak,sombat.intharak975@gmail.com,Lite Bottle 351,Toys,141.16,1,0.0,141.16,2024-10-06,Rayong,Udon Thani,TrueMoney Wallet,Cancelled,,บริการลูกค้าดีเยี่ยม,No,,4.53
102241,1352,Anan Chaiyaporn,anan.chaiyaporn941@gmail.com,Lite Bottle 997,Fashion,775.61,4,0.0,3102.44,2024-01-20,Trang,Chiang Mai,Credit Card,Completed,,ของมาช้ากว่ากำหนด,Yes,8.0,1.93
103174,2016,Duangjai Prasertsak,duangjai.prasertsak1@yahoo.com,Mini Wallet 584,Beauty,631.76,6,20.0,3032.45,2025-02-03,Bangkok,Phuket,Bank Transfer,Completed,5.0,,No,7.0,0.18
103458,1396,Anan Chotirat,,Mini Chair 638,Toys,578.89,3,5.0,1649.84,2024-09-16,Sakon Nakhon,Bangkok,TrueMoney Wallet,Completed,5.0,,No,4.0,1.94
102163,1061,Pranee Meesuk,pranee.meesuk716@outlook.com,Mini Watch 584,Toys,532.84,1,10.0,479.56,2023-09-02,,Chonburi,PromptPay,Completed,,,Yes,10.0,0.1
102636,1946,Boonmee Meesuk,boonmee.meesuk944@gmail.com,Max Mouse 842,Electronics,,4,20.0,2471.94,2023-09-30,Bangkok,Udon Thani,PromptPay,Completed,4.0,บริการลูกค้าดีเยี่ยม,No,8.0,1.31
101949,1816,Siriporn Yodying,siriporn.yodying97@hotmail.com,Smart Desk 673,Sports,650.73,1,10.0,585.66,2024-11-27,Bangkok,Songkhla,COD,Completed,4.0,,No,4.0,0.41
101768,2308,Niran Boonmee,niran.boonmee549@gmail.com,Smart Pillow 268,Sports,762.19,7,0.0,5335.33,2024-01-15,Udon Thani,Rayong,Bank Transfer,Returned,,จะกลับมาซื้อซ้ำแน่นอน,No,9.0,1.81
104835,2540,Kittisak Yodying,kittisak.yodying446@outlook.com,Ultra Lamp 898,Groceries,764.63,8,0.0,6117.04,2023-08-07,Trang,Khon Kaen,COD,Shipped,4.0,ส่งไวมาก ประทับใจ,No,12.0,3.62
102272,2950,Anan Phetcharat,anan.phetcharat209@hotmail.com,Max Sneaker 103,Electronics,226.66,5,0.0,1133.3,2023-05-18,Bangkok,Chonburi,PromptPay,Completed,,คุณภาพต่ำกว่าที่คิด,,2.0,4.05
100001,2459,Somchai Prasertsak,somchai.prasertsak873@hotmail.com,Max Desk 691,Health,243.16,5,15.0,1033.43,2023-06-24,Rayong,Songkhla,COD,Completed,1.0,ใช้งานได้ตามที่คาดหวัง,Yes,13.0,0.68
104729,2961,Pranee Chotirat,pranee.chotirat806@gmail.com,Lite Sneaker 370,Books,604.09,4,5.0,2295.54,2024-11-17,Krabi,Songkhla,COD,Completed,4.0,,No,14.0,2.93
104982,2313,Anan Naruemon,,Plus Watch 302,Health,523.64,9,30.0,3298.93,2024-01-04,Trang,Phuket,Bank Transfer,Completed,2.0,,No,7.0,
101951,2040,Kanya Prasertsak,kanya.prasertsak757@yahoo.com,Smart Jacket 894,Electronics,193.2,5,0.0,966.0,2025-12-21,Nakhon Si Thammarat,Nakhon Ratchasima,COD,Completed,4.0,,No,7.0,
100935,2682,Anucha Sinthop,anucha.sinthop4@yahoo.com,Smart Jacket 279,Books,469.64,1,25.0,352.23,2025-12-19,Lampang,Bangkok,PromptPay,Shipped,4.0,,No,6.0,1.2
104319,2086,Yupin Boonmee,yupin.boonmee701@yahoo.com,Mini Headphone 914,Automotive,290.87,9,0.0,2617.83,2024-03-08,Nakhon Si Thammarat,Songkhla,COD,Completed,3.0,ของมาช้ากว่ากำหนด,No,1.0,0.82
102720,2801,Pichit Chaiyaporn,pichit.chaiyaporn790@yahoo.com,Ultra Bottle 717,Beauty,335.66,3,5.0,956.63,2023-05-20,Surat Thani,Phuket,Bank Transfer,Processing,,จะกลับมาซื้อซ้ำแน่นอน,No,6.0,3.2
103534,2375,Ploy Saelim,ploy.saelim356@outlook.com,Plus Charger 563,Automotive,1832.07,3,0.0,5496.21,2025-01-15,Udon Thani,Chonburi,COD,Completed,,,No,8.0,
101109,1797,Duangjai Naruemon,duangjai.naruemon578@hotmail.com,Smart Watch 793,Fashion,703.53,3,10.0,1899.53,2025-07-26,Sakon Nakhon,Udon Thani,Installment,Shipped,4.0,,No,,1.74
104467,1141,Anan Srisuk,anan.srisuk576@gmail.com,Plus Backpack 294,Books,409.52,1,10.0,368.57,2023-04-20,Surat Thani,Nakhon Ratchasima,Credit Card,Completed,5.0,,Yes,1.0,4.07
100591,1822,Anucha Prasertsak,anucha.prasertsak368@gmail.com,Eco Pillow 800,Home & Living,427.31,7,15.0,2542.49,2025-06-18,Krabi,Chonburi,COD,Completed,,,No,,1.71
101695,1113,Wilai Wattana,wilai.wattana423@outlook.com,Max Jacket 353,Toys,217.48,4,20.0,695.94,2025-05-01,Hat Yai,Rayong,,Cancelled,1.0,ใช้งานได้ตามที่คาดหวัง,Yes,13.0,
103496,1939,Prasert Boonmee,prasert.boonmee306@gmail.com,Ultra Lamp 821,Sports,347.98,9,0.0,3131.82,2023-09-12,Phuket,Khon Kaen,TrueMoney Wallet,Cancelled,4.0,จะกลับมาซื้อซ้ำแน่นอน,No,13.0,1.56
102936,1974,Siriporn Wattana,siriporn.wattana366@gmail.com,Lite Charger 802,Health,951.87,5,0.0,4759.35,2024-07-02,Nakhon Ratchasima,Songkhla,Credit Card,Completed,5.0,แพ็คเกจไม่แน่นหนา,No,5.0,1.28
104226,2882,Siriporn Intharak,siriporn.intharak212@outlook.com,Plus Watch 111,Home & Living,304.81,4,0.0,1219.24,2025-10-15,Sakon Nakhon,Nonthaburi,Bank Transfer,Completed,1.0,,Yes,14.0,2.32
104865,2946,Prasert Thongdee,prasert.thongdee790@gmail.com,Ultra Mouse 141,Groceries,311.23,9,10.0,2520.96,2024-06-03,Nonthaburi,Khon Kaen,TrueMoney Wallet,Completed,,แพ็คเกจไม่แน่นหนา,Yes,9.0,2.01
101576,1050,Anucha Chaiyaporn,anucha.chaiyaporn963@gmail.com,Lite Keyboard 497,Books,373.76,1,0.0,373.76,2025-08-04,Krabi,Rayong,PromptPay,Completed,4.0,,Yes,12.0,0.48
104304,2750,Pichit Yodying,pichit.yodying462@hotmail.com,Smart Keyboard 949,Beauty,510.56,7,0.0,3573.92,2025-06-30,Ubon Ratchathani,Khon Kaen,Bank Transfer,Completed,,,Yes,13.0,1.47
100213,1524,Anucha Phetcharat,anucha.phetcharat862@yahoo.com,Pro Speaker 138,Beauty,545.36,7,0.0,3817.52,2025-10-27,Trang,Bangkok,Installment,Returned,5.0,ของมาช้ากว่ากำหนด,No,9.0,0.6
100778,1216,Anucha Chotirat,anucha.chotirat635@gmail.com,Pro Notebook 674,Toys,1057.19,7,25.0,5550.25,2025-02-28,Nakhon Ratchasima,Phuket,COD,Shipped,,สีไม่ตรงตามรูป,No,13.0,2.65
101415,2343,Wichai Phetcharat,wichai.phetcharat105@yahoo.com,Max Sneaker 745,Beauty,683.07,3,0.0,2049.21,2023-11-02,Chiang Rai,Rayong,TrueMoney Wallet,Cancelled,,จะกลับมาซื้อซ้ำแน่นอน,No,10.0,
103809,2136,Boonmee Kaewkla,boonmee.kaewkla359@outlook.com,Plus Jacket 964,Sports,313.87,1,0.0,313.87,2023-07-15,Lampang,Phuket,,Shipped,5.0,คุณภาพต่ำกว่าที่คิด,No,14.0,1.07
102043,1015,Somsri Sinthop,somsri.sinthop178@outlook.com,Smart Desk 514,Automotive,260.93,3,0.0,782.79,2024-03-04,Udon Thani,Rayong,Installment,Returned,5.0,ส่งไวมาก ประทับใจ,No,13.0,4.44
102848,2327,Siriporn Sukjai,siriporn.sukjai470@outlook.com,Pro Camera 505,Toys,879.09,8,10.0,6329.45,2024-01-22,Nakhon Ratchasima,Bangkok,Credit Card,Cancelled,4.0,,No,,1.5
104560,1419,Nittaya Rattanakul,nittaya.rattanakul446@outlook.com,Mini Wallet 596,Automotive,191.14,6,5.0,,2024-07-17,Chiang Rai,Chonburi,PromptPay,Completed,5.0,บริการลูกค้าดีเยี่ยม,No,14.0,0.95
103553,1962,Kanya Sinthop,kanya.sinthop788@hotmail.com,Max Mouse 826,Electronics,439.39,8,20.0,2812.1,2024-04-03,Udon Thani,Khon Kaen,Bank Transfer,Shipped,2.0,,No,7.0,2.38
104721,2586,Nittaya Boonmee,nittaya.boonmee200@outlook.com,Pro Chair 278,Electronics,611.16,4,0.0,2444.64,2023-03-24,Nakhon Ratchasima,Udon Thani,PromptPay,Completed,3.0,,No,8.0,1.0
101567,2863,Prasert Phetcharat,prasert.phetcharat174@yahoo.com,Plus Pillow 804,Electronics,225.22,3,0.0,675.66,2023-04-09,Pattaya,Nonthaburi,COD,Completed,5.0,,No,7.0,1.08
100165,1406,Somsri Chotirat,somsri.chotirat88@yahoo.com,Mini Charger 486,Home & Living,618.64,6,0.0,3711.84,2025-03-16,Nakhon Ratchasima,Bangkok,Credit Card,Shipped,5.0,,No,14.0,2.54
104738,2110,Ratana Intharak,ratana.intharak979@yahoo.com,Ultra Jacket 393,Groceries,690.29,3,0.0,2070.87,2024-10-08,Khon Kaen,Nakhon Ratchasima,TrueMoney Wallet,Completed,3.0,สินค้าดีมาก คุ้มราคา,No,2.0,1.47
103633,1255,Nittaya Panyawong,nittaya.panyawong971@gmail.com,Ultra Charger 683,Fashion,442.93,3,0.0,1328.79,2024-02-12,Rayong,Khon Kaen,COD,Shipped,,แพ็คเกจไม่แน่นหนา,No,12.0,1.14
104951,1140,Somsri Phetcharat,somsri.phetcharat793@gmail.com,Ultra Chair 820,Toys,345.35,5,10.0,1554.08,2025-11-12,Surat Thani,Songkhla,Credit Card,Completed,4.0,สินค้าดีมาก คุ้มราคา,No,13.0,2.09
101343,1714,Prasert Intharak,prasert.intharak333@gmail.com,Plus Pillow 330,Fashion,681.86,1,0.0,681.86,2024-11-22,Nong Khai,Nonthaburi,Credit Card,Completed,5.0,ของมาช้ากว่ากำหนด,Yes,,0.12
102013,2513,Prasert Saelim,prasert.saelim478@hotmail.com,Smart Keyboard 245,Home & Living,797.89,5,30.0,2792.62,2025-03-29,Khon Kaen,Udon Thani,COD,Completed,5.0,,Yes,8.0,1.71
100273,2520,Somchai Saelim,somchai.saelim801@outlook.com,Lite Wallet 685,Fashion,337.6,5,25.0,1266.0,2025-08-14,Buriram,Chiang Mai,PromptPay,Completed,,,No,2.0,3.67
100071,2369,Wilai Boonmee,wilai.boonmee215@outlook.com,Mini Wallet 357,Automotive,56.7,1,0.0,56.7,2023-05-01,Surat Thani,Songkhla,Bank Transfer,Completed,3.0,แพ็คเกจไม่แน่นหนา,Yes,7.0,1.96
103939,2495,Anucha Sinthop,anucha.sinthop197@yahoo.com,Plus Jacket 618,Groceries,1320.9,5,5.0,6274.28,2023-10-24,Udon Thani,Songkhla,Credit Card,Completed,,,,8.0,1.48
101087,2848,Boonmee Intharak,boonmee.intharak621@hotmail.com,Ultra Watch 821,Automotive,825.86,8,20.0,5285.5,2025-09-25,Udon Thani,Nakhon Ratchasima,Installment,Shipped,4.0,,Yes,5.0,1.21
100394,2991,Thawatchai Wongsawat,thawatchai.wongsawat828@hotmail.com,Ultra Keyboard 903,Toys,780.02,2,0.0,1560.04,2024-04-19,Chiang Rai,Phuket,TrueMoney Wallet,Shipped,4.0,,No,14.0,1.17
100583,2219,Pichit Thongdee,pichit.thongdee479@outlook.com,Eco Speaker 241,Sports,402.47,1,0.0,402.47,2023-11-16,Sakon Nakhon,Chiang Mai,Bank Transfer,Returned,5.0,,No,10.0,0.54
101367,2917,Orawan Chaiyaporn,orawan.chaiyaporn190@hotmail.com,Lite Headphone 282,Electronics,433.7,5,20.0,1734.8,2025-07-10,Bangkok,Bangkok,PromptPay,Completed,3.0,ของมาช้ากว่ากำหนด,No,7.0,0.39
104999,1321,Chatchai Sinthop,chatchai.sinthop238@gmail.com,Smart Notebook 228,Beauty,617.82,8,0.0,4942.56,2025-01-27,,Rayong,,Cancelled,,คุณภาพต่ำกว่าที่คิด,No,5.0,0.76
104666,2691,Malee Intharak,malee.intharak25@yahoo.com,Plus Speaker 255,Groceries,236.87,9,0.0,2131.83,2025-10-29,Pattaya,Chiang Mai,Bank Transfer,Completed,5.0,,No,6.0,0.33
102548,2883,Boonmee Chotirat,boonmee.chotirat746@hotmail.com,Mini Desk 478,Books,195.36,9,5.0,1670.33,2023-12-19,Udon Thani,Chonburi,Installment,Completed,5.0,,No,12.0,0.88
101013,2088,Pichit Saelim,pichit.saelim23@outlook.com,Pro Notebook 229,Electronics,457.13,3,5.0,1302.82,2025-10-16,Chiang Mai,Songkhla,Installment,Shipped,4.0,,,11.0,0.51
104922,2999,Somchai Prasertsak,somchai.prasertsak317@gmail.com,Pro Keyboard 104,Electronics,586.43,9,5.0,5013.98,2024-03-05,Surat Thani,Phuket,Installment,Completed,,,Yes,10.0,3.93
103003,2606,Ratana Prasertsak,ratana.prasertsak640@yahoo.com,Lite Notebook 309,Home & Living,293.35,6,15.0,1496.08,2025-08-27,Krabi,Phuket,COD,Completed,,,No,3.0,0.23
104812,1519,Chomphunut Meesuk,chomphunut.meesuk706@yahoo.com,Eco Keyboard 183,Groceries,941.57,8,0.0,7532.56,2023-06-04,Udon Thani,Bangkok,Credit Card,Completed,2.0,บริการลูกค้าดีเยี่ยม,Yes,11.0,0.69
104053,2819,Yupin Yodying,yupin.yodying17@outlook.com,Eco Keyboard 101,Fashion ,1029.82,4,10.0,3707.35,2024-03-17,Nonthaburi,Songkhla,PromptPay,Shipped,2.0,,Yes,5.0,0.34
103580,2311,Yupin Meesuk,yupin.meesuk408@gmail.com,Lite Pillow 869,Fashion,309.0,2,0.0,618.0,2023-08-15,Buriram,Nonthaburi,Credit Card,Completed,,,No,7.0,0.27
101763,1146,Rungnapa Wongsawat,rungnapa.wongsawat356@outlook.com,Max Backpack 336,Beauty,915.26,2,0.0,1830.52,2023-01-12,Nonthaburi,Nonthaburi,COD,Shipped,,บริการลูกค้าดีเยี่ยม,Yes,2.0,0.19
101875,2845,Pichit Panyawong,pichit.panyawong685@gmail.com,Lite Lamp 555,Books,243.6,7,10.0,1534.68,2025-03-27,Nakhon Ratchasima,Khon Kaen,COD,Shipped,5.0,จะกลับมาซื้อซ้ำแน่นอน,No,4.0,
101259,2497,Anan Sinthop,anan.sinthop197@hotmail.com,Plus Charger 351,Sports,99.03,4,0.0,396.12,2024-09-27,Nakhon Ratchasima,Rayong,Bank Transfer,Shipped,,,Yes,12.0,
103344,1777,Rungnapa Rattanakul,rungnapa.rattanakul521@gmail.com,Mini Camera 544,Fashion,460.58,1,0.0,460.58,2024-07-09,Nong Khai,Chiang Mai,COD,Shipped,4.0,,No,13.0,1.72
104553,1849,Anan Srisuk,anan.srisuk227@hotmail.com,Lite Headphone 476,Fashion,240.04,2,5.0,456.08,2024-01-10,Hat Yai,Bangkok,COD,Shipped,4.0,,No,5.0,1.31
102253,1190,Wilai Yodying,wilai.yodying359@hotmail.com,Lite Camera 174,Fashion,297.83,2,30.0,416.96,2024-07-05,Nonthaburi,Rayong,PromptPay,Cancelled,5.0,ใช้งานได้ตามที่คาดหวัง,No,6.0,1.17
102781,2274,Kittisak Wongsawat,kittisak.wongsawat223@yahoo.com,Max Desk 913,Health,487.45,8,0.0,3899.6,2024-12-21,Nong Khai,Bangkok,Installment,Completed,,จะกลับมาซื้อซ้ำแน่นอน,No,3.0,0.71
103778,1158,Orawan Phetcharat,orawan.phetcharat119@hotmail.com,Max Notebook 174,Sports,208.57,2,5.0,396.28,2024-04-18,Hat Yai,Chiang Mai,Credit Card,Completed,,,No,6.0,0.31
100526,1758,Somkiat Sukjai,somkiat.sukjai348@hotmail.com,Lite Lamp 390,Beauty,263.84,1,10.0,237.46,2025-11-10,Buriram,Nonthaburi,Credit Card,Shipped,5.0,,,4.0,0.45
103467,2153,Wilai Kaewkla,wilai.kaewkla983@outlook.com,Lite Mouse 753,Health,195.1,7,30.0,955.99,2025-02-21,Trang,Chonburi,COD,Completed,,,No,12.0,0.29
102946,1363,Somsri Sukjai,somsri.sukjai42@gmail.com,Ultra Sneaker 436,Home & Living,1029.79,6,0.0,6178.74,2025-09-07,Khon Kaen,Udon Thani,Bank Transfer,Completed,4.0,ของมาช้ากว่ากำหนด,No,7.0,2.42
100377,2014,Prasert Sinthop,prasert.sinthop552@gmail.com,Mini Jacket 706,Electronics,456.5,9,,4108.5,2023-06-06,Nong Khai,Nakhon Ratchasima,Bank Transfer,Cancelled,,,Yes,2.0,0.11
101559,2483,Ploy Chotirat,,Ultra Camera 503,Health,416.14,7,0.0,2912.98,2023-12-31,,Nakhon Ratchasima,Installment,Completed,5.0,,No,14.0,0.34
103871,2283,Pichit Intharak,pichit.intharak384@yahoo.com,Max Chair 607,Sports,582.15,5,0.0,2910.75,2025-06-21,Krabi,Phuket,Bank Transfer,Completed,4.0,,Yes,13.0,1.42
101963,1660,Nittaya Sinthop,nittaya.sinthop175@gmail.com,Smart Blender 290,Fashion,189.66,2,0.0,379.32,2023-02-20,Lampang,Nakhon Ratchasima,Bank Transfer,Cancelled,,,No,14.0,2.54
104756,2092,Wichai Meesuk,wichai.meesuk949@gmail.com,Plus Camera 111,Toys,,3,30.0,988.07,2024-07-18,Hat Yai,Khon Kaen,TrueMoney Wallet,Completed,,,Yes,6.0,1.63
100348,2663,Ratana Panyawong,ratana.panyawong669@hotmail.com,Ultra Charger 752,Home & Living,560.48,8,0.0,4483.84,2023-02-22,Lampang,Khon Kaen,Credit Card,Completed,4.0,โอเคสำหรับราคานี้,Yes,7.0,0.87
102434,2559,Suree Chaiyaporn,suree.chaiyaporn717@hotmail.com,Plus Lamp 593,Beauty,70.64,6,0.0,423.84,2025-12-04,Nakhon Ratchasima,Songkhla,TrueMoney Wallet,Returned,,,Yes,9.0,0.17
102246,1780,Kittisak Sinthop,kittisak.sinthop822@gmail.com,Eco Jacket 507,Sports,802.99,5,0.0,4014.95,2025-03-04,Udon Thani,Khon Kaen,Bank Transfer,Shipped,,,No,8.0,
104357,1513,Siriporn Boonmee,,Eco Wallet 277,Automotive,189.62,9,15.0,1450.59,2025-03-29,Khon Kaen,Khon Kaen,Installment,Processing,,แพ็คเกจไม่แน่นหนา,No,14.0,0.44
101709,2481,Niran Kaewkla,niran.kaewkla248@outlook.com,Eco Bottle 415,Toys,246.44,5,0.0,1232.2,2025-08-08,Ubon Ratchathani,Bangkok,Credit Card,Shipped,,,Yes,1.0,0.68
101050,1082,Wilai Intharak,wilai.intharak886@outlook.com,Eco Lamp 523,Fashion,749.77,7,30.0,3673.87,2024-10-28,Pattaya,Chonburi,Credit Card,Returned,4.0,,No,14.0,0.52
100590,1866,Nittaya Kaewkla,nittaya.kaewkla661@gmail.com,Eco Chair 615,Automotive,450.7,3,15.0,1149.28,2025-09-22,Pattaya,Phuket,Bank Transfer,Completed,5.0,,No,4.0,4.01
100519,2416,Pichit Naruemon,pichit.naruemon451@hotmail.com,Plus Charger 174,Electronics,1002.65,3,15.0,2556.76,2024-04-17,Trang,Nonthaburi,Credit Card,Cancelled,5.0,,No,8.0,0.65
104516,2682,Yupin Panyawong,yupin.panyawong194@yahoo.com,Mini Keyboard 369,Sports,502.19,4,0.0,2008.76,2023-01-09,Hat Yai,Nonthaburi,PromptPay,Completed,5.0,แพ็คเกจไม่แน่นหนา,No,4.0,2.4
104145,2012,Chomphunut Wongsawat,chomphunut.wongsawat566@outlook.com,Smart Speaker 712,Sports,386.19,6,,2317.14,2024-07-23,Nong Khai,Nakhon Ratchasima,PromptPay,Completed,3.0,,Yes,1.0,2.5
102477,1010,Prasert Wongsawat,prasert.wongsawat456@outlook.com,Mini Camera 593,Toys,633.11,6,0.0,3798.66,2025-05-15,Sakon Nakhon,Songkhla,Credit Card,Completed,,,No,2.0,
101083,1388,Rungnapa Wongsawat,rungnapa.wongsawat675@outlook.com,Pro Lamp 339,Beauty,162.81,2,0.0,325.62,2025-01-29,Rayong,Nonthaburi,Credit Card,Processing,,ของมาช้ากว่ากำหนด,Yes,6.0,0.34
103638,1533,Wilai Sinthop,wilai.sinthop318@yahoo.com,Plus Notebook 590,Health,767.51,1,0.0,767.51,2023-01-04,Chiang Rai,Chonburi,Installment,Cancelled,,ของมาช้ากว่ากำหนด,No,1.0,
104802,2873,Suchart Sukjai,suchart.sukjai919@outlook.com,Ultra Sneaker 591,Electronics,573.01,6,0.0,3438.06,2025-04-25,Bangkok,Nakhon Ratchasima,COD,Returned,3.0,แพ็คเกจไม่แน่นหนา,No,6.0,
104532,1444,Yupin Intharak,,Pro Sneaker 200,Fashion,336.0,4,15.0,1142.4,2023-07-01,Rayong,Chonburi,Credit Card,Completed,4.0,ใช้งานได้ตามที่คาดหวัง,No,14.0,0.62
101294,1314,Prasert Chotirat,prasert.chotirat134@gmail.com,Smart Charger 773,Books,252.45,3,0.0,757.35,2024-06-20,Buriram,Nonthaburi,Installment,Shipped,3.0,คุณภาพต่ำกว่าที่คิด,No,1.0,0.39
101809,2905,Pranee Thongdee,pranee.thongdee799@yahoo.com,Eco Charger 883,Beauty,178.5,6,20.0,856.8,2023-01-06,Krabi,Songkhla,Credit Card,Processing,4.0,จะกลับมาซื้อซ้ำแน่นอน,Yes,,1.55
100791,2042,Wichai Boonmee,wichai.boonmee235@yahoo.com,Max Charger 466,Fashion,274.5,3,0.0,823.5,2025-09-28,Ubon Ratchathani,Khon Kaen,PromptPay,Processing,2.0,ส่งไวมาก ประทับใจ,No,13.0,0.26
100792,1176,Wichai Prasertsak,,Lite Bottle 831,Toys,669.6,5,0.0,3348.0,2024-08-27,Lampang,Udon Thani,Installment,Shipped,5.0,ของมาช้ากว่ากำหนด,No,11.0,0.63
104451,1572,Sombat Intharak,sombat.intharak848@yahoo.com,Max Desk 833,Beauty,717.22,2,20.0,1147.55,2024-12-29,Pattaya,Nakhon Ratchasima,Bank Transfer,Processing,4.0,คุณภาพต่ำกว่าที่คิด,No,6.0,0.36
101855,1645,Pichit Chantra,pichit.chantra49@gmail.com,Ultra Mouse 274,Home & Living,499.88,7,0.0,3499.16,2023-09-14,Khon Kaen,Chiang Mai,PromptPay,Completed,,สีไม่ตรงตามรูป,No,,1.74
104781,1299,Rungnapa Srisuk,rungnapa.srisuk613@yahoo.com,Mini Notebook 444,Sports,220.87,6,10.0,1192.7,2024-01-19,Khon Kaen,Chiang Mai,Installment,Completed,3.0,ของมาช้ากว่ากำหนด,,,4.5
101980,2561,Anucha Kaewkla,anucha.kaewkla680@outlook.com,Pro Desk 586,Health,427.58,6,0.0,2565.48,2025-05-07,Lampang,Nakhon Ratchasima,Credit Card,Processing,,,No,4.0,0.71
103233,1448,Somchai Chaiyaporn,somchai.chaiyaporn110@gmail.com,Max Speaker 253,Sports,180.29,6,0.0,1081.74,2023-05-21,Bangkok,Rayong,Bank Transfer,Shipped,,โอเคสำหรับราคานี้,No,14.0,3.08
103960,1983,Wichai Kaewkla,wichai.kaewkla417@yahoo.com,Lite Bottle 680,Beauty,1055.19,2,5.0,2004.86,2024-07-17,Trang,Nakhon Ratchasima,Installment,Shipped,4.0,,No,5.0,
103431,1496,Ratana Yodying,ratana.yodying121@yahoo.com,Eco Blender 265,Fashion,365.74,4,25.0,1097.22,2024-01-11,Buriram,Khon Kaen,TrueMoney Wallet,Shipped,,,Yes,9.0,0.21
103328,2851,Niran Srisuk,niran.srisuk889@hotmail.com,Pro Pillow 353,Groceries,852.68,7,0.0,5968.76,2024-01-18,Nakhon Ratchasima,Udon Thani,Bank Transfer,Returned,3.0,,Yes,14.0,0.94
101530,1793,Yupin Boonmee,yupin.boonmee47@gmail.com,Max Lamp 786,Automotive,806.65,3,0.0,2419.95,2023-07-03,Chiang Rai,Phuket,Installment,Cancelled,5.0,โอเคสำหรับราคานี้,Yes,2.0,0.93
101410,2953,Orawan Kaewkla,orawan.kaewkla672@yahoo.com,Smart Blender 571,Fashion,609.63,5,,3048.15,2023-02-13,Hat Yai,Chonburi,Bank Transfer,Processing,5.0,ของมาช้ากว่ากำหนด,No,5.0,2.74
104317,2350,Somkiat Naruemon,somkiat.naruemon261@hotmail.com,Plus Keyboard 451,Sports,214.46,7,5.0,1426.16,2025-12-29,Nong Khai,Udon Thani,Installment,Completed,,,Yes,,0.55
104672,1832,Nittaya Rattanakul,nittaya.rattanakul665@yahoo.com,Pro Notebook 906,Fashion,128.43,5,0.0,642.15,2024-02-02,Nong Khai,Songkhla,PromptPay,Shipped,5.0,ส่งไวมาก ประทับใจ,Yes,2.0,
100083,1034,Suree Prasertsak,suree.prasertsak483@gmail.com,Smart Desk 856,Electronics,867.28,9,5.0,7415.24,2023-03-03,,Songkhla,PromptPay,Completed,4.0,บริการลูกค้าดีเยี่ยม,No,8.0,1.2
100868,1499,Duangjai Chotirat,duangjai.chotirat531@hotmail.com,Smart Backpack 106,Books,399.99,5,25.0,1499.96,2023-08-01,Hat Yai,Songkhla,Credit Card,Completed,4.0,,Yes,5.0,0.16
102350,1078,Boonmee Phetcharat,boonmee.phetcharat359@gmail.com,Ultra Lamp 395,Toys,295.34,2,5.0,561.15,2023-03-13,Sakon Nakhon,Bangkok,Installment,Shipped,3.0,,Yes,13.0,0.16
100020,2685,Pranee Boonmee,pranee.boonmee96@gmail.com,Mini Pillow 239,Sports,833.54,4,0.0,3334.16,2024-04-27,Nonthaburi,Phuket,PromptPay,Completed,3.0,คุณภาพต่ำกว่าที่คิด,No,6.0,1.51
103470,1028,Chatchai Chaiyaporn,chatchai.chaiyaporn916@outlook.com,Ultra Camera 475,Automotive,570.69,4,0.0,2282.76,2023-11-18,Sakon Nakhon,Udon Thani,TrueMoney Wallet,Returned,4.0,โอเคสำหรับราคานี้,No,1.0,0.3
102795,2451,Pichit Panyawong,pichit.panyawong271@gmail.com,Pro Bottle 702,Fashion,966.26,9,0.0,8696.34,2024-02-27,Sakon Nakhon,Nonthaburi,TrueMoney Wallet,Processing,5.0,ของมาช้ากว่ากำหนด,No,11.0,1.15
104595,2107,Pranee Panyawong,pranee.panyawong262@yahoo.com,Smart Desk 149,Sports,746.58,2,30.0,1045.21,2024-10-16,Trang,Nonthaburi,PromptPay,Completed,5.0,,No,14.0,0.69
101562,2007,Suchart Panyawong,suchart.panyawong100@gmail.com,Plus Bottle 562,Books,638.43,5,10.0,2872.94,2024-01-13,Sakon Nakhon,Songkhla,TrueMoney Wallet,Completed,5.0,สีไม่ตรงตามรูป,Yes,8.0,0.48
103093,1262,Yupin Srisuk,yupin.srisuk351@yahoo.com,Plus Lamp 969,Fashion,468.28,3,15.0,1194.11,2025-11-10,Trang,Rayong,TrueMoney Wallet,Completed,5.0,,No,10.0,0.47
103155,2195,Pichit Chantra,pichit.chantra536@yahoo.com,Pro Pillow 230,Home & Living,383.49,5,0.0,1917.45,2025-09-17,Surat Thani,Nakhon Ratchasima,PromptPay,Completed,4.0,บริการลูกค้าดีเยี่ยม,No,3.0,0.21
100973,1539,Anan Yodying,,Plus Watch 101,Home & Living,501.31,3,5.0,1428.73,2025-04-12,Nong Khai,Nonthaburi,Bank Transfer,Completed,5.0,,No,5.0,1.7
101710,2901,Suree Phetcharat,suree.phetcharat198@outlook.com,Lite Speaker 433,Automotive,545.69,2,10.0,982.24,2023-11-27,Surat Thani,Rayong,TrueMoney Wallet,Completed,4.0,,Yes,4.0,1.19
103201,1363,Thawatchai Sinthop,thawatchai.sinthop585@hotmail.com,Max Keyboard 374,Fashion,553.87,7,0.0,3877.09,2024-08-14,Krabi,Songkhla,,Completed,4.0,,No,4.0,0.32
104034,1382,Wichai Wattana,wichai.wattana308@outlook.com,Plus Watch 354,Beauty,566.99,2,15.0,963.88,2024-03-04,Bangkok,Phuket,Credit Card,Completed,5.0,แพ็คเกจไม่แน่นหนา,Yes,8.0,2.67
100264,2850,Prasert Chaiyaporn,prasert.chaiyaporn221@hotmail.com,Pro Backpack 297,Fashion,321.9,3,,965.7,2025-05-12,Pattaya,Khon Kaen,Installment,Completed,2.0,,Yes,2.0,2.06
101098,1074,Niran Thongdee,niran.thongdee77@yahoo.com,Ultra Lamp 445,Fashion,588.88,2,0.0,1177.76,2025-06-14,Lampang,Khon Kaen,TrueMoney Wallet,Shipped,4.0,,Yes,10.0,1.63
104183,2400,Kanya Boonmee,kanya.boonmee978@hotmail.com,Lite Lamp 498,Toys,411.79,9,0.0,3706.11,2023-05-04,Nonthaburi,Nonthaburi,Credit Card,Completed,4.0,,No,,1.63
102844,2310,Chomphunut Boonmee,chomphunut.boonmee808@gmail.com,Eco Blender 321,Automotive,532.66,5,0.0,2663.3,2025-02-01,Hat Yai,Udon Thani,TrueMoney Wallet,Returned,4.0,,No,4.0,0.15
100886,2881,Yupin Chaiyaporn,yupin.chaiyaporn671@yahoo.com,Max Desk 811,Electronics,214.56,1,0.0,214.56,2025-06-30,Krabi,Udon Thani,COD,Processing,,บริการลูกค้าดีเยี่ยม,No,1.0,1.74
104956,2151,Somsri Naruemon,somsri.naruemon658@yahoo.com,Lite Pillow 175,Toys,1003.29,9,0.0,9029.61,2025-07-27,Buriram,Khon Kaen,Credit Card,Completed,5.0,แพ็คเกจไม่แน่นหนา,No,5.0,0.74
103728,2093,Kittisak Sinthop,kittisak.sinthop330@outlook.com,Eco Desk 368,Health,264.46,9,0.0,2380.14,2025-10-31,Lampang,Phuket,Installment,Processing,4.0,คุณภาพต่ำกว่าที่คิด,Yes,2.0,0.36
104603,2935,Nittaya Rattanakul,nittaya.rattanakul50@hotmail.com,Smart Camera 864,Books,408.39,4,20.0,1306.85,2023-07-12,Pattaya,Nonthaburi,COD,Completed,,จะกลับมาซื้อซ้ำแน่นอน,No,4.0,3.44
103615,1779,Siriporn Boonmee,siriporn.boonmee815@hotmail.com,Ultra Keyboard 660,Beauty,119.52,5,0.0,,2024-01-12,Phuket,Nonthaburi,PromptPay,Completed,,,No,5.0,1.1
104424,1178,Suree Phetcharat,suree.phetcharat995@hotmail.com,Ultra Headphone 367,Groceries,557.74,7,0.0,3904.18,2023-06-20,Buriram,Chonburi,Installment,Processing,,,No,6.0,3.89
100515,2409,Sombat Wattana,sombat.wattana372@gmail.com,Smart Speaker 126,Beauty,478.43,8,0.0,3827.44,2023-10-27,Rayong,Khon Kaen,COD,Shipped,5.0,,No,11.0,2.56
104644,2823,Boonmee Boonmee,boonmee.boonmee728@gmail.com,Plus Watch 327,Fashion,,9,0.0,5319.18,2023-12-28,Krabi,Bangkok,Credit Card,Returned,4.0,ใช้งานได้ตามที่คาดหวัง,No,4.0,0.59
100737,2021,Kittisak Yodying,kittisak.yodying226@gmail.com,Max Charger 478,Health,827.12,1,0.0,827.12,2025-05-06,Buriram,Phuket,Credit Card,Completed,4.0,,Yes,9.0,0.25
101453,1574,Siriporn Boonmee,siriporn.boonmee546@hotmail.com,Mini Wallet 773,Health,705.27,9,0.0,6347.43,2023-02-12,Lampang,Udon Thani,Installment,Processing,5.0,โอเคสำหรับราคานี้,No,5.0,
104024,2727,Wilai Thongdee,wilai.thongdee635@outlook.com,Ultra Backpack 979,Electronics,149.4,4,10.0,537.84,2023-06-08,Bangkok,Bangkok,PromptPay,Processing,1.0,,No,7.0,1.65
104724,2850,Prasert Chaiyaporn,prasert.chaiyaporn438@yahoo.com,Eco Jacket 824,Health,162.03,8,0.0,1296.24,2023-05-07,Ubon Ratchathani,Khon Kaen,PromptPay,Processing,1.0,โอเคสำหรับราคานี้,No,5.0,1.21
102506,1001,Malee Sinthop,malee.sinthop4@outlook.com,Max Charger 491,Groceries,1161.55,9,10.0,9408.55,2024-01-25,Nakhon Si Thammarat,Udon Thani,Installment,Cancelled,3.0,จะกลับมาซื้อซ้ำแน่นอน,Yes,14.0,1.84
102994,1349,Rungnapa Sinthop,rungnapa.sinthop647@outlook.com,Mini Desk 447,Electronics,1064.36,7,0.0,7450.52,2025-01-02,Ubon Ratchathani,Songkhla,Bank Transfer,Completed,5.0,,No,7.0,0.7
102126,2607,Anan Panyawong,anan.panyawong986@hotmail.com,Smart Lamp 132,Fashion,687.55,1,0.0,687.55,2024-02-23,Krabi,Udon Thani,PromptPay,Completed,4.0,,No,8.0,1.95
102926,1453,Siriporn Chantra,siriporn.chantra259@outlook.com,Lite Bottle 679,Health,,1,0.0,353.93,2023-02-21,Nonthaburi,Bangkok,PromptPay,Completed,5.0,โอเคสำหรับราคานี้,Yes,8.0,1.21
104769,2577,Somchai Meesuk,somchai.meesuk485@gmail.com,Smart Desk 150,Fashion,153.44,5,25.0,575.4,2025-09-05,Krabi,Nonthaburi,PromptPay,Cancelled,4.0,คุณภาพต่ำกว่าที่คิด,No,11.0,0.7
100906,2996,Chatchai Thongdee,chatchai.thongdee689@gmail.com,Pro Jacket 436,Home & Living,466.29,8,0.0,3730.32,2025-12-09,Udon Thani,Nakhon Ratchasima,Bank Transfer,Completed,,บริการลูกค้าดีเยี่ยม,No,1.0,1.2
103697,2919,Ploy Srisuk,ploy.srisuk111@yahoo.com,Eco Camera 123,Electronics,443.34,7,0.0,3103.38,2024-03-13,Buriram,Nonthaburi,TrueMoney Wallet,Completed,5.0,,No,13.0,2.13
101030,1104,Orawan Rattanakul,orawan.rattanakul753@gmail.com,Max Backpack 905,Beauty,282.1,6,5.0,,2024-11-11,Khon Kaen,Bangkok,COD,Completed,,สินค้าดีมาก คุ้มราคา,Yes,8.0,1.06
102507,1224,Somchai Meesuk,,Pro Backpack 529,Automotive,429.06,5,0.0,2145.3,2024-04-02,Ubon Ratchathani,Phuket,Bank Transfer,Completed,3.0,,No,13.0,1.18
102428,1198,Chomphunut Sukjai,chomphunut.sukjai76@yahoo.com,Max Blender 493,Health,296.31,4,0.0,1185.24,2025-08-23,Khon Kaen,Songkhla,Credit Card,Completed,3.0,ของมาช้ากว่ากำหนด,Yes,5.0,1.42
100947,2589,Somsri Meesuk,somsri.meesuk730@hotmail.com,Smart Mouse 544,Health,281.78,7,0.0,1972.46,2024-04-16,Buriram,Phuket,Bank Transfer,Shipped,5.0,,Yes,10.0,0.65
103856,1546,Duangjai Wattana,duangjai.wattana861@yahoo.com,Smart Chair 168,Fashion,505.31,4,0.0,2021.24,2024-04-18,Chiang Mai,Phuket,Bank Transfer,Shipped,5.0,แพ็คเกจไม่แน่นหนา,Yes,2.0,2.13
100762,2712,Rungnapa Wattana,rungnapa.wattana258@gmail.com,Max Jacket 909,Groceries,711.28,1,5.0,675.72,2025-06-01,Chiang Mai,Songkhla,PromptPay,Completed,1.0,ส่งไวมาก ประทับใจ,No,11.0,1.38
100715,2191,Sombat Chantra,,Eco Camera 902,Electronics,718.45,7,0.0,5029.15,2024-02-02,,Nonthaburi,PromptPay,Processing,,,No,14.0,2.53
100284,1951,Pichit Kaewkla,pichit.kaewkla982@outlook.com,Ultra Lamp 154,Home & Living,475.3,5,0.0,2376.5,2024-11-11,Sakon Nakhon,Chiang Mai,Credit Card,Processing,4.0,,No,2.0,9.61
100686,1768,Wilai Chantra,wilai.chantra683@gmail.com,Pro Watch 469,Electronics,292.88,5,25.0,1098.3,2025-05-09,Phuket,Nakhon Ratchasima,Installment,Completed,5.0,จะกลับมาซื้อซ้ำแน่นอน,Yes,9.0,1.71
100703,2698,Prasert Phetcharat,prasert.phetcharat118@hotmail.com,Smart Wallet 535,Automotive,193.04,9,5.0,1650.49,2025-11-09,Trang,Nakhon Ratchasima,Bank Transfer,Completed,,โอเคสำหรับราคานี้,No,5.0,1.04
103341,2540,Somsri Chantra,somsri.chantra216@gmail.com,Ultra Charger 355,Books,539.13,5,0.0,2695.65,2025-08-22,Ubon Ratchathani,Khon Kaen,Installment,Returned,,,Yes,,1.32
102353,1458,Wichai Kaewkla,wichai.kaewkla243@hotmail.com,Lite Lamp 955,Home & Living,646.0,2,30.0,904.4,2023-12-26,Bangkok,Chiang Mai,Bank Transfer,Completed,,,Yes,14.0,0.14
102257,1006,Ratana Intharak,ratana.intharak673@gmail.com,Mini Headphone 388,Automotive,696.06,5,0.0,3480.3,2023-06-05,Lampang,Songkhla,Credit Card,Returned,3.0,,No,10.0,4.01
103599,1789,Malee Panyawong,malee.panyawong304@hotmail.com,Pro Watch 912,Groceries,128.72,5,0.0,643.6,2024-04-28,Udon Thani,Udon Thani,Bank Transfer,Completed,4.0,,No,1.0,0.6
100473,2396,Pranee Wongsawat,pranee.wongsawat13@gmail.com,Ultra Blender 724,Groceries,438.35,4,15.0,1490.39,2023-10-20,Sakon Nakhon,Chonburi,TrueMoney Wallet,Processing,4.0,,No,13.0,0.89
100021,2332,Chaiyot Rattanakul,chaiyot.rattanakul526@yahoo.com,Smart Wallet 692,Home & Living,500.99,1,10.0,450.89,2024-05-23,Lampang,Bangkok,Installment,Completed,,สินค้าดีมาก คุ้มราคา,Yes,11.0,0.59
102752,1956,Anan Panyawong,anan.panyawong879@yahoo.com,Plus Sneaker 772,Fashion,668.09,9,0.0,6012.81,2023-12-27,Trang,Udon Thani,Credit Card,Completed,5.0,ใช้งานได้ตามที่คาดหวัง,No,,0.38
100885,1713,Anan Sinthop,anan.sinthop538@outlook.com,Lite Watch 230,Fashion,353.17,1,0.0,353.17,2025-05-06,Buriram,Udon Thani,PromptPay,Cancelled,5.0,,No,9.0,2.6
102448,2875,Chatchai Thongdee,chatchai.thongdee394@yahoo.com,Plus Speaker 463,Sports,488.73,3,0.0,1466.19,2023-04-11,Trang,Udon Thani,COD,Shipped,3.0,,No,4.0,
100917,2140,Malee Phetcharat,malee.phetcharat699@yahoo.com,Mini Pillow 367,Automotive,845.3,7,0.0,5917.1,2023-11-10,Rayong,Udon Thani,PromptPay,Completed,,แพ็คเกจไม่แน่นหนา,Yes,2.0,2.84
103807,1830,Kittisak Meesuk,kittisak.meesuk350@yahoo.com,Pro Chair 133,Groceries,1527.13,5,0.0,7635.65,2025-09-05,Chiang Rai,Nonthaburi,COD,Completed,,โอเคสำหรับราคานี้,No,4.0,2.49
103801,2373,Wilai Rattanakul,wilai.rattanakul453@gmail.com,Plus Wallet 151,Books,254.9,3,0.0,764.7,2023-12-22,Lampang,Nonthaburi,Credit Card,Completed,,,No,9.0,3.56
102239,2191,Somkiat Meesuk,somkiat.meesuk361@hotmail.com,Pro Blender 273,Toys,200.21,5,10.0,900.94,2025-01-08,Nakhon Si Thammarat,Nakhon Ratchasima,Installment,Completed,,,No,12.0,1.52
103895,1925,Somkiat Boonmee,,Smart Speaker 594,Health,450.1,1,0.0,450.1,2023-10-22,Khon Kaen,Nonthaburi,COD,Completed,,,No,8.0,0.7
103395,1091,Siriporn Meesuk,siriporn.meesuk481@yahoo.com,Lite Pillow 904,Sports,698.67,8,0.0,5589.36,2023-08-17,Hat Yai,Songkhla,TrueMoney Wallet,Shipped,5.0,คุณภาพต่ำกว่าที่คิด,No,14.0,0.87
101265,2235,Pranee Sinthop,pranee.sinthop717@hotmail.com,Eco Camera 806,Automotive,819.59,4,0.0,3278.36,2025-10-05,Nong Khai,Phuket,COD,Completed,5.0,บริการลูกค้าดีเยี่ยม,No,2.0,0.58
100483,1180,Pranee Srisuk,pranee.srisuk526@yahoo.com,Ultra Bottle 503,Automotive,612.2,9,0.0,5509.8,2024-10-30,Ubon Ratchathani,Khon Kaen,Credit Card,Shipped,,สีไม่ตรงตามรูป,No,9.0,0.44
104554,2681,Chatchai Phetcharat,chatchai.phetcharat471@hotmail.com,Lite Headphone 638,Groceries,,6,15.0,2706.67,2025-02-02,Khon Kaen,Khon Kaen,Installment,Completed,3.0,โอเคสำหรับราคานี้,Yes,3.0,0.42
102963,2806,Wilai Sukjai,wilai.sukjai221@outlook.com,Smart Backpack 443,Toys,828.01,6,0.0,4968.06,2025-07-27,Hat Yai,Phuket,Bank Transfer,Processing,4.0,สินค้าดีมาก คุ้มราคา,No,,1.61
101219,1302,Yupin Panyawong,yupin.panyawong905@hotmail.com,Smart Backpack 981,Fashion,506.96,3,15.0,1292.75,2023-10-11,Pattaya,Bangkok,Bank Transfer,Completed,4.0,,Yes,14.0,2.66
100277,2533,Anan Panyawong,anan.panyawong780@outlook.com,Mini Watch 867,Groceries,237.17,3,0.0,711.51,2024-03-02,Phuket,Khon Kaen,TrueMoney Wallet,Completed,5.0,,Yes,6.0,0.78
100988,1751,Chaiyot Sukjai,chaiyot.sukjai790@yahoo.com,Eco Sneaker 683,Sports,322.13,3,0.0,966.39,2024-12-20,Chiang Mai,Songkhla,Installment,Completed,3.0,,No,4.0,
102084,2712,Orawan Sinthop,orawan.sinthop576@outlook.com,Pro Desk 914,Books,270.86,4,5.0,1029.27,2023-06-03,Chiang Rai,Phuket,TrueMoney Wallet,Completed,1.0,บริการลูกค้าดีเยี่ยม,No,1.0,3.72
101245,1805,Somsri Chaiyaporn,somsri.chaiyaporn254@hotmail.com,Mini Notebook 361,Books,563.17,9,0.0,5068.53,2025-08-07,Rayong,Rayong,COD,Completed,,ส่งไวมาก ประทับใจ,No,10.0,0.54
102382,1747,Kanya Chantra,kanya.chantra325@yahoo.com,Ultra Backpack 405,Books,295.29,8,0.0,2362.32,2025-07-24,Khon Kaen,Nonthaburi,Credit Card,Completed,3.0,,No,1.0,0.36
100571,2077,Somsri Wongsawat,somsri.wongsawat406@hotmail.com,Mini Wallet 225,Home & Living,546.88,7,0.0,3828.16,2024-12-11,Nakhon Ratchasima,Udon Thani,TrueMoney Wallet,Completed,,,No,4.0,1.68
101435,1573,Yupin Saelim,yupin.saelim797@hotmail.com,Ultra Backpack 123,Fashion,837.93,1,,712.24,2023-02-15,Ubon Ratchathani,Udon Thani,TrueMoney Wallet,Returned,,,Yes,3.0,2.05
100993,2276,Somsri Yodying,somsri.yodying324@hotmail.com,Lite Camera 115,Groceries,229.19,7,0.0,1604.33,2023-01-12,Chiang Mai,Rayong,TrueMoney Wallet,Completed,5.0,,No,9.0,2.25
104607,2104,Chomphunut Naruemon,,Plus Notebook 502,Health,713.6,5,,3032.8,2024-04-08,Hat Yai,Chiang Mai,PromptPay,Returned,,สินค้าดีมาก คุ้มราคา,No,8.0,
103493,1466,Nittaya Chotirat,nittaya.chotirat537@gmail.com,Pro Jacket 194,Beauty,925.14,2,0.0,1850.28,2023-03-25,Chiang Rai,Phuket,Bank Transfer,Completed,3.0,,No,9.0,0.69
100585,1876,Somchai Intharak,somchai.intharak824@outlook.com,Pro Lamp 237,Sports,817.95,3,0.0,2453.85,2023-09-23,Ubon Ratchathani,Bangkok,COD,Shipped,5.0,,Yes,4.0,1.03
103708,1931,Boonmee Wongsawat,boonmee.wongsawat685@gmail.com,Plus Pillow 151,Health,816.88,3,0.0,2450.64,2023-02-11,Nonthaburi,Bangkok,Installment,Completed,5.0,,Yes,8.0,0.33
102514,1115,Chatchai Intharak,chatchai.intharak654@yahoo.com,Mini Bottle 825,Home & Living,613.9,2,0.0,1227.8,2025-08-24,Nong Khai,Chiang Mai,COD,Returned,2.0,,No,8.0,2.34
101349,2668,Kanya Meesuk,,Lite Camera 721,Groceries,404.06,8,0.0,3232.48,2023-05-02,Udon Thani,Phuket,Bank Transfer,Shipped,2.0,,No,3.0,1.43
101007,1876,Boonmee Wongsawat,,Max Mouse 154,Electronics,284.54,6,0.0,1707.24,2023-09-03,Trang,Nonthaburi,COD,Completed,5.0,,No,13.0,0.52
100674,1521,Yupin Phetcharat,,Smart Jacket 881,BOOKS,250.31,2,10.0,450.56,2024-08-04,Nonthaburi,Phuket,Bank Transfer,Shipped,,,No,2.0,0.24
102412,2294,Chaiyot Chotirat,chaiyot.chotirat124@outlook.com,Smart Chair 932,Electronics,500.33,3,5.0,1425.94,2023-03-10,Lampang,Udon Thani,Installment,Completed,,ส่งไวมาก ประทับใจ,No,6.0,0.71
102903,2496,Suree Phetcharat,suree.phetcharat703@outlook.com,Ultra Bottle 199,Toys,103.79,9,25.0,700.58,2023-11-08,Hat Yai,Chiang Mai,PromptPay,Completed,4.0,,No,11.0,0.63
100447,2306,Nittaya Intharak,nittaya.intharak795@outlook.com,Pro Jacket 130,Sports,675.01,6,15.0,3442.55,2023-06-14,Phuket,Udon Thani,Installment,Cancelled,5.0,,Yes,3.0,1.89
103520,2251,Orawan Meesuk,orawan.meesuk731@outlook.com,Plus Mouse 356,Books,156.76,5,0.0,783.8,2025-09-08,Chiang Rai,Udon Thani,COD,Completed,,,No,2.0,0.16
103808,2651,Siriporn Naruemon,siriporn.naruemon944@hotmail.com,Lite Camera 457,Electronics,389.35,2,20.0,622.96,2025-12-04,Ubon Ratchathani,Chonburi,Credit Card,Processing,,แพ็คเกจไม่แน่นหนา,Yes,5.0,3.14
103753,1187,Kittisak Wattana,,Pro Sneaker 797,Fashion,279.63,5,15.0,1188.43,2023-06-29,Pattaya,Nonthaburi,PromptPay,Cancelled,,,No,,2.81
100359,2321,Ploy Intharak,ploy.intharak851@hotmail.com,Mini Blender 506,Beauty,,6,10.0,546.64,2023-09-06,Udon Thani,Bangkok,TrueMoney Wallet,Shipped,,ของมาช้ากว่ากำหนด,No,14.0,0.17
102064,1813,Chatchai Sinthop,chatchai.sinthop91@hotmail.com,Smart Speaker 380,Toys,651.2,7,0.0,4558.4,2023-12-23,Trang,Phuket,Credit Card,Cancelled,4.0,,No,8.0,
104472,2847,Chatchai Sukjai,chatchai.sukjai476@yahoo.com,Mini Speaker 427,Toys,657.02,1,10.0,,2023-10-15,Lampang,Bangkok,Installment,Cancelled,,ส่งไวมาก ประทับใจ,No,,1.43
103860,2372,Somchai Phetcharat,somchai.phetcharat455@outlook.com,Ultra Charger 175,Electronics,1545.88,6,15.0,7883.99,2023-04-07,Hat Yai,Nonthaburi,COD,Shipped,5.0,,Yes,3.0,3.11
101690,2009,Prasert Yodying,prasert.yodying565@outlook.com,Eco Speaker 825,Electronics,342.18,1,0.0,342.18,2023-11-26,Trang,Nakhon Ratchasima,TrueMoney Wallet,Completed,4.0,ใช้งานได้ตามที่คาดหวัง,No,14.0,0.88
104349,2978,Anan Chantra,anan.chantra312@outlook.com,Smart Charger 338,Fashion,386.0,2,15.0,656.2,2025-01-12,Bangkok,Udon Thani,TrueMoney Wallet,Returned,1.0,,Yes,7.0,
101548,1217,Siriporn Saelim,siriporn.saelim81@gmail.com,Smart Jacket 776,Automotive,165.39,6,0.0,992.34,2024-06-23,Pattaya,Khon Kaen,,Returned,3.0,ใช้งานได้ตามที่คาดหวัง,,11.0,1.6
101247,2906,Wilai Phetcharat,wilai.phetcharat256@yahoo.com,Lite Speaker 770,Fashion,657.8,4,0.0,2631.2,2024-02-09,Pattaya,Nonthaburi,Credit Card,Completed,4.0,บริการลูกค้าดีเยี่ยม,Yes,11.0,0.67
101985,1710,Ploy Wattana,,Lite Headphone 396,Beauty,228.01,7,20.0,1276.86,2025-01-13,Pattaya,Songkhla,,Completed,,สินค้าดีมาก คุ้มราคา,Yes,14.0,3.46
100294,2248,Rungnapa Chotirat,,Eco Sneaker 634,Books,1236.11,3,0.0,3708.33,2025-05-16,Buriram,Bangkok,PromptPay,Completed,,สินค้าดีมาก คุ้มราคา,No,8.0,0.62
101547,1395,Duangjai Prasertsak,duangjai.prasertsak156@outlook.com,Ultra Backpack 549,Beauty,120.71,8,10.0,869.11,2025-01-21,Khon Kaen,Chonburi,PromptPay,Completed,5.0,,No,8.0,0.12
102012,2466,Niran Yodying,niran.yodying511@hotmail.com,Eco Sneaker 770,Health,301.84,9,0.0,2716.56,2025-11-09,Krabi,Phuket,COD,Completed,,,Yes,9.0,1.03
100588,2373,Sombat Rattanakul,sombat.rattanakul184@outlook.com,Lite Backpack 145,Electronics,258.53,9,0.0,2326.77,2025-11-20,Khon Kaen,Songkhla,COD,Returned,5.0,สีไม่ตรงตามรูป,No,3.0,1.1
103329,1446,Malee Prasertsak,malee.prasertsak390@gmail.com,Smart Mouse 751,Toys,208.39,9,15.0,1594.18,2023-10-17,Udon Thani,Rayong,Installment,Completed,,,No,,
102403,2185,Kanya Prasertsak,kanya.prasertsak350@yahoo.com,Lite Pillow 297,Automotive,403.83,8,0.0,3230.64,2025-05-17,Chiang Mai,Nakhon Ratchasima,Installment,Completed,4.0,,No,,0.66
102129,2598,Malee Chotirat,malee.chotirat163@yahoo.com,Mini Wallet 518,Sports,374.83,8,20.0,2398.91,2024-05-03,,Chiang Mai,Credit Card,Completed,1.0,จะกลับมาซื้อซ้ำแน่นอน,No,4.0,3.14
104411,2896,Chaiyot Phetcharat,chaiyot.phetcharat69@gmail.com,Plus Blender 847,Electronics,729.64,3,0.0,2188.92,2024-10-14,Pattaya,Chonburi,COD,Completed,3.0,ใช้งานได้ตามที่คาดหวัง,Yes,,0.7
103508,2458,Niran Chotirat,niran.chotirat91@yahoo.com,Mini Speaker 348,Automotive,368.62,4,0.0,1474.48,2023-09-16,Khon Kaen,Bangkok,,Completed,5.0,,No,3.0,0.77
102410,2547,Duangjai Saelim,duangjai.saelim898@outlook.com,Plus Speaker 390,Home & Living,313.07,7,0.0,2191.49,2023-12-26,Chiang Mai,Nakhon Ratchasima,COD,Completed,5.0,,Yes,9.0,1.05
102719,2628,Anucha Kaewkla,anucha.kaewkla876@outlook.com,Mini Charger 197,Electronics,602.64,1,0.0,602.64,2025-06-04,Sakon Nakhon,Khon Kaen,,Completed,,,No,12.0,0.49
104577,1958,Thawatchai Boonmee,,Eco Wallet 363,Sports,754.22,6,10.0,4072.79,2024-06-11,Phuket,Nakhon Ratchasima,Installment,Completed,4.0,,Yes,,0.62
100425,2919,Chatchai Phetcharat,chatchai.phetcharat324@gmail.com,Smart Jacket 619,Fashion,140.04,9,,1197.34,2025-08-14,Chiang Rai,Bangkok,Bank Transfer,Cancelled,5.0,,Yes,8.0,1.78
102582,2170,Orawan Chotirat,orawan.chotirat833@outlook.com,Ultra Wallet 870,Automotive,377.4,5,5.0,1792.65,2023-07-07,Surat Thani,Rayong,TrueMoney Wallet,Processing,4.0,ของมาช้ากว่ากำหนด,No,13.0,0.3
101054,1456,Duangjai Yodying,duangjai.yodying85@gmail.com,Plus Sneaker 136,Books,1542.82,6,0.0,9256.92,2024-12-12,Hat Yai,Nakhon Ratchasima,PromptPay,Shipped,2.0,,Yes,,1.84
104019,2317,Anan Prasertsak,anan.prasertsak671@yahoo.com,Pro Watch 614,Health,406.42,5,,2032.1,2025-07-31,Nonthaburi,Chonburi,PromptPay,Processing,5.0,สินค้าดีมาก คุ้มราคา,Yes,1.0,1.04
104585,2289,Orawan Wongsawat,orawan.wongsawat984@gmail.com,Plus Pillow 854,Groceries,589.58,8,0.0,4716.64,2025-03-11,Nong Khai,Rayong,Bank Transfer,Completed,,,No,8.0,0.94
100556,1050,Niran Panyawong,niran.panyawong804@outlook.com,Pro Desk 989,Beauty,175.35,4,0.0,701.4,2025-09-12,Chiang Mai,Nakhon Ratchasima,TrueMoney Wallet,Returned,4.0,,No,12.0,0.81
104381,1660,Nittaya Chotirat,nittaya.chotirat821@gmail.com,Smart Pillow 843,Health,1095.67,1,15.0,931.32,2025-06-29,Udon Thani,Phuket,COD,Shipped,5.0,บริการลูกค้าดีเยี่ยม,No,3.0,1.68
103990,1422,Yupin Prasertsak,yupin.prasertsak811@hotmail.com,Smart Backpack 917,Home & Living,144.73,3,0.0,434.19,2024-05-21,Nonthaburi,Phuket,Credit Card,Returned,,ส่งไวมาก ประทับใจ,No,4.0,0.2
104818,2909,Somsri Chaiyaporn,somsri.chaiyaporn368@yahoo.com,Ultra Sneaker 501,Automotive,456.94,2,0.0,913.88,2024-08-10,Bangkok,Songkhla,COD,Completed,5.0,สีไม่ตรงตามรูป,No,,
102469,1273,Thawatchai Naruemon,thawatchai.naruemon853@gmail.com,Ultra Mouse 833,Beauty,270.16,6,15.0,1377.82,2024-06-15,Ubon Ratchathani,Udon Thani,TrueMoney Wallet,Cancelled,5.0,,Yes,6.0,0.12
104734,1169,Suchart Chantra,suchart.chantra686@outlook.com,Mini Camera 876,Toys,597.55,3,0.0,1792.65,2024-04-27,Ubon Ratchathani,Songkhla,Installment,Cancelled,4.0,,No,10.0,0.38
100355,1472,Chaiyot Phetcharat,chaiyot.phetcharat47@hotmail.com,Pro Desk 917,Toys,915.78,3,5.0,2609.97,2023-07-13,Phuket,Chiang Mai,TrueMoney Wallet,Processing,,จะกลับมาซื้อซ้ำแน่นอน,Yes,1.0,0.74
101193,2753,Wilai Intharak,wilai.intharak914@outlook.com,Lite Backpack 358,Books,284.73,2,0.0,569.46,2025-09-22,Lampang,Nakhon Ratchasima,PromptPay,Completed,,บริการลูกค้าดีเยี่ยม,,12.0,0.39
101716,2823,Suchart Chotirat,suchart.chotirat530@hotmail.com,Smart Wallet 704,Home & Living,1255.91,9,0.0,11303.19,2024-11-22,Surat Thani,Bangkok,PromptPay,Cancelled,,,Yes,5.0,4.5
103416,2446,Ploy Intharak,ploy.intharak594@gmail.com,Max Backpack 352,Automotive,398.69,5,0.0,1993.45,2023-07-21,Nakhon Ratchasima,Chiang Mai,Credit Card,Completed,4.0,บริการลูกค้าดีเยี่ยม,Yes,4.0,3.4
102604,2082,Wichai Intharak,wichai.intharak392@gmail.com,Lite Notebook 948,Automotive,2422.88,5,0.0,12114.4,2025-12-19,Nakhon Si Thammarat,Bangkok,Installment,Shipped,5.0,,Yes,12.0,0.91
104151,1923,Suree Wongsawat,suree.wongsawat406@hotmail.com,Lite Jacket 591,Fashion,435.65,2,5.0,827.73,2023-11-14,Nonthaburi,Chonburi,Bank Transfer,Completed,,บริการลูกค้าดีเยี่ยม,No,14.0,0.93
102828,1113,Thawatchai Wattana,thawatchai.wattana485@hotmail.com,Eco Jacket 472,Books,372.34,7,0.0,2606.38,2024-02-16,Nakhon Si Thammarat,Khon Kaen,Credit Card,Completed,,คุณภาพต่ำกว่าที่คิด,No,,0.19
101704,1054,Wichai Kaewkla,wichai.kaewkla27@hotmail.com,Pro Notebook 818,Automotive,713.14,8,15.0,4849.35,2023-10-31,Chiang Mai,Rayong,COD,Completed,1.0,,No,1.0,0.23
102863,1687,Pichit Yodying,pichit.yodying935@outlook.com,Max Headphone 501,Electronics,1082.92,9,0.0,9746.28,2025-08-20,Nakhon Ratchasima,Nonthaburi,Credit Card,Shipped,,ของมาช้ากว่ากำหนด,No,4.0,0.75
102618,2840,Anan Naruemon,anan.naruemon608@hotmail.com,Plus Mouse 192,Automotive,210.96,7,0.0,1476.72,2025-12-09,Rayong,Bangkok,Bank Transfer,Returned,4.0,,No,11.0,0.13
102400,2915,Nittaya Sukjai,nittaya.sukjai691@hotmail.com,Mini Charger 734,Automotive,341.62,8,5.0,2596.31,2025-11-21,Udon Thani,Udon Thani,Installment,Shipped,3.0,,No,13.0,4.42
102139,1217,Kanya Kaewkla,,Smart Wallet 869,Fashion,355.42,8,0.0,2843.36,2024-09-14,Lampang,Songkhla,TrueMoney Wallet,Completed,,จะกลับมาซื้อซ้ำแน่นอน,Yes,3.0,0.51
103239,2689,Ploy Naruemon,ploy.naruemon705@outlook.com,Mini Camera 469,Groceries,372.85,4,,1491.4,2023-10-01,Rayong,Udon Thani,,Completed,5.0,,Yes,12.0,0.44
102383,2463,Nittaya Wattana,,Smart Backpack 228,Books,473.24,8,0.0,3785.92,2025-02-21,Chiang Rai,Nonthaburi,,Completed,,,No,8.0,7.02
103218,2523,,suchart.thongdee781@outlook.com,Smart Headphone 219,Sports,379.86,1,0.0,379.86,2023-07-15,Hat Yai,Chonburi,COD,Completed,,บริการลูกค้าดีเยี่ยม,Yes,7.0,1.55
103794,1926,Anan Sukjai,anan.sukjai235@gmail.com,Smart Pillow 300,Home & Living,654.16,8,0.0,5233.28,2024-08-31,Hat Yai,Nakhon Ratchasima,Installment,Completed,5.0,ส่งไวมาก ประทับใจ,Yes,14.0,0.92
101285,1424,Ploy Phetcharat,ploy.phetcharat312@gmail.com,Max Jacket 285,Books,834.28,3,0.0,2502.84,2024-04-18,Nakhon Ratchasima,Bangkok,Bank Transfer,Returned,,แพ็คเกจไม่แน่นหนา,No,8.0,0.72
103846,2885,Malee Prasertsak,malee.prasertsak230@hotmail.com,Pro Headphone 639,Electronics,660.42,5,15.0,2806.78,2023-04-08,Hat Yai,Rayong,Bank Transfer,Shipped,5.0,,Yes,10.0,0.84
103891,2687,Wichai Saelim,wichai.saelim324@gmail.com,Plus Desk 478,Home & Living,431.62,2,10.0,776.92,2024-03-08,Surat Thani,Nonthaburi,PromptPay,Shipped,5.0,ใช้งานได้ตามที่คาดหวัง,No,4.0,0.94
104546,2693,Kanya Sukjai,kanya.sukjai176@outlook.com,Smart Keyboard 320,Books,470.09,5,0.0,2350.45,2024-07-11,Ubon Ratchathani,Nakhon Ratchasima,Installment,Cancelled,,,No,3.0,2.12
102087,2165,,prasert.meesuk309@yahoo.com,Eco Jacket 497,Books,280.68,9,20.0,2020.9,2023-04-30,Ubon Ratchathani,Chiang Mai,COD,Completed,3.0,แพ็คเกจไม่แน่นหนา,No,6.0,1.93
101889,1675,Suree Naruemon,suree.naruemon14@hotmail.com,Ultra Pillow 224,Health,250.01,3,25.0,562.52,2023-08-13,Nonthaburi,Udon Thani,Bank Transfer,Shipped,,,No,4.0,0.21
103554,2584,Anucha Rattanakul,anucha.rattanakul215@yahoo.com,Lite Watch 213,Toys,246.96,1,5.0,234.61,2023-02-06,Surat Thani,Khon Kaen,PromptPay,Completed,5.0,โอเคสำหรับราคานี้,Yes,3.0,2.0
101591,2205,,,Eco Blender 923,Health,627.23,7,5.0,4171.08,2023-10-23,Udon Thani,Nakhon Ratchasima,TrueMoney Wallet,Cancelled,5.0,,Yes,6.0,1.78
101346,2458,Wilai Chotirat,wilai.chotirat419@yahoo.com,Ultra Backpack 580,Sports,236.71,9,5.0,2023.87,2025-06-10,Nonthaburi,Nakhon Ratchasima,Installment,Processing,5.0,แพ็คเกจไม่แน่นหนา,No,5.0,1.93
104454,1729,Suree Yodying,suree.yodying44@yahoo.com,Smart Bottle 365,Books,,1,15.0,1055.23,2024-08-26,Phuket,Chonburi,TrueMoney Wallet,Cancelled,,แพ็คเกจไม่แน่นหนา,No,10.0,3.75
102162,1849,,kanya.thongdee329@gmail.com,Eco Chair 976,Books,141.11,8,15.0,959.55,2024-06-17,Hat Yai,Chonburi,PromptPay,Completed,,,No,13.0,1.99
102396,2410,Chomphunut Wongsawat,chomphunut.wongsawat460@outlook.com,Pro Desk 110,Groceries,702.1,7,0.0,4914.7,2024-06-11,,Rayong,COD,Completed,,ของมาช้ากว่ากำหนด,No,4.0,6.27
103693,2514,Suchart Srisuk,suchart.srisuk32@gmail.com,Pro Chair 399,Groceries,1038.7,5,10.0,4674.15,2023-09-30,Chiang Mai,Udon Thani,Credit Card,Completed,,แพ็คเกจไม่แน่นหนา,Yes,9.0,0.8
102271,2574,Somkiat Kaewkla,somkiat.kaewkla287@gmail.com,Ultra Charger 417,Beauty,216.19,5,15.0,918.81,2024-07-12,Pattaya,Rayong,PromptPay,Completed,,,Yes,6.0,3.86
104513,2727,Chatchai Rattanakul,chatchai.rattanakul990@outlook.com,Pro Headphone 910,Beauty,624.82,5,5.0,2967.9,2024-09-16,Surat Thani,Songkhla,Credit Card,Completed,5.0,บริการลูกค้าดีเยี่ยม,No,9.0,0.69
103111,2125,Suree Wongsawat,,Mini Desk 742,Home & Living,399.42,5,0.0,1997.1,2023-04-08,Sakon Nakhon,Udon Thani,Installment,Shipped,,,No,2.0,3.24
101137,1068,Nittaya Saelim,nittaya.saelim826@outlook.com,Ultra Blender 174,Books,335.88,1,5.0,319.09,2023-12-29,Buriram,Khon Kaen,PromptPay,Returned,,,Yes,5.0,6.17
103947,2911,Pranee Kaewkla,pranee.kaewkla42@yahoo.com,Eco Keyboard 473,Home & Living,1781.79,2,0.0,3563.58,2023-09-04,Surat Thani,Udon Thani,TrueMoney Wallet,Processing,4.0,แพ็คเกจไม่แน่นหนา,No,10.0,1.71
100972,2201,Chomphunut Saelim,chomphunut.saelim670@outlook.com,Max Sneaker 820,Electronics,232.72,9,10.0,1885.03,2025-03-12,Nonthaburi,Rayong,Installment,Shipped,,ส่งไวมาก ประทับใจ,No,14.0,0.29
100795,1444,Chaiyot Wattana,chaiyot.wattana821@hotmail.com,Smart Blender 449,Home & Living,810.79,1,10.0,729.71,2023-09-02,Nong Khai,Phuket,COD,Processing,4.0,คุณภาพต่ำกว่าที่คิด,Yes,14.0,0.73
103020,2708,Ratana Intharak,ratana.intharak646@gmail.com,Lite Blender 201,Toys,385.86,4,10.0,1389.1,2023-09-04,Phuket,Chiang Mai,PromptPay,Processing,,ส่งไวมาก ประทับใจ,No,,1.15
101711,1161,Thawatchai Meesuk,thawatchai.meesuk849@gmail.com,Plus Jacket 787,Automotive,196.51,8,10.0,1414.87,2023-07-12,Hat Yai,Khon Kaen,Bank Transfer,Completed,4.0,แพ็คเกจไม่แน่นหนา,Yes,8.0,1.4
103387,2508,Suchart Rattanakul,suchart.rattanakul919@hotmail.com,Max Lamp 285,Books,705.89,8,0.0,5647.12,2024-05-17,Chiang Mai,Phuket,Installment,Processing,,ของมาช้ากว่ากำหนด,No,3.0,0.45
100036,1747,Yupin Rattanakul,yupin.rattanakul940@gmail.com,Eco Notebook 250,Fashion,267.33,1,10.0,240.6,2023-08-19,Rayong,Nakhon Ratchasima,PromptPay,Completed,5.0,จะกลับมาซื้อซ้ำแน่นอน,No,8.0,0.68
100453,1283,Kanya Sinthop,,Ultra Jacket 357,Books,504.01,4,0.0,2016.04,2023-01-31,Pattaya,Rayong,COD,Completed,5.0,,Yes,5.0,4.46
100913,2432,Wichai Prasertsak,wichai.prasertsak955@outlook.com,Max Camera 551,Groceries,466.29,3,0.0,1398.87,2024-03-11,Khon Kaen,Khon Kaen,TrueMoney Wallet,Cancelled,,คุณภาพต่ำกว่าที่คิด,Yes,11.0,1.08
104111,1282,Suchart Wattana,,Smart Charger 698,Fashion,448.29,8,10.0,3227.69,2023-04-08,Khon Kaen,Nakhon Ratchasima,COD,Returned,5.0,ใช้งานได้ตามที่คาดหวัง,No,6.0,1.48
101199,1046,Suree Wattana,suree.wattana912@hotmail.com,Pro Notebook 853,Home & Living,826.97,6,30.0,3473.27,2024-08-20,Sakon Nakhon,Nakhon Ratchasima,Bank Transfer,Completed,5.0,โอเคสำหรับราคานี้,No,9.0,1.04
101274,1227,Rungnapa Phetcharat,rungnapa.phetcharat253@yahoo.com,Max Headphone 451,Electronics,637.54,8,0.0,5100.32,2025-09-28,Buriram,Songkhla,COD,Shipped,4.0,คุณภาพต่ำกว่าที่คิด,No,8.0,0.79
102375,2107,Orawan Chantra,orawan.chantra979@gmail.com,Pro Headphone 458,Fashion,356.87,6,10.0,1927.1,2023-09-04,Krabi,Chiang Mai,Installment,Completed,,ใช้งานได้ตามที่คาดหวัง,No,4.0,
100037,1856,Chaiyot Prasertsak,chaiyot.prasertsak526@gmail.com,Max Pillow 432,Beauty,1287.47,2,0.0,2574.94,2024-06-22,Pattaya,Songkhla,Credit Card,Completed,3.0,ส่งไวมาก ประทับใจ,No,4.0,2.1
100974,1731,Anucha Chantra,anucha.chantra229@yahoo.com,Eco Desk 431,Sports,349.77,9,15.0,2675.74,2025-11-23,Ubon Ratchathani,Nonthaburi,Credit Card,Completed,5.0,,No,11.0,0.34
103195,1626,Chaiyot Wattana,chaiyot.wattana782@hotmail.com,Smart Blender 577,Home & Living,796.44,4,0.0,3185.76,2023-09-19,Krabi,Chonburi,COD,Completed,,,Yes,,0.57
100983,2224,Anucha Intharak,anucha.intharak591@gmail.com,Plus Desk 543,Sports,922.8,3,0.0,2768.4,2023-05-11,Surat Thani,Nonthaburi,PromptPay,Completed,4.0,,,11.0,1.5
103956,2154,Nittaya Sukjai,nittaya.sukjai37@yahoo.com,Pro Headphone 644,Beauty,536.95,9,0.0,4832.55,2025-04-26,Trang,Phuket,COD,Completed,4.0,,No,5.0,1.98
104104,2291,Malee Naruemon,malee.naruemon84@outlook.com,Smart Pillow 446,Beauty,807.85,8,20.0,5170.24,2025-04-10,Chiang Mai,Bangkok,Credit Card,Cancelled,3.0,แพ็คเกจไม่แน่นหนา,Yes,3.0,3.18
101418,2855,Siriporn Yodying,siriporn.yodying122@yahoo.com,Ultra Headphone 338,Health,488.16,7,0.0,3417.12,2024-05-10,Nakhon Ratchasima,Songkhla,TrueMoney Wallet,Processing,3.0,สีไม่ตรงตามรูป,No,4.0,3.3
103332,2884,Somchai Chaiyaporn,somchai.chaiyaporn211@outlook.com,Eco Charger 464,Fashion,582.47,4,,1630.92,2024-12-13,Pattaya,Khon Kaen,Credit Card,Completed,3.0,,Yes,3.0,1.09
101560,2003,Thawatchai Yodying,,Mini Jacket 619,Sports,657.5,1,0.0,657.5,2025-03-12,Nonthaburi,Udon Thani,,Completed,4.0,บริการลูกค้าดีเยี่ยม,No,1.0,1.41
100039,1474,Malee Chantra,malee.chantra423@gmail.com,Mini Mouse 779,Groceries,311.82,9,10.0,2525.74,2025-03-29,Udon Thani,Nakhon Ratchasima,COD,Shipped,4.0,แพ็คเกจไม่แน่นหนา,Yes,10.0,1.46
101486,1156,Chomphunut Chaiyaporn,chomphunut.chaiyaporn482@outlook.com,Smart Pillow 641,Beauty,263.07,1,0.0,263.07,2023-09-30,Surat Thani,Chonburi,PromptPay,Shipped,4.0,บริการลูกค้าดีเยี่ยม,No,4.0,1.21
103935,1671,Orawan Yodying,orawan.yodying364@outlook.com,Plus Jacket 438,Fashion,,3,0.0,1919.01,2025-07-14,Ubon Ratchathani,Chonburi,Credit Card,Completed,,คุณภาพต่ำกว่าที่คิด,Yes,3.0,0.33
100169,1098,Thawatchai Phetcharat,thawatchai.phetcharat807@hotmail.com,Max Charger 522,Electronics,909.46,3,25.0,2046.28,2025-06-25,Chiang Rai,Nonthaburi,Credit Card,Completed,3.0,,No,1.0,1.64
101355,1723,Orawan Thongdee,orawan.thongdee969@yahoo.com,Plus Desk 794,Sports,114.99,6,20.0,551.95,2023-06-20,Nong Khai,Phuket,Bank Transfer,Completed,4.0,,No,6.0,0.52
102785,2329,Ploy Srisuk,ploy.srisuk766@hotmail.com,Eco Jacket 377,Electronics,516.64,8,0.0,4133.12,2025-04-02,Hat Yai,Udon Thani,Installment,Cancelled,,,Yes,6.0,1.74
103682,2899,Chaiyot Intharak,chaiyot.intharak979@hotmail.com,Eco Desk 796,Toys,703.53,7,25.0,3693.53,2024-08-23,Trang,Songkhla,Installment,Completed,4.0,,No,4.0,0.71
104772,2132,Ploy Yodying,ploy.yodying242@outlook.com,Plus Headphone 496,Electronics,216.41,4,20.0,692.51,2023-02-21,Chiang Rai,Khon Kaen,PromptPay,Completed,5.0,ส่งไวมาก ประทับใจ,No,1.0,0.87
104713,1556,Niran Chotirat,niran.chotirat750@yahoo.com,Plus Speaker 591,Home & Living,310.86,7,30.0,1523.21,2025-07-05,Nonthaburi,Khon Kaen,Installment,Returned,1.0,,No,10.0,1.41
102682,1552,Wilai Saelim,wilai.saelim80@hotmail.com,Pro Charger 724,Beauty,901.07,4,15.0,3063.64,2024-01-26,Surat Thani,Chiang Mai,Bank Transfer,Shipped,,ใช้งานได้ตามที่คาดหวัง,No,4.0,1.89
104728,1541,Pichit Chotirat,pichit.chotirat272@outlook.com,Lite Notebook 300,Automotive,455.84,9,0.0,4102.56,2023-06-23,Khon Kaen,Chonburi,TrueMoney Wallet,Completed,3.0,,No,11.0,0.37
104078,1306,Suree Kaewkla,suree.kaewkla614@hotmail.com,Pro Lamp 658,Groceries,698.45,1,0.0,698.45,2025-10-05,Phuket,Songkhla,Credit Card,Processing,,บริการลูกค้าดีเยี่ยม,No,7.0,1.61
101640,2184,Anucha Chantra,anucha.chantra843@gmail.com,Smart Camera 388,Automotive,771.19,4,5.0,2930.52,2024-03-11,Buriram,Khon Kaen,Credit Card,Completed,,ส่งไวมาก ประทับใจ,No,2.0,2.41
101290,2343,Chomphunut Rattanakul,chomphunut.rattanakul761@yahoo.com,Lite Wallet 936,Home & Living,463.25,6,5.0,2640.52,2023-11-17,Ubon Ratchathani,Nonthaburi,PromptPay,Shipped,4.0,,Yes,1.0,0.25
101380,1171,Sombat Prasertsak,sombat.prasertsak745@gmail.com,Max Charger 893,Sports,333.02,6,5.0,1898.21,2024-07-26,Surat Thani,Phuket,Installment,Returned,5.0,บริการลูกค้าดีเยี่ยม,Yes,9.0,0.47
101933,2062,Siriporn Kaewkla,siriporn.kaewkla982@gmail.com,Plus Wallet 237,Groceries,513.65,7,0.0,3595.55,2025-05-19,Nakhon Si Thammarat,Songkhla,Installment,Completed,2.0,,Yes,1.0,0.36
100579,2003,Sombat Phetcharat,sombat.phetcharat532@yahoo.com,Lite Mouse 171,Sports,545.61,9,0.0,4910.49,2025-03-08,Rayong,Nakhon Ratchasima,Installment,Processing,1.0,โอเคสำหรับราคานี้,No,4.0,1.38
104242,2683,Orawan Intharak,orawan.intharak391@hotmail.com,Smart Sneaker 444,Books,669.02,6,15.0,3412.0,2023-06-10,Buriram,Chonburi,Installment,Shipped,1.0,,Yes,7.0,0.76
103160,1353,Chomphunut Meesuk,chomphunut.meesuk550@gmail.com,Plus Lamp 178,Groceries,321.97,4,0.0,1287.88,2025-05-03,Chiang Rai,Chonburi,PromptPay,Returned,5.0,,Yes,6.0,4.05
102030,1982,Nittaya Chantra,nittaya.chantra977@gmail.com,Eco Keyboard 284,Books,1000.18,2,0.0,2000.36,2023-12-24,Chiang Rai,Songkhla,COD,Cancelled,5.0,ส่งไวมาก ประทับใจ,No,,1.22
100892,1652,Pichit Yodying,pichit.yodying187@gmail.com,Eco Speaker 857,Toys,954.6,6,0.0,5727.6,2023-11-29,Sakon Nakhon,Chiang Mai,PromptPay,Completed,5.0,สีไม่ตรงตามรูป,No,13.0,2.34
104004,1021,Ratana Chantra,ratana.chantra270@hotmail.com,Smart Jacket 203,Electronics,121.19,3,0.0,,2023-04-30,Chiang Mai,Chiang Mai,Installment,Completed,5.0,,No,2.0,2.63
100780,1872,Anucha Meesuk,anucha.meesuk384@outlook.com,Lite Headphone 464,Books,440.44,9,5.0,3765.76,2024-05-25,Udon Thani,Nakhon Ratchasima,TrueMoney Wallet,Completed,5.0,,No,10.0,0.62
100159,2863,Prasert Naruemon,prasert.naruemon126@hotmail.com,Max Notebook 279,Groceries,1514.58,4,0.0,6058.32,2023-10-22,Bangkok,Bangkok,COD,Shipped,5.0,สีไม่ตรงตามรูป,No,12.0,0.17
100002,1860,Kanya Meesuk,kanya.meesuk167@outlook.com,Mini Desk 773,Groceries,704.33,8,0.0,5634.64,2025-07-23,Buriram,Songkhla,Credit Card,Completed,5.0,,No,10.0,0.95
102263,2054,Ploy Phetcharat,,Smart Sneaker 933,Automotive,904.44,5,0.0,4522.2,2023-12-16,Pattaya,Chiang Mai,COD,Returned,1.0,ใช้งานได้ตามที่คาดหวัง,No,3.0,0.85
103216,1459,Chomphunut Prasertsak,chomphunut.prasertsak461@yahoo.com,Pro Notebook 534,Beauty,814.6,9,0.0,7331.4,2023-05-02,Bangkok,Bangkok,PromptPay,Cancelled,5.0,จะกลับมาซื้อซ้ำแน่นอน,Yes,8.0,1.03
102109,1938,Prasert Thongdee,,Max Chair 255,Electronics,804.92,3,0.0,2414.76,2023-02-11,Bangkok,Chiang Mai,COD,Completed,4.0,จะกลับมาซื้อซ้ำแน่นอน,No,9.0,1.46
100849,2197,Suchart Sinthop,suchart.sinthop790@yahoo.com,Pro Wallet 233,Books,374.69,8,5.0,2847.64,2025-03-20,Sakon Nakhon,Udon Thani,Credit Card,Processing,,สินค้าดีมาก คุ้มราคา,Yes,14.0,0.13
102737,2956,Pranee Sinthop,pranee.sinthop281@gmail.com,Lite Charger 444,Electronics,547.63,9,10.0,4435.8,2023-01-18,Chiang Rai,Nakhon Ratchasima,TrueMoney Wallet,Cancelled,,ส่งไวมาก ประทับใจ,No,,1.82
102466,1720,Yupin Sukjai,yupin.sukjai29@gmail.com,Plus Headphone 703,Health,977.38,8,10.0,7037.14,2025-12-08,Nakhon Ratchasima,Bangkok,PromptPay,Completed,,,Yes,3.0,0.68
104612,2856,Kittisak Phetcharat,kittisak.phetcharat235@outlook.com,Plus Camera 813,Toys,378.48,2,25.0,567.72,2023-01-02,Pattaya,Rayong,PromptPay,Shipped,,ส่งไวมาก ประทับใจ,No,3.0,0.34
103901,2243,Ploy Thongdee,ploy.thongdee372@yahoo.com,Max Watch 638,Beauty,291.54,8,15.0,1982.47,2025-09-02,Lampang,Khon Kaen,COD,Returned,4.0,,No,10.0,0.3
101596,2973,Boonmee Yodying,boonmee.yodying896@outlook.com,Eco Keyboard 363,Fashion,259.58,4,0.0,1038.32,2025-11-09,Chiang Mai,Songkhla,Bank Transfer,Cancelled,3.0,จะกลับมาซื้อซ้ำแน่นอน,Yes,7.0,1.61
101776,2546,Ploy Thongdee,ploy.thongdee494@hotmail.com,Pro Speaker 341,Books,798.54,1,5.0,758.61,2025-07-13,Bangkok,Nonthaburi,Installment,Completed,4.0,,Yes,11.0,2.75
101913,2872,Siriporn Thongdee,siriporn.thongdee30@outlook.com,Smart Watch 352,Health,294.85,7,0.0,2063.95,2023-04-17,Phuket,Chiang Mai,COD,Processing,5.0,บริการลูกค้าดีเยี่ยม,No,9.0,1.3
101043,2460,Pranee Kaewkla,pranee.kaewkla251@gmail.com,Mini Sneaker 998,Automotive,1133.5,5,0.0,5667.5,2023-03-18,Khon Kaen,Nonthaburi,COD,Completed,5.0,ใช้งานได้ตามที่คาดหวัง,No,6.0,
104857,2251,Anan Rattanakul,anan.rattanakul499@yahoo.com,Smart Chair 978,Groceries,614.02,3,0.0,1842.06,2024-01-29,Lampang,Bangkok,Bank Transfer,Completed,4.0,,Yes,2.0,1.72
101544,1345,Chatchai Kaewkla,,Pro Sneaker 565,Groceries,440.27,5,10.0,1981.22,2024-12-19,Rayong,Chiang Mai,Installment,Completed,,,No,5.0,1.42
102736,2130,Suree Saelim,suree.saelim713@yahoo.com,Ultra Notebook 156,Electronics,597.46,1,0.0,597.46,2023-08-18,Trang,Songkhla,COD,Completed,4.0,,No,7.0,3.01
104166,1929,Sombat Intharak,sombat.intharak769@gmail.com,Max Blender 543,Groceries,233.28,8,0.0,1866.24,2025-02-09,Pattaya,Rayong,Installment,Completed,4.0,คุณภาพต่ำกว่าที่คิด,Yes,12.0,1.09
104641,2211,Somkiat Sukjai,somkiat.sukjai588@yahoo.com,Ultra Backpack 592,Home & Living,797.05,8,20.0,5101.12,2024-01-12,Phuket,Chonburi,TrueMoney Wallet,Shipped,4.0,,Yes,1.0,
100053,2590,Anan Wongsawat,anan.wongsawat217@hotmail.com,Plus Jacket 959,Electronics,817.55,9,0.0,7357.95,2024-02-18,Buriram,Nonthaburi,Credit Card,Returned,3.0,คุณภาพต่ำกว่าที่คิด,Yes,14.0,5.54
101796,2529,Anucha Panyawong,anucha.panyawong461@hotmail.com,Plus Pillow 669,Beauty,506.79,3,0.0,1520.37,2023-01-28,Chiang Rai,Nakhon Ratchasima,TrueMoney Wallet,Completed,,สีไม่ตรงตามรูป,Yes,14.0,0.87
103588,1935,Thawatchai Intharak,thawatchai.intharak107@yahoo.com,Ultra Charger 601,Books,283.91,9,0.0,2555.19,2024-04-20,Rayong,Nonthaburi,PromptPay,Completed,5.0,คุณภาพต่ำกว่าที่คิด,Yes,14.0,0.67
101911,2267,Anan Chantra,anan.chantra916@outlook.com,Eco Headphone 465,Groceries,194.27,5,,777.08,2024-04-15,Chiang Mai,Chonburi,COD,Completed,4.0,บริการลูกค้าดีเยี่ยม,Yes,,0.75
102306,2435,Suchart Wongsawat,suchart.wongsawat567@outlook.com,Lite Camera 151,Books,269.3,7,0.0,1885.1,2023-03-28,Nakhon Ratchasima,Chiang Mai,PromptPay,Returned,5.0,,No,6.0,2.08
102553,1250,,kittisak.prasertsak549@hotmail.com,Smart Jacket 164,Groceries,348.76,2,0.0,697.52,2023-12-08,Pattaya,Nakhon Ratchasima,Installment,Completed,5.0,,No,13.0,4.76
102800,2661,Thawatchai Meesuk,thawatchai.meesuk38@outlook.com,Pro Mouse 646,Books,,3,0.0,1819.41,2024-01-06,Bangkok,Chiang Mai,TrueMoney Wallet,Cancelled,,จะกลับมาซื้อซ้ำแน่นอน,No,12.0,
100936,2555,Sombat Chotirat,sombat.chotirat18@yahoo.com,Mini Notebook 308,Books,215.82,6,0.0,1294.92,2024-07-16,Buriram,Nakhon Ratchasima,Installment,Completed,,จะกลับมาซื้อซ้ำแน่นอน,No,10.0,
104149,2185,Nittaya Boonmee,nittaya.boonmee644@outlook.com,Max Sneaker 656,Electronics,535.13,9,0.0,4816.17,2023-12-04,Nong Khai,Bangkok,Installment,Completed,4.0,ของมาช้ากว่ากำหนด,No,13.0,2.14
100824,1108,Duangjai Wattana,duangjai.wattana438@gmail.com,Lite Headphone 159,Home & Living,850.49,7,0.0,5953.43,2025-07-24,Hat Yai,Songkhla,Installment,Cancelled,,,No,11.0,
104757,2188,Wichai Kaewkla,wichai.kaewkla715@yahoo.com,Plus Blender 620,Health,1051.08,6,0.0,6306.48,2024-06-05,Nakhon Si Thammarat,Chiang Mai,TrueMoney Wallet,Completed,4.0,,Yes,13.0,0.46
103178,1445,Somsri Wongsawat,somsri.wongsawat337@outlook.com,Pro Sneaker 542,Sports,572.88,1,0.0,572.88,2023-12-28,Surat Thani,Nonthaburi,TrueMoney Wallet,Shipped,1.0,,Yes,9.0,2.64
103401,2668,Siriporn Intharak,siriporn.intharak129@hotmail.com,Smart Keyboard 772,Automotive,205.57,7,0.0,1438.99,2024-01-01,Krabi,Nakhon Ratchasima,COD,Completed,3.0,สินค้าดีมาก คุ้มราคา,No,14.0,0.65
101389,1328,Malee Wattana,malee.wattana962@gmail.com,Max Pillow 188,Sports,179.79,5,0.0,898.95,2024-11-03,Pattaya,Bangkok,COD,Completed,4.0,,No,1.0,
103564,1189,Nittaya Sinthop,nittaya.sinthop655@outlook.com,Lite Speaker 791,Health,353.28,2,0.0,706.56,2023-03-07,Krabi,Rayong,COD,Returned,,สินค้าดีมาก คุ้มราคา,No,2.0,1.16
104901,1442,Somchai Kaewkla,somchai.kaewkla788@gmail.com,Ultra Blender 591,Groceries,597.16,9,0.0,5374.44,2023-06-01,Buriram,Khon Kaen,TrueMoney Wallet,Completed,4.0,,No,3.0,1.92
100884,1090,Boonmee Chantra,,Lite Pillow 371,Electronics,400.62,9,0.0,3605.58,2023-11-26,Nonthaburi,Nakhon Ratchasima,COD,Cancelled,,คุณภาพต่ำกว่าที่คิด,No,10.0,2.84
103855,2449,Malee Boonmee,malee.boonmee412@hotmail.com,Max Notebook 240,Health,262.83,1,0.0,262.83,2024-05-22,Nakhon Si Thammarat,Chonburi,COD,Shipped,,ส่งไวมาก ประทับใจ,Yes,7.0,0.92
101607,2459,Pichit Meesuk,pichit.meesuk619@outlook.com,Ultra Headphone 254,Beauty,203.72,8,5.0,1548.27,2025-06-09,Buriram,Bangkok,Installment,Shipped,5.0,,No,1.0,0.2
101594,2024,Ploy Kaewkla,ploy.kaewkla875@gmail.com,Ultra Sneaker 726,Books,469.5,3,10.0,1267.65,2024-10-24,Ubon Ratchathani,Songkhla,COD,Shipped,,โอเคสำหรับราคานี้,No,,0.82
100771,2759,Somchai Thongdee,somchai.thongdee392@hotmail.com,Mini Backpack 719,Beauty,603.37,2,0.0,1206.74,2024-07-10,Nong Khai,Chonburi,TrueMoney Wallet,Completed,3.0,,No,13.0,0.22
102611,1092,Anan Phetcharat,,Max Camera 881,Fashion,194.1,2,0.0,388.2,2025-11-26,Surat Thani,Nonthaburi,Credit Card,Completed,5.0,,No,10.0,0.35
103906,1269,Thawatchai Panyawong,thawatchai.panyawong104@hotmail.com,Eco Pillow 754,Automotive,595.54,7,0.0,4168.78,2025-06-22,Nong Khai,Phuket,TrueMoney Wallet,Completed,4.0,,Yes,,0.81
102273,1081,Yupin Rattanakul,yupin.rattanakul862@hotmail.com,Ultra Blender 939,Beauty,824.96,7,0.0,5774.72,2023-10-11,Surat Thani,Bangkok,PromptPay,Shipped,,โอเคสำหรับราคานี้,Yes,7.0,0.78
101868,2499,Prasert Saelim,prasert.saelim277@hotmail.com,Max Sneaker 286,Groceries,374.16,1,15.0,318.04,2025-11-24,Lampang,Nakhon Ratchasima,PromptPay,Returned,4.0,คุณภาพต่ำกว่าที่คิด,Yes,,0.79
101085,2757,Niran Kaewkla,niran.kaewkla712@yahoo.com,Eco Chair 497,Fashion,125.1,1,0.0,125.1,2023-12-22,Udon Thani,Songkhla,PromptPay,Completed,4.0,สีไม่ตรงตามรูป,No,1.0,3.12
100010,1466,Somchai Intharak,somchai.intharak853@yahoo.com,Ultra Camera 654,Books,416.46,7,10.0,2623.7,2025-09-16,,Chonburi,Credit Card,Shipped,4.0,แพ็คเกจไม่แน่นหนา,No,8.0,1.33
103661,1695,Sombat Naruemon,sombat.naruemon188@gmail.com,Lite Wallet 434,Sports,441.99,5,0.0,2209.95,2023-09-24,Phuket,Udon Thani,Installment,Cancelled,,,No,1.0,0.74
101325,2246,Duangjai Kaewkla,duangjai.kaewkla607@gmail.com,Mini Charger 687,Groceries,1149.46,4,0.0,4597.84,2025-06-04,Chiang Mai,Rayong,Installment,Completed,3.0,,Yes,4.0,0.13
103390,2597,Thawatchai Sinthop,thawatchai.sinthop992@outlook.com,Smart Mouse 788,Groceries,522.17,9,15.0,3994.6,2024-05-16,Chiang Rai,Udon Thani,Installment,Cancelled,2.0,โอเคสำหรับราคานี้,No,8.0,2.24
101463,1820,Chaiyot Boonmee,chaiyot.boonmee944@gmail.com,Pro Chair 877,Home & Living,1243.31,4,20.0,3978.59,2024-10-10,Rayong,Chonburi,COD,Completed,4.0,ส่งไวมาก ประทับใจ,No,12.0,2.67
100806,1850,Chaiyot Yodying,chaiyot.yodying242@gmail.com,Max Keyboard 873,Health,277.56,7,0.0,1942.92,2024-10-23,Bangkok,Nakhon Ratchasima,Credit Card,Completed,,โอเคสำหรับราคานี้,No,,1.87
103785,1210,Sombat Yodying,sombat.yodying292@yahoo.com,Eco Lamp 485,Health,117.07,1,20.0,93.66,2024-01-03,Chiang Rai,Phuket,Bank Transfer,Completed,3.0,,No,10.0,1.09
104038,1213,Chatchai Sinthop,chatchai.sinthop420@outlook.com,Max Lamp 428,Books,,4,10.0,1421.93,2023-09-03,Chiang Rai,Rayong,Installment,Completed,,คุณภาพต่ำกว่าที่คิด,No,9.0,5.73
103821,1197,Suree Saelim,suree.saelim147@yahoo.com,Plus Sneaker 606,Fashion,523.74,3,0.0,1571.22,2023-03-13,Khon Kaen,Khon Kaen,COD,Returned,3.0,จะกลับมาซื้อซ้ำแน่นอน,No,6.0,0.3
102108,1060,Chomphunut Kaewkla,chomphunut.kaewkla190@hotmail.com,Pro Notebook 823,Beauty,260.98,6,0.0,1565.88,2024-05-24,Nakhon Ratchasima,Chonburi,Bank Transfer,Returned,,คุณภาพต่ำกว่าที่คิด,Yes,,0.94
104258,1532,Anan Phetcharat,anan.phetcharat116@gmail.com,Smart Headphone 893,Sports,273.54,6,0.0,1641.24,2024-09-24,Buriram,Khon Kaen,Bank Transfer,Completed,,,Yes,9.0,0.53
104981,2708,Wichai Srisuk,wichai.srisuk836@outlook.com,Lite Jacket 404,Beauty,467.88,5,,2339.4,2024-06-04,Rayong,Khon Kaen,PromptPay,Processing,,โอเคสำหรับราคานี้,No,9.0,0.81
102234,2312,Nittaya Sinthop,nittaya.sinthop713@hotmail.com,Plus Backpack 558,Home & Living,262.32,7,5.0,1744.43,2024-12-18,Trang,Songkhla,PromptPay,Shipped,,แพ็คเกจไม่แน่นหนา,Yes,7.0,0.17
103211,2766,Suree Chotirat,suree.chotirat484@yahoo.com,Plus Keyboard 930,Groceries,1252.5,9,0.0,11272.5,2023-12-08,Chiang Rai,Chiang Mai,Installment,Shipped,,จะกลับมาซื้อซ้ำแน่นอน,No,4.0,1.15
100963,1372,Niran Boonmee,niran.boonmee682@outlook.com,Pro Mouse 955,Beauty,261.19,1,15.0,222.01,2024-12-04,Chiang Rai,Rayong,Credit Card,Returned,,,No,10.0,0.67
103415,2911,Thawatchai Thongdee,thawatchai.thongdee384@hotmail.com,Smart Desk 133,Books,394.01,4,0.0,1576.04,2024-02-02,Udon Thani,Udon Thani,Credit Card,Completed,2.0,,Yes,7.0,3.67
103803,1112,Pichit Panyawong,pichit.panyawong787@hotmail.com,Max Sneaker 436,Health,610.47,2,20.0,976.75,2025-07-07,Ubon Ratchathani,Chiang Mai,Installment,Processing,4.0,,No,9.0,0.98
100398,2875,Wilai Rattanakul,wilai.rattanakul505@hotmail.com,Lite Desk 797,Sports,668.9,6,10.0,3612.06,2024-10-08,Krabi,Bangkok,Bank Transfer,Completed,,,Yes,6.0,0.85
102632,1955,Ploy Wongsawat,ploy.wongsawat321@hotmail.com,Mini Chair 266,Sports,360.65,1,0.0,360.65,2023-09-10,Chiang Rai,Songkhla,,Completed,3.0,แพ็คเกจไม่แน่นหนา,No,6.0,0.54
104929,2309,Malee Saelim,malee.saelim117@outlook.com,Eco Pillow 404,Automotive,331.75,6,0.0,1990.5,2023-02-28,Krabi,Nonthaburi,COD,Completed,4.0,,No,7.0,3.78
102996,2286,Rungnapa Chotirat,rungnapa.chotirat86@hotmail.com,Pro Sneaker 286,Beauty,953.14,6,5.0,,2025-12-02,Udon Thani,Chiang Mai,PromptPay,Completed,4.0,,No,8.0,1.14
100704,1379,Rungnapa Kaewkla,rungnapa.kaewkla335@outlook.com,Max Watch 438,Health,299.13,2,0.0,598.26,2025-12-29,,Chiang Mai,PromptPay,Completed,,,No,2.0,0.15
100431,2056,Prasert Naruemon,prasert.naruemon981@gmail.com,Eco Sneaker 465,Beauty,338.9,5,0.0,1694.5,2023-12-14,Krabi,Nakhon Ratchasima,PromptPay,Completed,,ส่งไวมาก ประทับใจ,No,3.0,3.29
100292,1854,Duangjai Kaewkla,duangjai.kaewkla198@gmail.com,Smart Camera 990,Toys,244.65,7,0.0,1712.55,2023-09-14,Chiang Mai,Bangkok,Credit Card,Returned,3.0,ของมาช้ากว่ากำหนด,Yes,10.0,0.79
104894,1736,Chaiyot Sukjai,chaiyot.sukjai975@outlook.com,Max Lamp 692,Books,590.86,5,5.0,2806.58,2024-11-12,Krabi,Udon Thani,TrueMoney Wallet,Completed,5.0,,Yes,8.0,1.02
100145,1592,Ratana Thongdee,ratana.thongdee986@gmail.com,Pro Blender 898,Electronics,397.27,4,,1589.08,2023-11-03,Surat Thani,Chiang Mai,Credit Card,Returned,,แพ็คเกจไม่แน่นหนา,,8.0,2.32
104168,2405,Kanya Boonmee,kanya.boonmee559@gmail.com,Ultra Wallet 982,Automotive,562.82,1,10.0,506.54,2025-09-02,Nakhon Si Thammarat,Udon Thani,COD,Completed,4.0,,Yes,,2.9
102033,2550,Ploy Yodying,ploy.yodying443@gmail.com,Ultra Speaker 196,Electronics,2024.73,6,0.0,12148.38,2025-03-27,Lampang,Khon Kaen,Installment,Completed,5.0,,No,9.0,2.56
104228,1288,Sombat Wongsawat,,Lite Headphone 852,Beauty,669.99,2,0.0,1339.98,2024-08-20,Bangkok,Bangkok,Credit Card,Completed,4.0,,No,10.0,2.6
101165,2887,Kittisak Boonmee,kittisak.boonmee694@hotmail.com,Eco Blender 811,Toys,219.08,6,30.0,920.14,2025-04-10,Udon Thani,Nakhon Ratchasima,Bank Transfer,Shipped,,,No,14.0,0.78
103500,2031,Nittaya Intharak,nittaya.intharak897@yahoo.com,Lite Chair 706,Home & Living,1694.94,5,0.0,8474.7,2023-01-16,Surat Thani,Chiang Mai,Bank Transfer,Shipped,5.0,คุณภาพต่ำกว่าที่คิด,No,8.0,
102050,1738,Suchart Kaewkla,suchart.kaewkla88@yahoo.com,Mini Watch 567,Groceries,629.1,4,0.0,2516.4,2024-05-03,Sakon Nakhon,Udon Thani,PromptPay,Completed,5.0,บริการลูกค้าดีเยี่ยม,Yes,3.0,0.98
102624,1023,Suree Srisuk,suree.srisuk319@yahoo.com,Plus Sneaker 790,Sports,566.82,4,0.0,2267.28,2025-12-21,Nakhon Ratchasima,Chiang Mai,Credit Card,Completed,,,Yes,8.0,0.52
104401,2324,Wichai Naruemon,wichai.naruemon104@hotmail.com,Smart Sneaker 622,Sports,150.18,2,0.0,300.36,2025-07-23,Nong Khai,Chonburi,COD,Returned,5.0,ส่งไวมาก ประทับใจ,Yes,13.0,0.68
100339,2534,Anan Kaewkla,,Plus Speaker 943,Books,338.9,7,15.0,2016.45,2025-10-17,Bangkok,Chonburi,COD,Completed,4.0,แพ็คเกจไม่แน่นหนา,Yes,11.0,1.09
103931,2542,Sombat Wongsawat,sombat.wongsawat939@hotmail.com,Eco Jacket 150,Automotive,1002.39,7,0.0,7016.73,2024-10-03,Sakon Nakhon,Phuket,Bank Transfer,Completed,,,No,4.0,2.61
103722,2043,Thawatchai Intharak,thawatchai.intharak782@hotmail.com,Plus Keyboard 417,Toys,1256.0,4,0.0,5024.0,2023-01-05,Nakhon Si Thammarat,Chiang Mai,Installment,Returned,,สินค้าดีมาก คุ้มราคา,Yes,10.0,5.56
102973,2007,Wichai Rattanakul,wichai.rattanakul282@yahoo.com,Lite Pillow 682,Automotive,1352.66,3,10.0,3652.18,2023-03-11,Surat Thani,Bangkok,TrueMoney Wallet,Cancelled,2.0,,Yes,1.0,
100265,2397,Pranee Wattana,pranee.wattana839@outlook.com,Pro Chair 308,Books,912.0,9,0.0,8208.0,2023-09-18,Chiang Mai,Udon Thani,PromptPay,Completed,3.0,,Yes,1.0,1.22
102424,1590,Anucha Meesuk,anucha.meesuk122@yahoo.com,Lite Charger 608,Health,206.65,7,0.0,1446.55,2024-08-07,Hat Yai,Songkhla,COD,Completed,4.0,,Yes,14.0,
101262,1536,Prasert Wattana,prasert.wattana94@gmail.com,Max Pillow 968,Books,830.7,1,0.0,830.7,2024-10-31,Nakhon Si Thammarat,Nonthaburi,Credit Card,Returned,5.0,,Yes,,0.78
101771,1513,Somchai Panyawong,somchai.panyawong118@hotmail.com,Ultra Pillow 725,Beauty,403.23,4,5.0,1532.27,2024-12-06,Pattaya,Nonthaburi,TrueMoney Wallet,Shipped,,สีไม่ตรงตามรูป,Yes,11.0,0.46
103511,1663,Ratana Chantra,ratana.chantra432@gmail.com,Max Jacket 394,Books,538.75,2,0.0,1077.5,2025-07-26,Nakhon Ratchasima,Songkhla,TrueMoney Wallet,Shipped,4.0,,No,2.0,0.43
100271,2136,Suchart Prasertsak,suchart.prasertsak580@outlook.com,Ultra Pillow 153,Books,386.38,1,30.0,270.47,2024-03-27,Chiang Rai,Udon Thani,TrueMoney Wallet,Completed,5.0,,No,6.0,1.96
100696,1895,Niran Yodying,niran.yodying474@gmail.com,Plus Camera 260,Books,428.28,1,5.0,,2025-06-13,Chiang Mai,Khon Kaen,TrueMoney Wallet,Processing,4.0,สีไม่ตรงตามรูป,Yes,10.0,0.34
100747,2098,Ploy Chantra,ploy.chantra124@hotmail.com,Lite Backpack 931,Books,565.4,5,0.0,2827.0,2024-09-06,Nakhon Ratchasima,Songkhla,COD,Returned,4.0,,No,12.0,0.67
100244,2306,Rungnapa Yodying,rungnapa.yodying148@hotmail.com,Max Watch 718,Beauty,1093.77,6,10.0,5906.36,2023-06-09,Bangkok,Bangkok,Credit Card,Completed,,,No,,1.08
100317,2633,Kittisak Rattanakul,kittisak.rattanakul731@gmail.com,Smart Speaker 130,Books,830.32,4,10.0,2989.15,2024-06-02,Nong Khai,Songkhla,Credit Card,Shipped,4.0,คุณภาพต่ำกว่าที่คิด,No,11.0,1.99
100476,2915,Duangjai Srisuk,duangjai.srisuk653@yahoo.com,Pro Bottle 413,Health,333.34,3,0.0,1000.02,2023-09-14,Lampang,Rayong,Installment,Completed,,แพ็คเกจไม่แน่นหนา,Yes,11.0,0.42
102032,1038,Malee Chaiyaporn,malee.chaiyaporn147@hotmail.com,Lite Wallet 756,Health,104.64,3,25.0,235.44,2024-04-01,Pattaya,Udon Thani,Installment,Cancelled,,สีไม่ตรงตามรูป,No,1.0,0.79
100957,1783,Anan Panyawong,anan.panyawong109@outlook.com,Pro Keyboard 382,Fashion,306.44,6,0.0,1838.64,2025-05-30,Buriram,Nonthaburi,Credit Card,Processing,,จะกลับมาซื้อซ้ำแน่นอน,No,6.0,
103867,1260,Somkiat Naruemon,somkiat.naruemon583@hotmail.com,Smart Charger 585,Home & Living,853.17,9,0.0,7678.53,2023-11-14,Nonthaburi,Nakhon Ratchasima,Installment,Completed,4.0,สินค้าดีมาก คุ้มราคา,No,2.0,2.04
100813,1395,Boonmee Boonmee,boonmee.boonmee591@outlook.com,Smart Chair 968,Beauty,570.64,6,0.0,3423.84,2025-02-22,Lampang,Khon Kaen,COD,Processing,,ส่งไวมาก ประทับใจ,No,,1.95
104193,1981,Niran Boonmee,niran.boonmee214@hotmail.com,Ultra Wallet 940,Automotive,,-1,,539.28,2025-07-15,Khon Kaen,Chonburi,Credit Card,Cancelled,5.0,,No,9.0,0.47
101914,1957,Somsri Sinthop,somsri.sinthop678@outlook.com,Smart Backpack 775,Books,198.36,7,5.0,1319.09,2023-10-30,Buriram,Phuket,Credit Card,Shipped,,แพ็คเกจไม่แน่นหนา,No,4.0,0.31
104626,2528,Yupin Sinthop,yupin.sinthop547@gmail.com,Mini Watch 866,Beauty,214.17,2,0.0,428.34,2024-01-14,Rayong,Songkhla,Bank Transfer,Completed,5.0,สินค้าดีมาก คุ้มราคา,No,6.0,0.62
103487,1078,Thawatchai Saelim,thawatchai.saelim127@hotmail.com,Lite Desk 251,Books,672.94,5,0.0,3364.7,2025-10-22,Nong Khai,Chiang Mai,Installment,Shipped,5.0,ส่งไวมาก ประทับใจ,No,5.0,0.16
101297,2764,Thawatchai Phetcharat,thawatchai.phetcharat948@gmail.com,Max Keyboard 643,Groceries,873.84,6,15.0,4456.58,2024-07-27,Surat Thani,Songkhla,COD,Shipped,,,Yes,,0.18
104083,1007,Chomphunut Wongsawat,chomphunut.wongsawat65@gmail.com,Plus Sneaker 870,Books,548.4,9,0.0,4935.6,2025-02-24,Nakhon Ratchasima,Bangkok,Bank Transfer,Completed,4.0,สินค้าดีมาก คุ้มราคา,No,13.0,1.81
101804,1058,Orawan Wattana,orawan.wattana440@hotmail.com,Max Mouse 168,Beauty,979.17,8,0.0,7833.36,2025-01-06,Nakhon Si Thammarat,Chiang Mai,Bank Transfer,Cancelled,,,No,12.0,1.77
100758,1456,Boonmee Intharak,boonmee.intharak907@hotmail.com,Lite Mouse 843,Fashion,411.24,8,0.0,3289.92,2025-06-07,Chiang Rai,Nonthaburi,COD,Completed,4.0,,No,7.0,0.69
100250,2282,Kanya Wongsawat,kanya.wongsawat967@yahoo.com,Lite Wallet 299,Books,754.91,9,0.0,6794.19,2025-01-18,Nong Khai,Songkhla,Credit Card,Completed,5.0,,Yes,9.0,2.39
102461,2367,Kittisak Wongsawat,kittisak.wongsawat621@gmail.com,Max Headphone 853,Sports,535.68,8,5.0,4071.17,2023-02-17,Trang,Bangkok,Installment,Shipped,5.0,โอเคสำหรับราคานี้,Yes,13.0,0.79
100545,1971,Thawatchai Srisuk,thawatchai.srisuk326@outlook.com,Lite Keyboard 513,Home & Living,1318.1,9,0.0,11862.9,2023-12-18,Chiang Rai,Chonburi,TrueMoney Wallet,Returned,4.0,,No,6.0,0.61
103241,2489,Malee Chotirat,malee.chotirat622@outlook.com,Smart Backpack 212,Health,641.99,8,10.0,4622.33,2023-07-09,Krabi,Chonburi,PromptPay,Returned,3.0,,Yes,1.0,3.57
100738,1417,Somkiat Rattanakul,somkiat.rattanakul817@hotmail.com,Eco Notebook 214,Books,127.03,3,0.0,381.09,2023-12-14,,Bangkok,COD,Completed,3.0,คุณภาพต่ำกว่าที่คิด,No,13.0,1.0
100310,1122,Yupin Boonmee,yupin.boonmee188@yahoo.com,Plus Chair 721,Beauty,897.93,2,5.0,1706.07,2025-09-09,Udon Thani,Bangkok,Installment,Shipped,,สินค้าดีมาก คุ้มราคา,No,6.0,1.66
103830,1123,Duangjai Chaiyaporn,duangjai.chaiyaporn7@outlook.com,Smart Backpack 188,Sports,642.2,1,0.0,642.2,2023-01-18,Bangkok,Chiang Mai,Credit Card,Cancelled,5.0,,No,1.0,0.28
102941,1943,Nittaya Phetcharat,nittaya.phetcharat649@outlook.com,Lite Chair 385,Groceries,943.87,4,20.0,3020.38,2025-02-11,Sakon Nakhon,Chiang Mai,COD,Completed,2.0,,No,,2.28
101131,2424,Thawatchai Sukjai,thawatchai.sukjai565@yahoo.com,Mini Watch 694,Fashion,286.75,6,,1720.5,2023-04-12,Udon Thani,Chiang Mai,Installment,Shipped,3.0,,No,10.0,0.7
101449,2660,Boonmee Srisuk,boonmee.srisuk142@hotmail.com,Plus Wallet 406,Home & Living,245.58,5,0.0,1227.9,2024-07-24,Trang,Songkhla,COD,Completed,3.0,,No,5.0,0.82
104944,2088,Ratana Thongdee,ratana.thongdee491@yahoo.com,Lite Charger 805,Home & Living,270.67,8,0.0,2165.36,2023-08-19,Ubon Ratchathani,Nonthaburi,PromptPay,Completed,5.0,คุณภาพต่ำกว่าที่คิด,No,8.0,0.81
100015,2396,Chatchai Thongdee,chatchai.thongdee577@outlook.com,Plus Notebook 273,Electronics,268.68,2,5.0,510.49,2023-08-28,Surat Thani,Songkhla,Credit Card,Completed,,โอเคสำหรับราคานี้,No,2.0,3.59
103232,1968,Boonmee Thongdee,boonmee.thongdee877@yahoo.com,Eco Mouse 729,Toys,424.53,2,30.0,594.34,2025-06-11,Rayong,Songkhla,PromptPay,Processing,,,No,9.0,0.78
102769,2082,Kittisak Wattana,kittisak.wattana319@yahoo.com,Smart Blender 554,Electronics,524.54,5,0.0,2622.7,2024-09-28,Chiang Mai,Nonthaburi,PromptPay,Completed,3.0,ใช้งานได้ตามที่คาดหวัง,No,12.0,0.66
103468,1571,Somsri Chotirat,somsri.chotirat304@outlook.com,Max Mouse 259,Health,815.85,5,30.0,2855.48,2023-01-06,Nakhon Si Thammarat,Nakhon Ratchasima,TrueMoney Wallet,Completed,,โอเคสำหรับราคานี้,No,1.0,0.23
100920,2579,Sombat Chotirat,sombat.chotirat682@outlook.com,Max Keyboard 717,Books,199.45,2,0.0,398.9,2023-05-17,Nonthaburi,Bangkok,PromptPay,Completed,5.0,ใช้งานได้ตามที่คาดหวัง,No,8.0,1.63
103029,1725,Yupin Rattanakul,yupin.rattanakul782@outlook.com,Pro Blender 153,Home & Living,213.03,2,0.0,426.06,2024-06-27,Nong Khai,Chonburi,Installment,Shipped,,,Yes,9.0,0.83
101372,1258,Somchai Kaewkla,somchai.kaewkla167@hotmail.com,Eco Charger 168,Electronics,194.7,6,5.0,1109.79,2024-10-12,Rayong,Udon Thani,COD,Processing,3.0,โอเคสำหรับราคานี้,Yes,1.0,4.8
103587,1272,Suchart Sukjai,,Plus Charger 316,Books,212.06,8,0.0,1696.48,2023-10-26,Hat Yai,Chiang Mai,Bank Transfer,Completed,5.0,,No,11.0,1.62
102544,1715,Niran Meesuk,niran.meesuk829@outlook.com,Mini Pillow 538,Health,477.23,4,0.0,1908.92,2023-05-03,Rayong,Bangkok,Installment,Completed,5.0,โอเคสำหรับราคานี้,Yes,14.0,3.49
103598,2649,Suree Rattanakul,suree.rattanakul149@gmail.com,Eco Notebook 332,Toys,945.23,3,0.0,2835.69,2024-10-13,Pattaya,Udon Thani,COD,Completed,4.0,ของมาช้ากว่ากำหนด,No,5.0,3.81
100038,2584,Sombat Chantra,sombat.chantra523@outlook.com,Smart Camera 775,Sports,241.14,5,15.0,1024.84,2024-07-14,Buriram,Bangkok,Installment,Completed,4.0,,No,7.0,
100363,1143,Prasert Yodying,prasert.yodying906@yahoo.com,Ultra Pillow 832,Beauty,560.86,8,30.0,3140.82,2025-10-03,Chiang Mai,Chiang Mai,Credit Card,Returned,3.0,โอเคสำหรับราคานี้,No,14.0,3.18
104331,1933,Kittisak Chaiyaporn,kittisak.chaiyaporn508@hotmail.com,Smart Desk 989,Beauty,561.19,5,25.0,2104.46,2024-09-11,Nakhon Ratchasima,Phuket,Bank Transfer,Shipped,4.0,,No,9.0,2.86
100182,2241,Thawatchai Saelim,thawatchai.saelim403@gmail.com,Smart Jacket 954,Groceries,609.44,3,0.0,1828.32,2024-09-25,Khon Kaen,Phuket,PromptPay,Completed,5.0,,No,8.0,1.15
103033,1520,Anucha Sinthop,anucha.sinthop998@outlook.com,Lite Watch 799,Sports,542.1,1,5.0,515.0,2024-05-06,Buriram,Khon Kaen,PromptPay,Completed,5.0,,No,5.0,0.2
102983,2167,Anucha Rattanakul,anucha.rattanakul555@outlook.com,Plus Keyboard 866,Groceries,1064.1,6,10.0,5746.14,2023-05-01,Ubon Ratchathani,Nonthaburi,PromptPay,Returned,5.0,,No,7.0,2.0
101194,2836,Anan Saelim,anan.saelim59@yahoo.com,Max Jacket 385,Groceries,788.27,5,0.0,3941.35,2023-08-04,Sakon Nakhon,Rayong,TrueMoney Wallet,Completed,3.0,บริการลูกค้าดีเยี่ยม,No,4.0,0.44
102852,2981,Kittisak Wongsawat,kittisak.wongsawat309@yahoo.com,Max Wallet 372,Fashion,974.75,6,5.0,5556.08,2024-02-20,Nakhon Si Thammarat,Songkhla,TrueMoney Wallet,Completed,,สีไม่ตรงตามรูป,No,8.0,1.06
103816,2019,Sombat Saelim,sombat.saelim344@outlook.com,Mini Camera 583,Sports,424.77,9,0.0,3822.93,2023-03-09,Lampang,Udon Thani,Bank Transfer,Shipped,4.0,,No,,0.23
101121,1541,Chomphunut Naruemon,chomphunut.naruemon150@hotmail.com,Ultra Camera 172,Home & Living,412.9,8,0.0,3303.2,2024-02-08,Rayong,Nonthaburi,Credit Card,Completed,5.0,ของมาช้ากว่ากำหนด,No,3.0,
102235,2285,Siriporn Intharak,siriporn.intharak441@outlook.com,Smart Desk 984,Automotive,295.15,9,0.0,2656.35,2024-08-01,,Phuket,Installment,Returned,,คุณภาพต่ำกว่าที่คิด,No,4.0,0.94
102667,2543,Boonmee Chotirat,boonmee.chotirat205@gmail.com,Max Mouse 158,Books,1291.77,9,0.0,11625.93,2023-12-25,Nonthaburi,Khon Kaen,,Completed,4.0,ส่งไวมาก ประทับใจ,Yes,5.0,0.27
103749,1201,Wilai Chotirat,wilai.chotirat914@hotmail.com,Plus Chair 267,Electronics,79.98,1,0.0,79.98,2025-04-25,Trang,Khon Kaen,TrueMoney Wallet,Completed,4.0,จะกลับมาซื้อซ้ำแน่นอน,Yes,,0.9
103223,1480,Somchai Sinthop,somchai.sinthop786@yahoo.com,Lite Speaker 864,Groceries,473.62,3,20.0,1136.69,2025-08-26,Khon Kaen,Phuket,PromptPay,Completed,,,Yes,6.0,1.96
101182,2428,Anucha Sukjai,anucha.sukjai389@hotmail.com,Ultra Charger 590,Electronics,814.99,9,20.0,5867.93,2023-01-22,Bangkok,Songkhla,COD,Completed,,,No,9.0,0.8
104306,2967,Siriporn Kaewkla,siriporn.kaewkla352@hotmail.com,Ultra Blender 768,Automotive,610.93,3,25.0,1374.59,2024-06-07,Nong Khai,Chiang Mai,Bank Transfer,Completed,,,No,12.0,0.43
104316,1172,Malee Chantra,malee.chantra590@gmail.com,Smart Wallet 977,Home & Living,742.48,7,0.0,5197.36,2024-08-15,Ubon Ratchathani,Nakhon Ratchasima,Installment,Cancelled,4.0,,Yes,13.0,0.7
100614,2150,Thawatchai Sinthop,thawatchai.sinthop529@outlook.com,Lite Backpack 217,Health,108.71,7,20.0,608.78,2025-08-19,Udon Thani,Phuket,Installment,Completed,,ใช้งานได้ตามที่คาดหวัง,No,10.0,2.59
104933,2186,Niran Saelim,niran.saelim493@yahoo.com,Max Backpack 989,Toys,733.52,8,0.0,5868.16,2023-04-11,Hat Yai,Rayong,Bank Transfer,Completed,3.0,,Yes,9.0,2.2
101466,2970,Pranee Thongdee,pranee.thongdee302@outlook.com,Smart Notebook 719,Home & Living,353.8,1,10.0,318.42,2023-12-09,Bangkok,Chiang Mai,PromptPay,Shipped,4.0,โอเคสำหรับราคานี้,Yes,14.0,1.84
100401,2135,Thawatchai Srisuk,thawatchai.srisuk114@yahoo.com,Eco Blender 604,Health,654.16,4,25.0,1962.48,2025-09-04,Nakhon Si Thammarat,Udon Thani,Credit Card,Completed,5.0,สีไม่ตรงตามรูป,No,9.0,0.84
103042,1151,Ratana Boonmee,,Pro Chair 894,TOYS,671.23,9,10.0,,2025-10-25,Nakhon Ratchasima,Songkhla,Installment,Completed,4.0,คุณภาพต่ำกว่าที่คิด,No,14.0,0.88
100934,2250,Wilai Wattana,wilai.wattana677@hotmail.com,Max Desk 865,Groceries,620.92,2,0.0,1241.84,2024-03-06,Surat Thani,Phuket,PromptPay,Completed,,,No,5.0,0.58
102419,1984,Niran Prasertsak,niran.prasertsak528@outlook.com,Plus Lamp 229,Fashion,281.93,4,15.0,958.56,2024-11-21,Phuket,Khon Kaen,COD,Shipped,5.0,ใช้งานได้ตามที่คาดหวัง,Yes,11.0,1.83
104082,2609,Somsri Wattana,,Plus Headphone 132,Toys,253.88,4,25.0,761.64,2023-08-13,Hat Yai,Khon Kaen,PromptPay,Completed,5.0,,No,3.0,2.22
104537,1102,Pranee Sukjai,pranee.sukjai346@yahoo.com,Pro Bottle 437,Fashion,711.83,4,0.0,2847.32,2024-09-06,Bangkok,Songkhla,COD,Completed,,โอเคสำหรับราคานี้,No,12.0,1.56
102641,2140,Pichit Chantra,pichit.chantra171@hotmail.com,Pro Lamp 488,Sports,530.51,9,0.0,4774.59,2025-09-23,Buriram,Rayong,COD,Completed,5.0,,No,4.0,3.17
104653,1359,Rungnapa Naruemon,rungnapa.naruemon911@outlook.com,Max Backpack 779,Health,0.0,6,0.0,538.2,2024-04-22,Chiang Rai,Nonthaburi,Credit Card,Completed,4.0,,Yes,6.0,0.88
100726,1498,Somkiat Yodying,somkiat.yodying455@gmail.com,Lite Bottle 854,Health,978.09,4,0.0,3912.36,2024-01-09,Udon Thani,Rayong,Installment,Completed,4.0,,No,13.0,0.5
100826,2065,Pranee Chotirat,pranee.chotirat610@hotmail.com,Smart Backpack 459,Toys,365.78,5,25.0,1371.68,2024-05-16,Chiang Mai,Udon Thani,PromptPay,Shipped,5.0,,No,6.0,0.51
101521,1843,Prasert Wongsawat,,Ultra Headphone 303,Toys,834.45,9,0.0,7510.05,2023-01-28,Bangkok,Chonburi,PromptPay,Completed,3.0,ส่งไวมาก ประทับใจ,,13.0,3.72
104768,1898,Wichai Wongsawat,wichai.wongsawat158@outlook.com,Mini Desk 636,Electronics,772.11,8,0.0,6176.88,2023-02-21,Trang,Chonburi,Bank Transfer,Completed,5.0,,Yes,3.0,0.36
102930,2177,Kittisak Sukjai,kittisak.sukjai184@yahoo.com,Lite Camera 923,Electronics,213.46,9,15.0,1632.97,2025-06-30,Chiang Mai,Khon Kaen,COD,Completed,5.0,,Yes,10.0,1.52
100136,2862,Ratana Naruemon,ratana.naruemon499@yahoo.com,Max Jacket 367,Toys,196.03,6,0.0,1176.18,2025-05-05,Udon Thani,Nonthaburi,Credit Card,Completed,5.0,,Yes,,0.86
103590,1182,Yupin Sukjai,yupin.sukjai332@hotmail.com,Pro Blender 159,Home & Living,907.49,9,0.0,8167.41,2023-03-20,Pattaya,Nakhon Ratchasima,Installment,Returned,,,No,,2.5
100628,2624,Ratana Sukjai,ratana.sukjai782@yahoo.com,Pro Desk 799,Toys,664.76,8,20.0,4254.46,2023-11-01,Sakon Nakhon,Songkhla,COD,Completed,5.0,,No,3.0,0.4
100334,1954,Chatchai Meesuk,chatchai.meesuk936@gmail.com,Plus Blender 106,Automotive,543.2,6,10.0,2933.28,2024-08-01,Ubon Ratchathani,Phuket,TrueMoney Wallet,Completed,4.0,ของมาช้ากว่ากำหนด,No,4.0,0.22
100390,2943,Boonmee Srisuk,boonmee.srisuk777@yahoo.com,Eco Desk 947,Home & Living,449.95,3,0.0,1349.85,2025-02-08,Trang,Chiang Mai,Installment,Completed,,,No,12.0,0.43
104410,1526,Pranee Srisuk,pranee.srisuk447@outlook.com,Lite Charger 808,Health,637.37,8,0.0,5098.96,2025-10-07,Nong Khai,Rayong,Credit Card,Completed,5.0,,No,,0.4
104900,2346,Ratana Sukjai,ratana.sukjai17@yahoo.com,Mini Notebook 473,Groceries,444.08,3,15.0,1132.4,2023-12-06,Phuket,Rayong,TrueMoney Wallet,Completed,5.0,สินค้าดีมาก คุ้มราคา,Yes,11.0,0.18
103883,2205,Rungnapa Panyawong,rungnapa.panyawong396@hotmail.com,Ultra Headphone 291,Beauty,789.17,1,0.0,789.17,2024-06-25,Lampang,Nonthaburi,PromptPay,Completed,5.0,โอเคสำหรับราคานี้,No,3.0,3.2
101817,2304,Pichit Thongdee,pichit.thongdee395@yahoo.com,Plus Keyboard 622,Health,345.11,6,5.0,1967.13,2025-10-23,Pattaya,Chonburi,PromptPay,Shipped,4.0,,Yes,4.0,0.17
100400,2250,Duangjai Rattanakul,duangjai.rattanakul841@outlook.com,Ultra Charger 686,Toys,285.15,1,,199.6,2025-06-14,Khon Kaen,Nakhon Ratchasima,Installment,Completed,5.0,บริการลูกค้าดีเยี่ยม,Yes,,0.39
100710,2636,Yupin Intharak,yupin.intharak841@yahoo.com,Max Jacket 687,Health,1373.97,7,0.0,9617.79,2025-02-13,Chiang Rai,Nakhon Ratchasima,Credit Card,Completed,4.0,,No,3.0,1.04
101039,2886,Somchai Prasertsak,somchai.prasertsak121@yahoo.com,Lite Bottle 144,Sports,655.37,8,10.0,4718.66,2024-03-20,,Udon Thani,Installment,Returned,,,Yes,9.0,2.03
104369,2085,Chomphunut Intharak,chomphunut.intharak768@yahoo.com,Smart Mouse 529,Health,621.3,2,10.0,1118.34,2023-06-30,Hat Yai,Rayong,Bank Transfer,Completed,5.0,,Yes,1.0,0.4
103359,1148,Suree Naruemon,suree.naruemon868@hotmail.com,Pro Wallet 903,Sports,904.86,6,0.0,5429.16,2024-03-05,Nong Khai,Udon Thani,Credit Card,Completed,5.0,สินค้าดีมาก คุ้มราคา,No,1.0,5.43
100046,2806,Chaiyot Prasertsak,,Pro Mouse 636,Fashion,1957.35,4,20.0,6263.52,2025-07-14,Phuket,Chonburi,Credit Card,Completed,3.0,โอเคสำหรับราคานี้,Yes,2.0,2.21
101561,1355,Duangjai Sukjai,duangjai.sukjai581@outlook.com,Lite Charger 597,Electronics,854.91,3,0.0,2564.73,2025-03-05,Udon Thani,Nonthaburi,Installment,Completed,5.0,จะกลับมาซื้อซ้ำแน่นอน,No,3.0,3.32
104823,2889,Kittisak Rattanakul,kittisak.rattanakul216@hotmail.com,Mini Lamp 874,Automotive,508.68,7,15.0,3026.65,2025-11-06,Nakhon Si Thammarat,Rayong,Credit Card,Completed,,จะกลับมาซื้อซ้ำแน่นอน,No,9.0,1.27
103642,2489,Wilai Intharak,wilai.intharak884@gmail.com,Plus Chair 242,Home & Living,805.09,4,30.0,2254.25,2023-07-06,Rayong,Rayong,Installment,Returned,4.0,,Yes,13.0,0.54
103726,2758,Anan Kaewkla,anan.kaewkla503@gmail.com,Ultra Camera 388,Health,667.69,2,0.0,1335.38,2025-02-16,Chiang Mai,Nakhon Ratchasima,TrueMoney Wallet,Shipped,,,Yes,,0.88
104867,1703,Boonmee Panyawong,boonmee.panyawong729@yahoo.com,Smart Charger 608,Books,679.26,3,0.0,2037.78,2023-06-11,Nakhon Ratchasima,Nonthaburi,,Completed,,คุณภาพต่ำกว่าที่คิด,No,2.0,1.02
101112,1434,Siriporn Naruemon,siriporn.naruemon389@gmail.com,Max Blender 384,Sports,133.04,4,0.0,532.16,2025-08-27,Nakhon Ratchasima,Phuket,COD,Completed,4.0,ใช้งานได้ตามที่คาดหวัง,Yes,,1.18
102513,1588,Chaiyot Prasertsak,chaiyot.prasertsak647@hotmail.com,Smart Notebook 500,Electronics,551.09,8,0.0,4408.72,2023-07-15,Krabi,Khon Kaen,Credit Card,Shipped,,,Yes,7.0,0.45
103608,2940,Malee Srisuk,malee.srisuk724@yahoo.com,Max Sneaker 786,Sports,240.71,5,0.0,1203.55,2023-02-13,Udon Thani,Chiang Mai,Bank Transfer,Processing,5.0,จะกลับมาซื้อซ้ำแน่นอน,Yes,14.0,0.8
101223,1525,Anucha Intharak,anucha.intharak432@yahoo.com,Mini Sneaker 734,Toys,417.98,2,15.0,710.57,2024-02-13,Nakhon Si Thammarat,Nonthaburi,Bank Transfer,Returned,4.0,,Yes,11.0,0.35
104881,1771,Somsri Sinthop,somsri.sinthop418@gmail.com,Smart Blender 954,Beauty,405.54,2,25.0,608.31,2025-08-15,Lampang,Phuket,COD,Completed,,ของมาช้ากว่ากำหนด,No,4.0,0.3
103023,1890,Siriporn Intharak,siriporn.intharak231@outlook.com,Smart Jacket 438,Health,367.69,9,0.0,3309.21,2024-12-10,Ubon Ratchathani,Bangkok,TrueMoney Wallet,Shipped,,ของมาช้ากว่ากำหนด,No,5.0,4.86
102421,2628,Yupin Prasertsak,yupin.prasertsak363@hotmail.com,Lite Backpack 554,Automotive,822.35,7,20.0,4605.16,2023-12-19,Lampang,Rayong,PromptPay,Completed,4.0,ใช้งานได้ตามที่คาดหวัง,No,12.0,4.02
101508,1814,Niran Yodying,niran.yodying837@outlook.com,Ultra Notebook 682,Sports,1230.12,1,0.0,1230.12,2024-09-02,Udon Thani,Songkhla,PromptPay,Returned,,,Yes,6.0,
101750,1164,Ploy Chotirat,ploy.chotirat935@hotmail.com,Ultra Camera 878,Sports,123.47,5,,432.14,2025-08-25,Nonthaburi,Songkhla,TrueMoney Wallet,Completed,,,Yes,7.0,0.26
104861,2981,Chomphunut Yodying,chomphunut.yodying981@yahoo.com,Plus Chair 235,Sports,530.82,3,0.0,1592.46,2024-01-10,Nakhon Ratchasima,Phuket,Credit Card,Completed,4.0,จะกลับมาซื้อซ้ำแน่นอน,,10.0,0.11
104118,2152,Chatchai Naruemon,chatchai.naruemon497@yahoo.com,Eco Watch 942,Home & Living,339.63,4,25.0,1018.89,2024-10-30,Ubon Ratchathani,Songkhla,Credit Card,Processing,,ส่งไวมาก ประทับใจ,Yes,8.0,1.13
101799,2303,Thawatchai Rattanakul,thawatchai.rattanakul601@outlook.com,Mini Headphone 797,Automotive,248.39,4,0.0,993.56,2025-11-23,,Nonthaburi,COD,Cancelled,5.0,,Yes,7.0,0.55
100338,2986,Prasert Naruemon,prasert.naruemon457@gmail.com,Max Sneaker 784,Automotive,181.4,7,0.0,1269.8,2024-05-11,Chiang Mai,Khon Kaen,TrueMoney Wallet,Completed,5.0,ของมาช้ากว่ากำหนด,Yes,8.0,2.83
100215,2862,Anan Yodying,anan.yodying127@gmail.com,Mini Charger 309,Home & Living,417.88,7,0.0,2925.16,2024-05-10,Sakon Nakhon,Songkhla,Bank Transfer,Processing,3.0,,Yes,8.0,1.17
103663,1702,Pranee Thongdee,pranee.thongdee182@outlook.com,Max Notebook 938,Toys,918.98,7,10.0,5789.57,2024-04-30,Pattaya,Songkhla,Bank Transfer,Completed,5.0,คุณภาพต่ำกว่าที่คิด,No,3.0,0.51
101341,1193,Suchart Wongsawat,suchart.wongsawat2@yahoo.com,Lite Blender 394,Electronics,809.71,9,,5101.17,2025-09-04,Sakon Nakhon,Chonburi,Installment,Completed,2.0,,No,,0.62
100011,2238,Suchart Intharak,suchart.intharak525@hotmail.com,Max Jacket 262,Toys,306.84,5,10.0,1380.78,2025-06-29,Khon Kaen,Udon Thani,PromptPay,Completed,5.0,,Yes,12.0,2.62
101520,1323,Chaiyot Meesuk,chaiyot.meesuk289@hotmail.com,Ultra Headphone 559,Groceries,270.5,5,0.0,1352.5,2024-07-19,Ubon Ratchathani,Chiang Mai,Credit Card,Completed,,บริการลูกค้าดีเยี่ยม,Yes,8.0,0.58
103640,2820,,chaiyot.wattana584@outlook.com,Plus Keyboard 522,Toys,699.9,4,15.0,2379.66,2023-03-10,Nong Khai,Nonthaburi,Bank Transfer,Completed,,,No,11.0,0.52
103989,2704,Wichai Saelim,wichai.saelim4@outlook.com,Ultra Sneaker 365,Fashion,590.86,2,0.0,1181.72,2025-06-18,Nakhon Ratchasima,Nakhon Ratchasima,COD,Returned,,แพ็คเกจไม่แน่นหนา,Yes,13.0,0.82
103825,2070,Chomphunut Sukjai,chomphunut.sukjai634@hotmail.com,Ultra Jacket 978,Health,465.79,4,,1397.37,2023-04-21,Nonthaburi,Khon Kaen,TrueMoney Wallet,Completed,2.0,คุณภาพต่ำกว่าที่คิด,No,12.0,1.47
103004,1958,Suchart Srisuk,suchart.srisuk579@outlook.com,Eco Chair 758,Fashion,442.26,7,0.0,3095.82,2023-05-31,Nonthaburi,Udon Thani,COD,Completed,5.0,คุณภาพต่ำกว่าที่คิด,Yes,14.0,0.14
102864,1780,Prasert Chantra,prasert.chantra685@outlook.com,Pro Backpack 738,Fashion,860.1,4,0.0,3440.4,2023-06-22,Buriram,Udon Thani,TrueMoney Wallet,Completed,3.0,จะกลับมาซื้อซ้ำแน่นอน,Yes,5.0,1.27
103115,1620,Suchart Meesuk,suchart.meesuk152@gmail.com,Eco Wallet 608,Home & Living,620.72,9,0.0,5586.48,2024-01-17,Chiang Mai,Udon Thani,Installment,Shipped,2.0,บริการลูกค้าดีเยี่ยม,No,5.0,5.53
104864,1398,Yupin Sukjai,yupin.sukjai428@gmail.com,Eco Mouse 710,Books,366.52,3,20.0,879.65,2025-03-05,Ubon Ratchathani,Chiang Mai,TrueMoney Wallet,Returned,4.0,สินค้าดีมาก คุ้มราคา,No,7.0,3.43
102322,1523,Rungnapa Yodying,rungnapa.yodying583@yahoo.com,Pro Jacket 629,Groceries,364.18,5,5.0,1729.86,2025-05-26,Nakhon Si Thammarat,Nakhon Ratchasima,Installment,Returned,,,No,10.0,0.83
102571,1970,Malee Rattanakul,malee.rattanakul963@gmail.com,Eco Notebook 795,Electronics,650.95,1,0.0,650.95,2025-03-15,Pattaya,Bangkok,COD,Completed,,,No,9.0,2.76
102913,1967,Kittisak Chaiyaporn,kittisak.chaiyaporn865@yahoo.com,Eco Jacket 742,Automotive,0.0,5,5.0,1872.4,2025-08-21,Ubon Ratchathani,Chonburi,COD,Processing,,,Yes,11.0,0.76
100101,2579,Boonmee Boonmee,boonmee.boonmee911@outlook.com,Lite Blender 856,Automotive,1120.74,1,0.0,1120.74,2025-10-17,Nonthaburi,Chonburi,Installment,Completed,5.0,ใช้งานได้ตามที่คาดหวัง,No,8.0,4.48
103549,1328,Chomphunut Chantra,chomphunut.chantra284@outlook.com,Lite Charger 861,Toys,491.38,8,15.0,3341.38,2024-10-24,Lampang,Bangkok,Bank Transfer,Cancelled,,,,11.0,0.56
101458,2248,Ratana Thongdee,ratana.thongdee241@yahoo.com,Mini Lamp 505,Health,563.82,7,0.0,3946.74,2023-10-07,Ubon Ratchathani,Phuket,COD,Completed,5.0,แพ็คเกจไม่แน่นหนา,Yes,12.0,8.62
100171,2895,Malee Chaiyaporn,malee.chaiyaporn424@outlook.com,Plus Speaker 478,Beauty,361.98,5,0.0,1809.9,2023-09-14,Surat Thani,Udon Thani,,Completed,3.0,,No,13.0,2.99
100107,2886,Yupin Wattana,yupin.wattana481@yahoo.com,Mini Mouse 162,Health,659.78,9,0.0,5938.02,2024-12-11,Chiang Mai,Nonthaburi,Bank Transfer,Shipped,5.0,ใช้งานได้ตามที่คาดหวัง,Yes,2.0,2.74
104848,2327,Suree Panyawong,suree.panyawong803@yahoo.com,Eco Camera 414,Sports,606.89,7,30.0,2973.76,2025-12-10,Krabi,Songkhla,Bank Transfer,Processing,4.0,,Yes,2.0,3.12
103569,2699,Kanya Saelim,kanya.saelim877@outlook.com,Pro Notebook 719,Automotive,226.97,2,0.0,453.94,2024-08-08,Nong Khai,Songkhla,Credit Card,Completed,4.0,จะกลับมาซื้อซ้ำแน่นอน,Yes,13.0,1.54
102081,1339,Ratana Sukjai,ratana.sukjai125@gmail.com,Lite Charger 242,Books,418.72,4,10.0,1507.39,2025-08-31,Nakhon Si Thammarat,Phuket,COD,Shipped,4.0,,No,1.0,6.05
104318,2741,Pichit Srisuk,pichit.srisuk758@hotmail.com,Mini Backpack 238,Home & Living,421.15,9,15.0,3221.8,2023-04-30,Buriram,Chiang Mai,Installment,Completed,3.0,,No,10.0,1.57
100024,2515,Rungnapa Chaiyaporn,rungnapa.chaiyaporn664@hotmail.com,Eco Blender 217,Books,685.89,4,20.0,2194.85,2025-03-08,Ubon Ratchathani,Phuket,Installment,Completed,4.0,บริการลูกค้าดีเยี่ยม,Yes,7.0,0.15
104606,1257,Suree Kaewkla,suree.kaewkla257@gmail.com,Smart Blender 453,Health,116.93,3,0.0,350.79,2024-06-26,,Nonthaburi,TrueMoney Wallet,Completed,5.0,,No,10.0,
104144,2910,Somsri Sinthop,somsri.sinthop889@yahoo.com,Lite Keyboard 159,Health,441.14,9,30.0,2779.18,2025-02-09,Nonthaburi,Songkhla,PromptPay,Processing,,,No,4.0,1.36
100938,2425,Sombat Chotirat,sombat.chotirat993@yahoo.com,Plus Charger 681,Groceries,325.26,4,10.0,1170.94,2025-01-14,Nonthaburi,Nakhon Ratchasima,PromptPay,Completed,5.0,,Yes,1.0,0.1
100060,1646,Suree Intharak,suree.intharak472@outlook.com,Ultra Chair 360,Toys,743.91,3,0.0,2231.73,2025-01-04,Udon Thani,Rayong,Bank Transfer,Shipped,5.0,ใช้งานได้ตามที่คาดหวัง,Yes,,5.57
101240,1362,Nittaya Srisuk,nittaya.srisuk440@gmail.com,Pro Watch 762,Health,696.65,1,0.0,696.65,2023-03-23,Chiang Mai,Bangkok,COD,Completed,4.0,,Yes,2.0,4.95
104661,2952,Ratana Rattanakul,ratana.rattanakul615@yahoo.com,Ultra Camera 360,Groceries,566.87,4,,2267.48,2024-11-09,Nong Khai,Khon Kaen,Bank Transfer,Completed,4.0,จะกลับมาซื้อซ้ำแน่นอน,No,,0.2
101040,2668,Suchart Sukjai,suchart.sukjai608@outlook.com,Pro Mouse 172,Groceries,195.88,5,0.0,979.4,2023-02-09,Chiang Rai,Udon Thani,PromptPay,Processing,,ใช้งานได้ตามที่คาดหวัง,No,4.0,1.73
104209,1040,Ratana Phetcharat,ratana.phetcharat667@yahoo.com,Mini Speaker 339,Home & Living,972.19,6,0.0,5833.14,2024-05-22,Nakhon Si Thammarat,Nonthaburi,PromptPay,Shipped,5.0,ใช้งานได้ตามที่คาดหวัง,Yes,8.0,1.53
102760,2043,Kittisak Wongsawat,kittisak.wongsawat427@gmail.com,Lite Backpack 250,Books,1068.78,7,,7481.46,2023-11-18,Nakhon Ratchasima,Chonburi,Installment,Processing,4.0,จะกลับมาซื้อซ้ำแน่นอน,No,5.0,0.24
102120,1225,Siriporn Boonmee,siriporn.boonmee152@gmail.com,Mini Sneaker 263,Groceries,967.23,7,0.0,6770.61,2024-07-11,,Khon Kaen,Credit Card,Processing,,,No,10.0,1.19
101524,2434,Yupin Chantra,yupin.chantra775@yahoo.com,Lite Blender 237,Sports,445.9,1,0.0,445.9,2024-10-23,Chiang Rai,Udon Thani,COD,Processing,3.0,,No,8.0,0.27
103521,2674,Suchart Chantra,suchart.chantra249@outlook.com,Plus Camera 710,Fashion,765.38,3,0.0,2296.14,2025-11-07,Bangkok,Songkhla,Installment,Cancelled,,คุณภาพต่ำกว่าที่คิด,Yes,2.0,0.76
100153,1230,Malee Yodying,malee.yodying161@yahoo.com,Ultra Camera 788,Health,1014.2,1,0.0,1014.2,2024-12-06,Nonthaburi,Khon Kaen,Credit Card,Completed,,,Yes,11.0,0.31
102248,1556,Ploy Boonmee,ploy.boonmee833@gmail.com,Eco Pillow 167,Health,766.21,8,10.0,5516.71,2023-06-01,Khon Kaen,Songkhla,TrueMoney Wallet,Completed,5.0,,No,5.0,0.56
100481,1496,Pichit Sukjai,pichit.sukjai62@hotmail.com,Ultra Charger 375,Health,1252.42,4,20.0,4007.74,2025-01-13,Pattaya,Bangkok,TrueMoney Wallet,Completed,4.0,โอเคสำหรับราคานี้,Yes,12.0,0.95
104255,2829,Suree Yodying,suree.yodying124@gmail.com,Lite Backpack 749,Automotive,144.88,9,10.0,1173.53,2023-08-16,Khon Kaen,Nonthaburi,Bank Transfer,Completed,3.0,,Yes,10.0,0.49
104328,2011,Wilai Panyawong,wilai.panyawong160@hotmail.com,Max Wallet 878,Books,138.32,4,10.0,497.95,2025-10-12,,Chiang Mai,COD,Completed,,,Yes,12.0,1.7
103578,1350,Anan Sinthop,,Smart Bottle 586,Health,454.38,7,0.0,3180.66,2024-03-31,Ubon Ratchathani,Khon Kaen,Credit Card,Completed,,ของมาช้ากว่ากำหนด,Yes,14.0,0.41
104147,1669,Kittisak Rattanakul,,Pro Jacket 151,Electronics,656.16,3,10.0,1771.63,2025-10-17,Chiang Mai,Chiang Mai,COD,Completed,3.0,,No,9.0,1.07
103562,1377,Orawan Saelim,orawan.saelim325@yahoo.com,Eco Backpack 344,Fashion,597.62,7,10.0,3765.01,2024-01-18,Lampang,Chonburi,TrueMoney Wallet,Completed,5.0,สินค้าดีมาก คุ้มราคา,No,8.0,5.12
103315,2196,Nittaya Sinthop,nittaya.sinthop978@gmail.com,Max Bottle 333,Electronics,555.57,1,10.0,500.01,2023-02-13,Surat Thani,Phuket,PromptPay,Completed,5.0,,Yes,10.0,0.79
101762,2108,Niran Naruemon,niran.naruemon121@yahoo.com,Plus Wallet 481,Home & Living,190.98,8,0.0,1527.84,2024-12-21,Ubon Ratchathani,Chiang Mai,PromptPay,Returned,5.0,,Yes,4.0,2.75
103538,2573,Pichit Srisuk,pichit.srisuk833@outlook.com,Smart Sneaker 328,Fashion,162.96,9,0.0,1466.64,2023-12-07,Ubon Ratchathani,Bangkok,COD,Completed,,บริการลูกค้าดีเยี่ยม,Yes,13.0,2.12
104827,2582,Orawan Sinthop,orawan.sinthop61@gmail.com,Mini Charger 417,Toys,262.27,7,25.0,1376.92,2025-12-13,Nakhon Ratchasima,Chonburi,COD,Completed,5.0,คุณภาพต่ำกว่าที่คิด,No,7.0,0.29
100750,2443,Pranee Naruemon,pranee.naruemon178@gmail.com,Ultra Keyboard 782,Electronics,372.27,1,0.0,372.27,2024-02-25,Khon Kaen,Udon Thani,Bank Transfer,Cancelled,3.0,จะกลับมาซื้อซ้ำแน่นอน,Yes,4.0,2.27
103619,1148,Nittaya Chantra,nittaya.chantra738@yahoo.com,Max Camera 589,Books,278.35,8,0.0,2226.8,2025-04-29,Chiang Mai,Nonthaburi,Installment,Completed,4.0,,No,10.0,0.22
101785,1260,Sombat Chotirat,sombat.chotirat106@yahoo.com,Ultra Blender 600,Beauty,601.42,8,5.0,4570.79,2025-01-05,Bangkok,Nakhon Ratchasima,Bank Transfer,Completed,2.0,,No,1.0,3.2
104293,2565,,,Mini Camera 782,Home & Living,767.89,4,5.0,2917.98,2024-10-05,Sakon Nakhon,Rayong,Bank Transfer,Completed,1.0,คุณภาพต่ำกว่าที่คิด,No,3.0,3.53
103383,1421,Pranee Rattanakul,pranee.rattanakul48@outlook.com,Plus Lamp 571,Sports,,5,,3073.85,2024-12-19,Nonthaburi,Khon Kaen,Installment,Cancelled,,โอเคสำหรับราคานี้,No,9.0,2.37
104160,2560,Boonmee Naruemon,boonmee.naruemon105@hotmail.com,Lite Notebook 209,Fashion ,322.25,-1,10.0,2030.18,2023-11-12,Surat Thani,Nakhon Ratchasima,Installment,Returned,3.0,คุณภาพต่ำกว่าที่คิด,Yes,9.0,0.67
100405,1152,Anan Chotirat,anan.chotirat67@hotmail.com,Eco Charger 514,Groceries,89.06,6,20.0,427.49,2024-01-30,Chiang Mai,Chiang Mai,Installment,Completed,4.0,,Yes,1.0,1.73
100757,2892,Suchart Boonmee,suchart.boonmee45@gmail.com,Lite Wallet 673,Sports,1019.9,8,15.0,6935.32,2024-01-09,Lampang,Udon Thani,PromptPay,Completed,4.0,ของมาช้ากว่ากำหนด,Yes,4.0,3.08
102711,1286,Suchart Intharak,suchart.intharak861@outlook.com,Lite Desk 353,Health,1256.19,4,15.0,,2023-11-03,Buriram,Phuket,PromptPay,Shipped,5.0,,No,9.0,0.86
102670,1477,Pichit Chotirat,pichit.chotirat63@outlook.com,Plus Speaker 922,TOYS,479.3,2,10.0,862.74,2025-08-25,Krabi,Phuket,COD,Completed,2.0,คุณภาพต่ำกว่าที่คิด,No,9.0,11.28
104036,2901,Boonmee Phetcharat,,Max Backpack 802,Automotive,220.14,1,0.0,220.14,2023-11-15,Nakhon Ratchasima,Songkhla,PromptPay,Completed,,โอเคสำหรับราคานี้,,8.0,0.71
100097,2500,Kanya Chaiyaporn,kanya.chaiyaporn541@gmail.com,Max Sneaker 615,Groceries,555.29,4,0.0,2221.16,2023-11-18,Chiang Mai,Nonthaburi,COD,Shipped,5.0,บริการลูกค้าดีเยี่ยม,No,12.0,1.47
101333,1645,Chaiyot Sinthop,chaiyot.sinthop299@gmail.com,Smart Headphone 838,Toys,253.44,5,0.0,1267.2,2024-07-17,Rayong,Nonthaburi,PromptPay,Completed,4.0,,Yes,2.0,0.82
104934,1018,Ratana Sukjai,ratana.sukjai805@gmail.com,Mini Camera 525,Electronics,,7,0.0,3378.76,2023-01-25,Nakhon Si Thammarat,Chonburi,COD,Completed,4.0,สีไม่ตรงตามรูป,Yes,1.0,1.83
102791,1494,Boonmee Yodying,boonmee.yodying856@hotmail.com,Mini Speaker 419,Fashion,287.79,5,20.0,1151.16,2024-09-25,Phuket,Udon Thani,PromptPay,Completed,,,No,6.0,2.06
102854,2985,Sombat Panyawong,sombat.panyawong242@hotmail.com,Max Blender 980,Sports,137.9,5,5.0,655.02,2024-02-05,Nakhon Ratchasima,Chiang Mai,COD,Cancelled,,,No,14.0,0.16
100186,1870,Chaiyot Sukjai,chaiyot.sukjai430@outlook.com,Eco Keyboard 354,Health,489.98,9,10.0,3968.84,2023-08-27,Nong Khai,Chiang Mai,Installment,Completed,,,Yes,,1.3
104056,1446,Chaiyot Panyawong,chaiyot.panyawong203@gmail.com,Plus Backpack 360,Automotive,109.11,8,,741.95,2023-09-06,Chiang Rai,Bangkok,PromptPay,Completed,5.0,,Yes,6.0,0.38
102723,2384,Rungnapa Panyawong,rungnapa.panyawong392@yahoo.com,Pro Blender 168,Health,517.06,5,0.0,2585.3,2024-07-28,Chiang Rai,Chiang Mai,COD,Returned,,,No,8.0,4.41
103583,2249,Ratana Kaewkla,ratana.kaewkla873@yahoo.com,Pro Watch 644,SPORTS,866.31,4,0.0,3465.24,2025-09-26,Pattaya,Chonburi,Installment,Shipped,3.0,ของมาช้ากว่ากำหนด,No,3.0,0.66
102058,2297,Wichai Srisuk,wichai.srisuk480@yahoo.com,Plus Camera 722,Beauty,118.02,5,5.0,560.6,2023-02-02,Trang,Udon Thani,COD,Processing,,,Yes,,0.56
101319,1242,Niran Intharak,niran.intharak769@outlook.com,Pro Backpack 125,Electronics,276.56,2,5.0,525.46,2024-08-03,Bangkok,Khon Kaen,TrueMoney Wallet,Completed,5.0,ใช้งานได้ตามที่คาดหวัง,No,,2.0
104220,1272,Somkiat Kaewkla,somkiat.kaewkla56@hotmail.com,Max Wallet 510,Electronics,603.64,3,30.0,1267.64,2024-09-25,Rayong,Songkhla,Installment,Completed,4.0,บริการลูกค้าดีเยี่ยม,Yes,13.0,2.6
100148,1418,Sombat Intharak,sombat.intharak844@gmail.com,Lite Sneaker 184,Home & Living,529.79,3,20.0,1271.5,2025-10-01,Chiang Mai,Chonburi,TrueMoney Wallet,Completed,4.0,บริการลูกค้าดีเยี่ยม,No,8.0,0.89
100028,2215,Anan Intharak,anan.intharak448@gmail.com,Plus Notebook 828,Health,1373.7,3,15.0,3502.94,2023-06-02,Krabi,Khon Kaen,COD,Returned,3.0,,Yes,1.0,0.64
104162,1352,Niran Chaiyaporn,niran.chaiyaporn95@yahoo.com,Mini Desk 974,Books,309.71,9,15.0,2369.28,2023-05-09,Sakon Nakhon,Chonburi,Credit Card,Returned,,บริการลูกค้าดีเยี่ยม,No,10.0,1.82
104062,2991,Niran Prasertsak,niran.prasertsak444@outlook.com,Mini Pillow 156,Automotive,367.44,8,15.0,2498.59,2023-07-14,Nonthaburi,Nonthaburi,COD,Returned,,,No,5.0,2.8
103363,2517,Anucha Sukjai,anucha.sukjai781@gmail.com,Max Wallet 198,Sports,997.29,7,5.0,6631.98,2024-07-07,Lampang,Chonburi,COD,Completed,,,No,1.0,0.59
100692,1335,Duangjai Naruemon,duangjai.naruemon517@yahoo.com,Ultra Mouse 536,Books,751.61,4,0.0,3006.44,2025-05-28,Nakhon Si Thammarat,Nakhon Ratchasima,COD,Completed,4.0,โอเคสำหรับราคานี้,Yes,3.0,1.61
102866,2780,Kittisak Phetcharat,kittisak.phetcharat724@hotmail.com,Eco Pillow 934,Fashion,155.32,7,,1087.24,2025-11-19,Hat Yai,Nonthaburi,Bank Transfer,Cancelled,3.0,,No,9.0,5.0
103776,1593,Boonmee Panyawong,boonmee.panyawong132@hotmail.com,Smart Bottle 101,Beauty,491.99,4,10.0,1771.16,2024-11-21,,Udon Thani,TrueMoney Wallet,Completed,3.0,,Yes,3.0,3.07
101386,1320,Somchai Panyawong,somchai.panyawong136@hotmail.com,Mini Keyboard 146,Books,1790.72,1,0.0,1790.72,2023-06-15,Krabi,Udon Thani,COD,Completed,5.0,,Yes,14.0,3.7
101845,1997,Chatchai Naruemon,chatchai.naruemon772@yahoo.com,Pro Blender 806,Toys,508.19,4,10.0,1829.48,2025-12-29,Surat Thani,Nonthaburi,TrueMoney Wallet,Completed,4.0,โอเคสำหรับราคานี้,No,4.0,0.17
104754,2301,Anucha Wongsawat,anucha.wongsawat902@hotmail.com,Max Lamp 289,Toys,979.99,5,0.0,4899.95,2025-09-14,Hat Yai,Nakhon Ratchasima,Credit Card,Shipped,4.0,,No,7.0,0.22
100129,1492,Wichai Chotirat,wichai.chotirat903@yahoo.com,Max Desk 590,Electronics,189.79,6,0.0,1138.74,2024-05-17,Trang,Nakhon Ratchasima,Bank Transfer,Shipped,5.0,สีไม่ตรงตามรูป,No,4.0,
101599,1935,Anucha Sukjai,anucha.sukjai480@outlook.com,Ultra Wallet 338,Automotive,112.69,2,0.0,225.38,2024-07-05,Bangkok,Nakhon Ratchasima,Bank Transfer,Completed,,,No,12.0,1.8
103629,1662,Chatchai Wongsawat,chatchai.wongsawat489@hotmail.com,Max Sneaker 392,Electronics,652.75,6,0.0,3916.5,2025-09-08,Nong Khai,Chonburi,COD,Processing,,ใช้งานได้ตามที่คาดหวัง,No,9.0,0.86
104526,2355,Orawan Thongdee,orawan.thongdee123@hotmail.com,Eco Chair 620,Fashion,612.68,7,0.0,4288.76,2025-09-19,Pattaya,Nonthaburi,TrueMoney Wallet,Shipped,,สีไม่ตรงตามรูป,No,11.0,0.71
100701,2931,Orawan Prasertsak,orawan.prasertsak407@gmail.com,Lite Keyboard 119,Automotive,379.39,3,0.0,1138.17,2024-08-07,Trang,Nakhon Ratchasima,Credit Card,Shipped,,,Yes,8.0,4.55
104035,2091,Orawan Sukjai,orawan.sukjai321@hotmail.com,Smart Pillow 330,Health,218.11,3,0.0,654.33,2024-02-02,Khon Kaen,Nonthaburi,,Completed,3.0,,No,3.0,2.69
103028,2300,Suree Sukjai,suree.sukjai4@yahoo.com,Eco Wallet 381,Automotive,620.84,3,0.0,1862.52,2025-01-19,Phuket,Rayong,Bank Transfer,Completed,4.0,จะกลับมาซื้อซ้ำแน่นอน,No,2.0,0.66
102969,2825,Orawan Naruemon,orawan.naruemon280@gmail.com,Eco Jacket 118,Health,297.66,8,25.0,1785.96,2025-08-12,,Khon Kaen,TrueMoney Wallet,Cancelled,4.0,,No,13.0,0.76
104379,2492,Ratana Chotirat,ratana.chotirat475@yahoo.com,Pro Jacket 856,Automotive,325.94,8,0.0,2607.52,2024-10-12,Buriram,Nonthaburi,PromptPay,Completed,,โอเคสำหรับราคานี้,Yes,14.0,2.18
101708,1777,Malee Sinthop,malee.sinthop983@outlook.com,Max Notebook 431,Health,802.59,6,0.0,4815.54,2023-04-20,Pattaya,Phuket,PromptPay,Returned,,แพ็คเกจไม่แน่นหนา,Yes,14.0,0.73
102953,2014,Orawan Thongdee,orawan.thongdee23@hotmail.com,Mini Charger 318,Beauty,567.87,3,15.0,1448.07,2025-03-01,Krabi,Rayong,Bank Transfer,Cancelled,2.0,ส่งไวมาก ประทับใจ,Yes,11.0,2.82
100454,1878,Pichit Meesuk,pichit.meesuk912@gmail.com,Lite Chair 502,Home & Living,357.23,3,0.0,1071.69,2024-03-04,Rayong,Nonthaburi,,Processing,,,Yes,,1.27
102868,2182,,siriporn.kaewkla397@hotmail.com,Ultra Jacket 930,Fashion,1525.59,9,5.0,13043.79,2025-10-19,Khon Kaen,Phuket,COD,Shipped,1.0,,Yes,,1.81
102040,2420,Chomphunut Chaiyaporn,chomphunut.chaiyaporn915@yahoo.com,Pro Notebook 208,Toys,343.21,9,0.0,3088.89,2023-03-02,Pattaya,Bangkok,,Completed,5.0,,Yes,,1.54
101772,2920,Somkiat Rattanakul,somkiat.rattanakul31@yahoo.com,Smart Keyboard 240,Automotive,499.8,2,0.0,999.6,2024-08-14,Krabi,Bangkok,TrueMoney Wallet,Returned,,จะกลับมาซื้อซ้ำแน่นอน,Yes,13.0,1.46
102315,2887,Ploy Sinthop,ploy.sinthop790@yahoo.com,Eco Sneaker 980,Beauty,758.63,8,0.0,6069.04,2023-03-21,Nong Khai,Khon Kaen,Credit Card,Cancelled,,ของมาช้ากว่ากำหนด,No,,
100609,1740,Chatchai Intharak,chatchai.intharak484@hotmail.com,Max Notebook 507,Health,364.47,9,0.0,3280.23,2025-12-05,Ubon Ratchathani,Chonburi,Installment,Returned,3.0,,Yes,14.0,0.82
100167,2751,Somsri Panyawong,somsri.panyawong370@hotmail.com,Ultra Chair 381,Home & Living,443.11,5,,2215.55,2025-09-03,Udon Thani,Songkhla,Bank Transfer,Completed,1.0,โอเคสำหรับราคานี้,No,6.0,0.33
100730,1848,Pranee Rattanakul,pranee.rattanakul952@hotmail.com,Lite Blender 319,Health,1037.93,4,0.0,4151.72,2025-03-10,Rayong,Chonburi,TrueMoney Wallet,Processing,4.0,,No,13.0,2.72
104271,1844,Somsri Prasertsak,somsri.prasertsak591@gmail.com,Plus Charger 363,toys,1153.57,4,10.0,4152.85,2024-01-18,Lampang,Bangkok,TrueMoney Wallet,Returned,3.0,โอเคสำหรับราคานี้,No,4.0,2.43
103358,2122,Siriporn Panyawong,siriporn.panyawong47@hotmail.com,Smart Charger 784,Toys,578.78,6,10.0,3125.41,2025-11-12,Trang,Phuket,Installment,Completed,5.0,,Yes,11.0,1.16
103896,2431,Rungnapa Kaewkla,rungnapa.kaewkla340@gmail.com,Plus Sneaker 942,Electronics,225.3,2,30.0,315.42,2025-11-15,Nong Khai,Bangkok,Bank Transfer,Returned,,,Yes,8.0,1.76
102074,2771,Ratana Chantra,ratana.chantra87@gmail.com,Mini Camera 564,Home & Living,531.03,3,0.0,1593.09,2025-08-30,Chiang Mai,Rayong,TrueMoney Wallet,Completed,,,Yes,1.0,0.67
104092,1566,Prasert Kaewkla,prasert.kaewkla592@yahoo.com,Lite Sneaker 363,Books,240.59,9,0.0,2165.31,2024-05-31,,Rayong,COD,Returned,5.0,,Yes,12.0,3.32
103700,2754,Thawatchai Phetcharat,thawatchai.phetcharat922@gmail.com,Max Bottle 490,Sports,263.96,2,0.0,527.92,2025-01-29,Trang,Nonthaburi,Bank Transfer,Returned,2.0,,Yes,,0.61
101622,1474,Kittisak Chotirat,kittisak.chotirat277@yahoo.com,Plus Headphone 165,Beauty,315.8,2,15.0,536.86,2025-06-28,Pattaya,Khon Kaen,COD,Completed,,,No,7.0,0.91
100587,1883,Kanya Rattanakul,kanya.rattanakul392@gmail.com,Pro Desk 292,Groceries,672.3,2,0.0,1344.6,2025-08-06,Nakhon Si Thammarat,Songkhla,TrueMoney Wallet,Completed,,แพ็คเกจไม่แน่นหนา,No,5.0,0.11
101401,1317,Niran Kaewkla,niran.kaewkla643@gmail.com,Max Notebook 414,Fashion,237.95,4,5.0,904.21,2024-03-04,Bangkok,Rayong,Installment,Shipped,4.0,จะกลับมาซื้อซ้ำแน่นอน,No,2.0,1.61
103045,2177,Anan Wattana,anan.wattana566@hotmail.com,Max Mouse 120,Books,768.45,7,0.0,5379.15,2025-07-12,Surat Thani,Phuket,COD,Returned,5.0,คุณภาพต่ำกว่าที่คิด,No,11.0,1.57
103224,2686,Anucha Boonmee,anucha.boonmee20@hotmail.com,Smart Charger 384,Home & Living,506.37,7,0.0,3544.59,2023-12-29,Nakhon Si Thammarat,Songkhla,Bank Transfer,Completed,5.0,,No,12.0,0.11
101700,2667,Boonmee Wattana,boonmee.wattana315@outlook.com,Smart Desk 758,Toys,359.68,5,5.0,1708.48,2025-06-28,Surat Thani,Khon Kaen,PromptPay,Shipped,3.0,,No,13.0,1.37
103088,2277,Nittaya Meesuk,nittaya.meesuk100@yahoo.com,Plus Headphone 539,Books,888.97,5,10.0,4000.36,2024-09-07,Trang,Chonburi,Bank Transfer,Processing,,คุณภาพต่ำกว่าที่คิด,No,,0.77
104879,2710,Sombat Wongsawat,sombat.wongsawat46@yahoo.com,Plus Jacket 386,Home & Living,453.47,-1,0.0,453.47,2025-03-14,Sakon Nakhon,Khon Kaen,Installment,Shipped,5.0,คุณภาพต่ำกว่าที่คิด,No,11.0,2.42
102981,1290,Wilai Chaiyaporn,wilai.chaiyaporn603@outlook.com,Eco Jacket 422,Health,,3,0.0,2629.8,2023-08-26,Chiang Mai,Nonthaburi,COD,Completed,5.0,จะกลับมาซื้อซ้ำแน่นอน,No,,1.99
100040,2082,Siriporn Wongsawat,siriporn.wongsawat476@yahoo.com,Plus Notebook 311,Books,559.26,6,0.0,3355.56,2025-01-05,Hat Yai,Rayong,PromptPay,Completed,4.0,,No,2.0,0.1
101379,2673,Yupin Saelim,yupin.saelim103@hotmail.com,Ultra Notebook 113,Health,201.82,7,0.0,1412.74,2025-09-02,Phuket,Chiang Mai,,Completed,4.0,บริการลูกค้าดีเยี่ยม,Yes,12.0,1.42
102089,2693,Wichai Chotirat,wichai.chotirat825@outlook.com,Pro Chair 383,Automotive,252.35,2,0.0,504.7,2025-10-29,Pattaya,Udon Thani,Credit Card,Completed,3.0,โอเคสำหรับราคานี้,No,9.0,1.74
102175,2933,Thawatchai Chotirat,,Max Speaker 909,Fashion,359.18,4,5.0,1364.88,2025-11-08,Nonthaburi,Udon Thani,COD,Completed,5.0,สินค้าดีมาก คุ้มราคา,No,14.0,0.46
103217,2573,Suree Boonmee,,Ultra Blender 688,Automotive,1392.03,6,5.0,7934.57,2024-02-08,Sakon Nakhon,Nonthaburi,COD,Shipped,,ของมาช้ากว่ากำหนด,No,2.0,0.22
102885,1850,Ploy Prasertsak,,Smart Notebook 417,Electronics,189.07,4,5.0,718.47,2023-05-07,Khon Kaen,Udon Thani,COD,Returned,,โอเคสำหรับราคานี้,Yes,9.0,3.3
100074,2363,Anucha Prasertsak,anucha.prasertsak447@hotmail.com,Smart Keyboard 739,Beauty,786.81,1,0.0,786.81,2023-03-05,Hat Yai,Songkhla,PromptPay,Shipped,1.0,,,8.0,1.98
103961,1304,Yupin Sukjai,yupin.sukjai136@yahoo.com,Pro Mouse 557,Sports,215.09,4,25.0,645.27,2023-01-30,Nong Khai,Chonburi,Credit Card,Shipped,,ใช้งานได้ตามที่คาดหวัง,No,1.0,1.11
104643,2889,Suree Chaiyaporn,suree.chaiyaporn466@hotmail.com,Mini Jacket 764,Automotive,561.71,9,0.0,,2025-04-14,Krabi,Chiang Mai,Credit Card,Completed,5.0,,No,10.0,0.78
102657,2291,Boonmee Wongsawat,boonmee.wongsawat532@yahoo.com,Ultra Headphone 756,Health,713.68,3,0.0,,2023-12-02,Hat Yai,Rayong,PromptPay,Completed,,จะกลับมาซื้อซ้ำแน่นอน,Yes,8.0,5.64
103180,1632,Nittaya Rattanakul,nittaya.rattanakul975@yahoo.com,Ultra Keyboard 323,Health,259.26,7,10.0,1633.34,2025-10-09,Surat Thani,Rayong,TrueMoney Wallet,Returned,2.0,สินค้าดีมาก คุ้มราคา,Yes,11.0,
102076,1376,Thawatchai Rattanakul,thawatchai.rattanakul342@gmail.com,Pro Blender 628,Home & Living,709.23,3,25.0,1595.77,2023-09-22,Phuket,Chonburi,TrueMoney Wallet,Returned,5.0,บริการลูกค้าดีเยี่ยม,No,13.0,0.8
100441,1037,Kittisak Wattana,kittisak.wattana485@hotmail.com,Eco Notebook 957,Automotive,205.29,5,0.0,1026.45,2023-03-06,Nonthaburi,Udon Thani,TrueMoney Wallet,Cancelled,4.0,โอเคสำหรับราคานี้,Yes,11.0,0.63
104100,1553,Prasert Chaiyaporn,prasert.chaiyaporn912@gmail.com,Max Sneaker 737,Fashion,583.64,3,10.0,1575.83,2024-10-15,Sakon Nakhon,Bangkok,Bank Transfer,Completed,,,No,12.0,0.79
102051,2193,Thawatchai Kaewkla,thawatchai.kaewkla581@outlook.com,Mini Blender 623,Automotive,255.0,2,30.0,357.0,2023-07-28,Buriram,Udon Thani,TrueMoney Wallet,Cancelled,4.0,โอเคสำหรับราคานี้,Yes,3.0,3.5
102541,2439,Somsri Intharak,somsri.intharak63@yahoo.com,Plus Mouse 415,Toys,452.85,6,,2717.1,2024-09-05,Nong Khai,Chiang Mai,TrueMoney Wallet,Completed,,โอเคสำหรับราคานี้,Yes,,2.97
103306,2140,Suchart Prasertsak,suchart.prasertsak670@hotmail.com,Lite Jacket 138,Toys,278.43,8,10.0,2004.7,2024-11-06,Khon Kaen,Chiang Mai,TrueMoney Wallet,Returned,5.0,แพ็คเกจไม่แน่นหนา,Yes,3.0,
101301,1661,Wichai Meesuk,wichai.meesuk547@hotmail.com,Mini Speaker 260,Health,430.23,5,0.0,2151.15,2023-05-27,Chiang Rai,Bangkok,Credit Card,Completed,3.0,,Yes,7.0,2.44
101781,1470,Malee Yodying,malee.yodying945@hotmail.com,Ultra Pillow 711,Home & Living,116.77,7,0.0,817.39,2023-03-14,Nakhon Ratchasima,Khon Kaen,PromptPay,Processing,5.0,,Yes,3.0,4.42
104838,2043,Boonmee Phetcharat,boonmee.phetcharat918@outlook.com,Pro Watch 817,Sports,584.67,1,0.0,584.67,2024-11-13,Ubon Ratchathani,Nakhon Ratchasima,Installment,Completed,5.0,,No,8.0,8.2
103430,1994,Yupin Chantra,yupin.chantra559@outlook.com,Pro Notebook 410,Sports,510.19,4,10.0,1836.68,2024-01-18,Chiang Mai,Udon Thani,COD,Cancelled,,,No,3.0,0.98
101304,2605,Suchart Srisuk,suchart.srisuk564@yahoo.com,Eco Jacket 373,Sports,1022.48,6,0.0,6134.88,2024-05-29,Trang,Nonthaburi,Credit Card,Processing,,โอเคสำหรับราคานี้,,6.0,1.6
100236,2529,Kittisak Yodying,kittisak.yodying379@outlook.com,Smart Lamp 662,Automotive,99.13,7,20.0,555.13,2025-03-21,Nakhon Si Thammarat,Bangkok,Credit Card,Processing,,,Yes,6.0,0.52
102599,1661,Pichit Wattana,pichit.wattana440@gmail.com,Smart Bottle 411,Fashion,927.4,3,15.0,2364.87,2025-05-29,Nong Khai,Songkhla,PromptPay,Completed,3.0,,Yes,11.0,1.06
100520,2834,Anan Meesuk,anan.meesuk647@yahoo.com,Plus Notebook 758,Toys,631.65,4,15.0,2147.61,2024-06-26,Buriram,Nakhon Ratchasima,PromptPay,Completed,,,No,7.0,2.82
102573,2013,Sombat Prasertsak,sombat.prasertsak774@gmail.com,Max Pillow 774,Toys,499.26,3,0.0,1497.78,2023-09-10,Nong Khai,Phuket,TrueMoney Wallet,Returned,2.0,แพ็คเกจไม่แน่นหนา,No,5.0,0.1
103280,2229,Malee Sukjai,malee.sukjai650@gmail.com,Max Blender 597,Fashion,527.44,8,10.0,3797.57,2025-03-04,Lampang,Khon Kaen,Installment,Completed,4.0,,Yes,8.0,0.54
103186,2931,Ratana Rattanakul,ratana.rattanakul500@gmail.com,Smart Desk 892,Sports,,7,15.0,7339.27,2024-07-29,Bangkok,Udon Thani,COD,Completed,4.0,,No,13.0,1.63
102768,2780,Sombat Meesuk,sombat.meesuk178@gmail.com,Pro Jacket 605,Fashion,298.4,2,0.0,596.8,2025-03-19,Pattaya,Nakhon Ratchasima,TrueMoney Wallet,Completed,,,Yes,7.0,1.79
100735,1969,Ratana Chotirat,ratana.chotirat346@hotmail.com,Lite Blender 745,Groceries,406.17,6,0.0,2437.02,2023-04-16,Lampang,Nakhon Ratchasima,PromptPay,Shipped,,ของมาช้ากว่ากำหนด,No,,0.62
104727,1244,Wilai Boonmee,wilai.boonmee168@gmail.com,Max Sneaker 929,Electronics,574.82,1,30.0,402.37,2025-11-25,Nong Khai,Khon Kaen,COD,Completed,,,No,2.0,1.28
104954,2924,Ratana Rattanakul,ratana.rattanakul571@outlook.com,Max Wallet 608,Automotive,546.42,1,20.0,437.14,2024-09-28,Ubon Ratchathani,Phuket,Installment,Processing,4.0,,Yes,2.0,2.03
102106,1186,Siriporn Sinthop,siriporn.sinthop443@hotmail.com,Pro Lamp 159,Sports,1357.37,2,0.0,2714.74,2025-10-04,Chiang Rai,Bangkok,Credit Card,Completed,,,No,11.0,1.46
102679,1836,Niran Kaewkla,,Eco Pillow 354,Health,475.75,8,0.0,3806.0,2025-05-04,Nong Khai,Khon Kaen,TrueMoney Wallet,Cancelled,4.0,จะกลับมาซื้อซ้ำแน่นอน,No,13.0,0.25
103229,1340,Kanya Kaewkla,,Eco Wallet 667,Beauty,312.49,7,5.0,2078.06,2023-03-07,Khon Kaen,Bangkok,TrueMoney Wallet,Shipped,5.0,ส่งไวมาก ประทับใจ,No,,
102761,1281,Chomphunut Panyawong,chomphunut.panyawong67@hotmail.com,Ultra Sneaker 704,Home & Living,842.31,9,10.0,6822.71,2025-02-16,Khon Kaen,Nonthaburi,COD,Completed,,,Yes,13.0,1.46
100592,1935,Ratana Phetcharat,ratana.phetcharat302@gmail.com,Plus Pillow 783,Books,559.39,4,10.0,2013.8,2025-11-13,Ubon Ratchathani,Udon Thani,Installment,Completed,2.0,,No,14.0,2.76
101303,2733,Pichit Rattanakul,pichit.rattanakul197@outlook.com,Mini Headphone 543,Electronics,219.24,8,15.0,1490.83,2023-01-06,Chiang Mai,Phuket,,Returned,,,No,3.0,0.83
101387,2342,Rungnapa Kaewkla,rungnapa.kaewkla789@gmail.com,Ultra Speaker 357,Fashion,532.85,9,0.0,4795.65,2025-04-04,Nakhon Si Thammarat,Bangkok,TrueMoney Wallet,Completed,5.0,,Yes,,2.21
104719,1447,Duangjai Chantra,duangjai.chantra46@yahoo.com,Smart Pillow 674,Health,635.86,9,0.0,5722.74,2024-07-15,Pattaya,Chiang Mai,Installment,Completed,1.0,,No,3.0,0.55
104549,1726,Duangjai Sukjai,duangjai.sukjai94@yahoo.com,Smart Keyboard 108,Sports,272.12,2,0.0,544.24,2024-03-30,,Bangkok,Credit Card,Completed,4.0,,No,5.0,2.31
103999,2600,Somsri Panyawong,somsri.panyawong750@gmail.com,Plus Charger 552,Sports,,9,10.0,4916.05,2023-04-02,Nakhon Si Thammarat,Udon Thani,TrueMoney Wallet,Completed,5.0,,No,,0.55
101890,2136,Somkiat Chantra,somkiat.chantra480@outlook.com,Plus Wallet 143,Automotive,326.45,1,30.0,,2024-08-24,Bangkok,Nakhon Ratchasima,COD,Completed,3.0,,No,11.0,2.49
102987,2681,Ploy Srisuk,ploy.srisuk843@outlook.com,Mini Bottle 246,Beauty,307.68,7,0.0,2153.76,2024-01-22,Chiang Rai,Udon Thani,Installment,Completed,1.0,,No,13.0,0.23
104949,1910,Wichai Chaiyaporn,wichai.chaiyaporn218@hotmail.com,Lite Camera 597,Electronics,963.26,5,0.0,4816.3,2023-04-19,Ubon Ratchathani,Rayong,COD,Completed,,ใช้งานได้ตามที่คาดหวัง,No,10.0,0.53
103297,1237,Duangjai Phetcharat,,Max Lamp 396,Beauty,333.48,4,0.0,,2025-06-18,,Chiang Mai,Credit Card,Completed,3.0,,Yes,,0.56
100904,2024,Suree Panyawong,suree.panyawong31@hotmail.com,Pro Desk 162,Electronics,209.4,4,0.0,837.6,2024-08-06,Ubon Ratchathani,Bangkok,Credit Card,Completed,3.0,,,3.0,0.3
104633,1419,Siriporn Phetcharat,siriporn.phetcharat785@yahoo.com,Mini Watch 198,Beauty,423.99,9,5.0,3625.11,2024-02-06,Hat Yai,Songkhla,COD,Completed,,ของมาช้ากว่ากำหนด,No,5.0,
101279,2799,Orawan Wattana,,Smart Notebook 430,Health,1720.27,6,15.0,8773.38,2025-09-11,Pattaya,Khon Kaen,Bank Transfer,Processing,4.0,,,1.0,0.14
100933,2699,Anan Boonmee,,Plus Backpack 929,Fashion,1395.23,7,0.0,9766.61,2024-12-16,Udon Thani,Chonburi,Credit Card,Completed,3.0,ส่งไวมาก ประทับใจ,No,3.0,1.94
104924,1193,Chaiyot Kaewkla,chaiyot.kaewkla895@gmail.com,Pro Headphone 639,Sports,238.45,2,10.0,429.21,2023-04-23,Krabi,Rayong,PromptPay,Processing,5.0,,No,5.0,0.55
102308,1334,Ratana Boonmee,ratana.boonmee880@outlook.com,Mini Camera 801,Groceries,393.36,8,10.0,2832.19,2024-02-03,Rayong,Udon Thani,PromptPay,Completed,5.0,ใช้งานได้ตามที่คาดหวัง,No,4.0,5.36
101555,2646,Ratana Chaiyaporn,ratana.chaiyaporn348@yahoo.com,Eco Notebook 907,Electronics,189.76,8,0.0,1518.08,2024-10-06,Bangkok,Nonthaburi,Bank Transfer,Processing,3.0,สินค้าดีมาก คุ้มราคา,No,1.0,1.19
104556,2347,Somsri Wongsawat,somsri.wongsawat940@hotmail.com,Max Chair 323,Books,639.1,6,0.0,3834.6,2025-04-08,Buriram,Nonthaburi,Credit Card,Completed,,,Yes,3.0,1.2
103190,2679,Malee Kaewkla,malee.kaewkla779@outlook.com,Lite Charger 332,Automotive,637.37,7,5.0,4238.51,2025-04-20,Khon Kaen,Khon Kaen,COD,Shipped,4.0,,No,10.0,2.33
104464,1752,Niran Boonmee,niran.boonmee510@gmail.com,Plus Sneaker 440,Beauty,165.36,6,0.0,992.16,2024-09-26,Phuket,Songkhla,TrueMoney Wallet,Completed,,,Yes,4.0,2.6
100706,2952,Rungnapa Rattanakul,rungnapa.rattanakul70@gmail.com,Max Backpack 557,Groceries,613.72,6,0.0,3682.32,2024-04-02,Bangkok,Chiang Mai,TrueMoney Wallet,Completed,,,No,4.0,1.87
104714,2795,Pranee Phetcharat,pranee.phetcharat148@hotmail.com,Smart Mouse 887,Automotive,665.48,1,0.0,665.48,2023-05-09,Trang,Chonburi,Credit Card,Shipped,2.0,,No,10.0,3.89
103070,1672,Suree Intharak,suree.intharak905@gmail.com,Mini Jacket 250,Health,1034.29,7,0.0,7240.03,2024-09-05,Hat Yai,Phuket,TrueMoney Wallet,Completed,4.0,,No,9.0,2.15
100745,2649,Yupin Chantra,yupin.chantra957@outlook.com,Plus Mouse 619,Electronics,801.9,3,0.0,2405.7,2024-04-05,Phuket,Nonthaburi,COD,Completed,1.0,คุณภาพต่ำกว่าที่คิด,No,11.0,2.14
103594,2850,Somkiat Chotirat,somkiat.chotirat27@outlook.com,Ultra Camera 832,Groceries,624.93,9,15.0,4780.71,2023-01-04,Nakhon Ratchasima,Chonburi,PromptPay,Processing,,,Yes,5.0,2.28
101939,1171,Wilai Thongdee,wilai.thongdee283@hotmail.com,Smart Backpack 528,Toys,353.64,7,0.0,2475.48,2024-05-22,Nakhon Si Thammarat,Songkhla,Installment,Completed,4.0,,Yes,10.0,1.12
104423,2692,Niran Rattanakul,niran.rattanakul490@gmail.com,Max Jacket 564,Books,539.79,3,20.0,1295.5,2023-07-03,Krabi,Chiang Mai,Installment,Shipped,,ส่งไวมาก ประทับใจ,No,5.0,2.36
102862,2112,Kanya Meesuk,kanya.meesuk716@hotmail.com,Ultra Charger 978,Automotive,229.54,1,10.0,206.59,2023-01-30,Bangkok,Chiang Mai,Bank Transfer,Returned,1.0,,No,8.0,0.97
104049,2404,Kanya Sinthop,kanya.sinthop15@outlook.com,Max Speaker 553,Automotive,330.79,2,15.0,562.34,2024-09-04,Phuket,Songkhla,COD,Completed,3.0,โอเคสำหรับราคานี้,No,6.0,0.51
100513,1154,Anan Thongdee,anan.thongdee211@outlook.com,Lite Watch 729,Books,744.96,5,0.0,3724.8,2023-12-11,Nakhon Si Thammarat,Nonthaburi,Credit Card,Completed,4.0,,Yes,13.0,0.38
100081,1775,Ratana Thongdee,ratana.thongdee757@outlook.com,Lite Charger 520,Home & Living,199.22,6,15.0,1016.02,2023-04-08,Chiang Mai,Khon Kaen,TrueMoney Wallet,Shipped,,,Yes,13.0,0.88
101156,2397,Anucha Meesuk,anucha.meesuk866@gmail.com,Eco Speaker 977,Groceries,811.26,8,10.0,5841.07,2024-12-17,Chiang Mai,Nonthaburi,Installment,Cancelled,,สีไม่ตรงตามรูป,Yes,9.0,1.58
101308,2373,Ratana Saelim,ratana.saelim933@outlook.com,Smart Speaker 996,Sports,556.16,6,0.0,3336.96,2023-05-11,Nong Khai,Khon Kaen,Credit Card,Completed,4.0,,Yes,4.0,6.39
104571,2401,Wichai Prasertsak,wichai.prasertsak330@gmail.com,Eco Jacket 650,Fashion,409.5,8,0.0,3276.0,2025-11-09,Lampang,Rayong,Bank Transfer,Shipped,,,Yes,11.0,1.07
100914,1823,Suchart Thongdee,suchart.thongdee485@yahoo.com,Eco Chair 393,Electronics,173.47,3,,390.31,2023-01-09,Rayong,Bangkok,Installment,Shipped,4.0,,,13.0,1.22
103452,2459,Somsri Naruemon,somsri.naruemon146@hotmail.com,Ultra Speaker 271,Toys,1009.49,2,0.0,2018.98,2024-08-19,Nonthaburi,Chonburi,TrueMoney Wallet,Shipped,4.0,,Yes,1.0,0.86
103695,2033,Somchai Naruemon,somchai.naruemon827@yahoo.com,Mini Desk 308,Electronics,608.14,2,0.0,1216.28,2025-12-14,Buriram,Khon Kaen,Bank Transfer,Completed,5.0,,No,5.0,0.88
104828,2163,Orawan Prasertsak,orawan.prasertsak152@gmail.com,Ultra Mouse 792,Fashion,167.19,9,5.0,1429.47,2025-08-02,Khon Kaen,Songkhla,Bank Transfer,Completed,1.0,ของมาช้ากว่ากำหนด,No,,3.93
103156,1769,Siriporn Sinthop,siriporn.sinthop63@hotmail.com,Max Chair 589,Home & Living,444.12,8,,3197.66,2024-03-07,Surat Thani,Phuket,Installment,Processing,3.0,,Yes,5.0,3.02
102198,2249,Niran Kaewkla,niran.kaewkla70@hotmail.com,Smart Backpack 418,Toys,381.65,1,0.0,381.65,2023-09-16,Buriram,Songkhla,Bank Transfer,Completed,,,No,14.0,0.19
104254,2838,Pranee Meesuk,pranee.meesuk953@hotmail.com,Ultra Jacket 285,Fashion,348.27,3,0.0,1044.81,2023-03-20,Rayong,Phuket,Bank Transfer,Completed,5.0,,No,12.0,0.44
100774,2392,Anucha Rattanakul,anucha.rattanakul632@gmail.com,Plus Jacket 726,Books,443.37,1,20.0,354.7,2023-07-14,Surat Thani,Chiang Mai,Installment,Completed,4.0,แพ็คเกจไม่แน่นหนา,No,13.0,
100329,1463,Wilai Saelim,wilai.saelim326@outlook.com,Plus Jacket 508,Fashion,242.45,9,0.0,2182.05,2023-05-13,Surat Thani,Phuket,Credit Card,Returned,4.0,แพ็คเกจไม่แน่นหนา,No,5.0,0.22
102054,1250,Siriporn Chotirat,,Pro Keyboard 398,Books,448.77,9,0.0,4038.93,2024-11-25,Nong Khai,Bangkok,PromptPay,Shipped,5.0,สินค้าดีมาก คุ้มราคา,No,11.0,1.09
102001,2521,Chomphunut Thongdee,chomphunut.thongdee272@yahoo.com,Eco Keyboard 719,Books,752.57,5,30.0,2634.0,2023-05-22,Pattaya,Phuket,Installment,Shipped,5.0,,No,,1.42
100943,2166,Sombat Rattanakul,sombat.rattanakul962@outlook.com,Lite Notebook 224,Fashion,599.03,2,15.0,1018.35,2024-06-27,Bangkok,Khon Kaen,Bank Transfer,Returned,4.0,จะกลับมาซื้อซ้ำแน่นอน,Yes,11.0,0.17
100822,1568,Yupin Yodying,,Mini Speaker 922,Automotive,834.34,1,0.0,,2023-07-15,Phuket,Nonthaburi,TrueMoney Wallet,Cancelled,5.0,คุณภาพต่ำกว่าที่คิด,Yes,4.0,5.84
104550,2712,Suchart Sukjai,,Mini Chair 877,Groceries,994.66,3,5.0,2834.78,2024-12-09,Phuket,Chonburi,Credit Card,Cancelled,5.0,บริการลูกค้าดีเยี่ยม,No,14.0,0.88
100909,1504,Anucha Saelim,anucha.saelim682@gmail.com,Lite Jacket 739,Automotive,,1,20.0,513.59,2024-10-30,Krabi,Bangkok,Credit Card,Cancelled,4.0,บริการลูกค้าดีเยี่ยม,No,3.0,2.98
102516,1917,,wilai.chaiyaporn899@yahoo.com,Ultra Charger 574,Beauty,359.99,8,5.0,2735.92,2025-05-18,Pattaya,Phuket,COD,Completed,,,No,9.0,1.96
100181,2028,Ratana Chotirat,ratana.chotirat445@gmail.com,Pro Lamp 986,Electronics,869.95,4,25.0,2609.85,2025-11-07,Krabi,Nonthaburi,Bank Transfer,Completed,,,No,5.0,2.8
100164,1502,Duangjai Wongsawat,duangjai.wongsawat518@hotmail.com,Pro Backpack 102,Health,731.21,2,20.0,1169.94,2023-03-24,Lampang,Chonburi,Credit Card,Completed,3.0,ของมาช้ากว่ากำหนด,,4.0,0.17
101523,1129,Orawan Naruemon,orawan.naruemon612@gmail.com,Lite Charger 109,Health,395.38,5,30.0,,2024-08-02,Sakon Nakhon,Rayong,Bank Transfer,Completed,3.0,ใช้งานได้ตามที่คาดหวัง,No,8.0,7.02
100451,1797,Sombat Srisuk,,Max Headphone 386,Books,709.49,2,,1348.03,2023-12-10,Bangkok,Songkhla,COD,Processing,5.0,โอเคสำหรับราคานี้,No,8.0,0.53
103983,2596,Thawatchai Chantra,thawatchai.chantra805@gmail.com,Smart Camera 287,Home & Living,428.49,5,25.0,1606.84,2023-02-02,Sakon Nakhon,Phuket,COD,Completed,,,No,2.0,0.35
102538,2096,Suchart Chantra,suchart.chantra30@yahoo.com,Eco Bottle 276,Toys,605.38,6,30.0,2542.6,2024-07-25,,Bangkok,COD,Completed,3.0,จะกลับมาซื้อซ้ำแน่นอน,No,8.0,3.54
104128,1259,Nittaya Yodying,nittaya.yodying210@hotmail.com,Max Watch 278,Toys,1404.86,8,0.0,11238.88,2023-11-12,Nakhon Ratchasima,Nonthaburi,COD,Completed,4.0,โอเคสำหรับราคานี้,No,9.0,1.66
104799,1272,Suree Sinthop,suree.sinthop41@gmail.com,Mini Bottle 798,Electronics,691.07,6,0.0,4146.42,2024-09-09,Hat Yai,Nonthaburi,,Completed,5.0,ของมาช้ากว่ากำหนด,Yes,5.0,0.59
101311,2853,Yupin Chaiyaporn,yupin.chaiyaporn171@yahoo.com,Smart Camera 798,Toys,976.82,5,10.0,4395.69,2025-01-16,Pattaya,Nakhon Ratchasima,TrueMoney Wallet,Completed,,,Yes,10.0,1.14
103149,1057,Prasert Meesuk,prasert.meesuk182@gmail.com,Ultra Mouse 113,Fashion,486.05,9,10.0,3937.0,2023-05-27,Khon Kaen,Chonburi,TrueMoney Wallet,Completed,5.0,,No,7.0,0.39
101111,1858,Malee Naruemon,malee.naruemon324@outlook.com,Pro Bottle 806,Toys,1518.94,4,30.0,4253.03,2024-09-25,Nakhon Ratchasima,Rayong,TrueMoney Wallet,Shipped,,,Yes,10.0,0.85
104570,1331,Somchai Boonmee,somchai.boonmee448@yahoo.com,Ultra Headphone 615,Health,476.29,3,15.0,,2025-05-04,,Khon Kaen,Bank Transfer,Completed,5.0,,No,12.0,0.39
103874,2318,Anan Naruemon,anan.naruemon112@outlook.com,Plus Wallet 341,Health,261.44,1,30.0,183.01,2023-07-26,Nakhon Si Thammarat,Nonthaburi,Credit Card,Completed,4.0,,Yes,11.0,3.17
103489,1955,Ratana Kaewkla,ratana.kaewkla146@yahoo.com,Lite Watch 113,Sports,712.56,4,15.0,2422.7,2024-04-07,Nakhon Si Thammarat,Phuket,Installment,Completed,4.0,ส่งไวมาก ประทับใจ,No,10.0,1.58
101287,2541,Duangjai Phetcharat,duangjai.phetcharat700@hotmail.com,Mini Backpack 783,Groceries,166.05,7,5.0,1104.23,2023-03-25,Buriram,Udon Thani,Installment,Completed,,,No,14.0,0.49
104792,1908,Anucha Chotirat,anucha.chotirat299@yahoo.com,Smart Blender 243,Home & Living,727.38,8,20.0,4655.23,2024-09-25,Nong Khai,Rayong,Bank Transfer,Completed,2.0,,Yes,6.0,2.67
104669,2219,Nittaya Yodying,nittaya.yodying221@outlook.com,Pro Pillow 597,Groceries,58.06,9,0.0,522.54,2024-07-13,Hat Yai,Rayong,TrueMoney Wallet,Cancelled,,บริการลูกค้าดีเยี่ยม,No,,0.42
103680,2607,Suree Saelim,suree.saelim29@yahoo.com,Pro Bottle 335,Automotive,380.38,4,5.0,1445.44,2023-07-11,Buriram,Chiang Mai,TrueMoney Wallet,Processing,4.0,,No,9.0,0.44
104353,2731,Nittaya Intharak,nittaya.intharak33@outlook.com,Smart Sneaker 588,Beauty,303.55,9,15.0,2322.16,2025-06-12,Buriram,Nakhon Ratchasima,COD,Completed,5.0,,Yes,13.0,1.39
104190,1724,Niran Wongsawat,niran.wongsawat564@gmail.com,Lite Pillow 867,Health,712.61,1,0.0,,2025-08-18,Bangkok,Chiang Mai,TrueMoney Wallet,Completed,,,Yes,,1.03
103300,1898,Niran Boonmee,niran.boonmee20@gmail.com,Max Speaker 177,Health,486.38,5,10.0,2188.71,2023-11-07,Trang,Udon Thani,Bank Transfer,Returned,,,No,5.0,0.52
103310,1993,Chaiyot Naruemon,,Smart Notebook 770,Home & Living,264.19,9,0.0,2377.71,2024-02-22,Nong Khai,Songkhla,TrueMoney Wallet,Completed,,,No,2.0,
104579,1104,Chatchai Srisuk,chatchai.srisuk213@hotmail.com,Smart Pillow 906,Beauty,359.11,2,0.0,718.22,2024-02-18,Phuket,Chonburi,Credit Card,Completed,3.0,ของมาช้ากว่ากำหนด,Yes,11.0,1.0
103125,2376,Siriporn Wattana,siriporn.wattana892@outlook.com,Plus Chair 369,Groceries,333.03,2,0.0,666.06,2025-06-19,Rayong,Bangkok,PromptPay,Cancelled,3.0,,Yes,,0.58
100327,1186,Ploy Wattana,ploy.wattana973@gmail.com,Ultra Speaker 868,Health,763.93,4,15.0,2597.36,2025-07-06,Sakon Nakhon,Nonthaburi,Credit Card,Cancelled,3.0,,No,12.0,1.03
101790,1904,Thawatchai Rattanakul,thawatchai.rattanakul836@yahoo.com,Plus Camera 230,Automotive,403.84,9,0.0,3634.56,2025-10-15,Nakhon Si Thammarat,Nakhon Ratchasima,,Completed,5.0,ส่งไวมาก ประทับใจ,No,14.0,1.0
102490,1587,Suchart Srisuk,suchart.srisuk914@gmail.com,Lite Headphone 351,Automotive,378.2,7,0.0,2647.4,2025-08-08,Pattaya,Phuket,COD,Completed,,,Yes,9.0,0.16
102006,2246,Siriporn Saelim,siriporn.saelim43@yahoo.com,Eco Bottle 730,Books,189.75,6,15.0,967.72,2025-01-20,Nonthaburi,Rayong,Credit Card,Shipped,3.0,ของมาช้ากว่ากำหนด,Yes,8.0,1.6
102007,1989,Anucha Prasertsak,anucha.prasertsak855@gmail.com,Eco Sneaker 294,Home & Living,197.55,2,25.0,296.33,2024-03-14,Lampang,Chiang Mai,Credit Card,Completed,,,No,10.0,0.87
101858,1609,Malee Wattana,malee.wattana232@hotmail.com,Max Backpack 283,Books,667.08,2,25.0,1000.62,2023-08-04,Nakhon Ratchasima,Nakhon Ratchasima,Credit Card,Completed,4.0,ใช้งานได้ตามที่คาดหวัง,No,14.0,2.07
104709,2367,Pichit Phetcharat,pichit.phetcharat683@gmail.com,Mini Bottle 148,Sports,242.15,5,0.0,1210.75,2025-11-17,Rayong,Nonthaburi,Credit Card,Processing,,โอเคสำหรับราคานี้,Yes,1.0,
100312,1766,Kittisak Chotirat,kittisak.chotirat158@yahoo.com,Ultra Charger 632,Toys,528.64,5,0.0,2643.2,2025-08-21,Trang,Udon Thani,,Cancelled,4.0,,Yes,11.0,0.59
100832,2156,Chatchai Prasertsak,chatchai.prasertsak74@yahoo.com,Lite Lamp 627,Toys,225.57,2,0.0,451.14,2024-03-24,Lampang,Phuket,Credit Card,Processing,5.0,,Yes,4.0,2.17
103079,2478,Ratana Saelim,ratana.saelim107@hotmail.com,Eco Pillow 724,Health,1137.67,1,0.0,1137.67,2025-06-12,Nong Khai,Chiang Mai,TrueMoney Wallet,Shipped,,,No,2.0,2.71
104741,1785,Prasert Wattana,prasert.wattana540@hotmail.com,Ultra Sneaker 318,Groceries,1422.75,4,0.0,5691.0,2025-07-30,Sakon Nakhon,Rayong,PromptPay,Cancelled,,ของมาช้ากว่ากำหนด,Yes,5.0,1.32
103462,1016,Suree Panyawong,suree.panyawong651@hotmail.com,Ultra Lamp 705,Home & Living,129.39,3,15.0,329.94,2025-08-18,Udon Thani,Nonthaburi,Installment,Completed,5.0,ใช้งานได้ตามที่คาดหวัง,Yes,8.0,0.56
101201,1213,Somsri Srisuk,somsri.srisuk10@gmail.com,Plus Backpack 383,Automotive,174.43,3,0.0,523.29,2024-09-03,Chiang Rai,Bangkok,Credit Card,Completed,,,Yes,1.0,0.75
104414,1819,Wichai Srisuk,wichai.srisuk487@outlook.com,Pro Speaker 384,Health,431.81,7,20.0,2418.14,2023-12-28,Pattaya,Nonthaburi,TrueMoney Wallet,Completed,,บริการลูกค้าดีเยี่ยม,No,4.0,1.61
103547,1359,Anan Sinthop,anan.sinthop368@yahoo.com,Eco Headphone 430,Beauty,717.18,7,25.0,3765.2,2024-11-25,Buriram,Phuket,Credit Card,Processing,4.0,,No,8.0,0.88
104046,1603,Sombat Sinthop,sombat.sinthop808@yahoo.com,Eco Charger 939,Sports,1769.77,9,5.0,15131.53,2024-12-03,Ubon Ratchathani,Songkhla,COD,Returned,5.0,จะกลับมาซื้อซ้ำแน่นอน,No,10.0,2.29
102134,2389,Suchart Thongdee,suchart.thongdee361@yahoo.com,Lite Bottle 230,Automotive,530.64,5,0.0,2653.2,2025-11-19,Udon Thani,Rayong,COD,Processing,2.0,,No,12.0,0.33
103451,2756,Wichai Rattanakul,wichai.rattanakul408@hotmail.com,Smart Desk 359,Groceries,868.41,7,10.0,5470.98,2024-11-24,Pattaya,Nonthaburi,Installment,Shipped,4.0,แพ็คเกจไม่แน่นหนา,,5.0,2.64
102209,1453,Suree Kaewkla,suree.kaewkla206@yahoo.com,Max Charger 209,Health,248.08,9,,2232.72,2023-10-05,Chiang Rai,Udon Thani,TrueMoney Wallet,Processing,5.0,,No,12.0,0.5
101901,1405,Kittisak Chaiyaporn,kittisak.chaiyaporn889@hotmail.com,Ultra Chair 837,Automotive,1336.12,5,5.0,6346.57,2023-07-21,Nong Khai,Phuket,Credit Card,Completed,,,No,1.0,1.0
101481,2312,Wilai Srisuk,wilai.srisuk79@gmail.com,Lite Charger 680,Fashion,811.06,8,0.0,,2024-04-10,Pattaya,Chonburi,TrueMoney Wallet,Shipped,5.0,,Yes,2.0,0.35
100777,1278,Chatchai Chantra,chatchai.chantra776@hotmail.com,Lite Sneaker 554,Electronics,869.63,6,20.0,4174.22,2024-11-07,Nonthaburi,Chonburi,COD,Completed,4.0,จะกลับมาซื้อซ้ำแน่นอน,No,4.0,0.77
100799,1264,Pranee Rattanakul,pranee.rattanakul645@gmail.com,Pro Headphone 468,Electronics,468.04,3,25.0,1053.09,2024-03-07,Sakon Nakhon,Khon Kaen,Installment,Shipped,1.0,,No,12.0,1.16
103714,2035,Chomphunut Chotirat,chomphunut.chotirat61@outlook.com,Pro Watch 361,Books,,9,15.0,5722.2,2023-07-10,Chiang Rai,Khon Kaen,Installment,Processing,5.0,,Yes,9.0,0.18
103942,1198,Somsri Chantra,somsri.chantra928@hotmail.com,Smart Headphone 975,Beauty,147.56,8,0.0,1180.48,2023-08-27,Chiang Rai,Nonthaburi,Credit Card,Completed,1.0,,Yes,,0.87
100054,2267,Orawan Chotirat,orawan.chotirat81@yahoo.com,Eco Camera 376,Health,587.45,1,0.0,587.45,2024-06-25,Nakhon Si Thammarat,Chonburi,Installment,Cancelled,5.0,,No,1.0,2.49
102972,1963,Chaiyot Sinthop,chaiyot.sinthop673@hotmail.com,Smart Mouse 530,Health,144.98,7,,1014.86,2024-03-03,Chiang Mai,Phuket,PromptPay,Cancelled,5.0,,Yes,,1.09
103335,2153,Wichai Chantra,wichai.chantra519@gmail.com,Ultra Speaker 676,ELECTRONICS,1068.85,3,0.0,3206.55,2023-03-11,Hat Yai,Bangkok,TrueMoney Wallet,Processing,4.0,สินค้าดีมาก คุ้มราคา,No,10.0,2.7
101920,2473,Nittaya Boonmee,nittaya.boonmee521@yahoo.com,Pro Speaker 355,BEAUTY,596.05,2,0.0,1192.1,2025-05-29,Lampang,Khon Kaen,PromptPay,Completed,,,No,1.0,1.45
103715,1208,Boonmee Wattana,boonmee.wattana831@gmail.com,Max Backpack 388,Home & Living,283.63,1,5.0,269.45,2025-11-12,Chiang Rai,Nonthaburi,TrueMoney Wallet,Shipped,1.0,,No,14.0,1.06
104670,1420,Wichai Kaewkla,wichai.kaewkla794@hotmail.com,Mini Keyboard 470,Automotive,162.22,7,0.0,,2023-10-25,Trang,Bangkok,Credit Card,Returned,5.0,,Yes,11.0,2.21
100946,2396,Anucha Thongdee,anucha.thongdee301@hotmail.com,Pro Blender 164,Beauty,1121.75,7,0.0,7852.25,2024-05-15,Nong Khai,Chonburi,Bank Transfer,Completed,4.0,,No,8.0,1.06
101701,2920,Chaiyot Panyawong,chaiyot.panyawong690@hotmail.com,Plus Desk 809,Automotive,438.48,3,0.0,1315.44,2024-05-28,Pattaya,Chiang Mai,TrueMoney Wallet,Returned,5.0,,No,10.0,0.58
103293,1832,Kanya Boonmee,kanya.boonmee667@yahoo.com,Lite Chair 542,Automotive,215.92,4,20.0,690.94,2024-10-26,Nakhon Si Thammarat,Rayong,Installment,Completed,1.0,,Yes,10.0,0.13
102161,1689,Chatchai Chotirat,chatchai.chotirat946@hotmail.com,Eco Wallet 972,Sports,817.87,5,,3680.42,2025-09-21,Khon Kaen,Khon Kaen,Installment,Completed,,,No,11.0,0.21
101136,1983,Somchai Thongdee,somchai.thongdee186@yahoo.com,Pro Bottle 264,Groceries,887.05,4,0.0,3548.2,2025-05-23,Bangkok,Chiang Mai,PromptPay,Completed,,สินค้าดีมาก คุ้มราคา,Yes,4.0,2.96
100987,1731,Wichai Wattana,wichai.wattana434@yahoo.com,Smart Headphone 471,Sports,396.03,3,15.0,1009.88,2024-04-04,Ubon Ratchathani,Phuket,TrueMoney Wallet,Processing,4.0,ใช้งานได้ตามที่คาดหวัง,No,5.0,0.72
102549,2341,Chomphunut Phetcharat,chomphunut.phetcharat348@gmail.com,Plus Camera 962,Home & Living,74.73,1,0.0,74.73,2025-11-08,Surat Thani,Khon Kaen,Credit Card,Completed,4.0,,Yes,12.0,1.8
100193,1891,Ploy Wongsawat,ploy.wongsawat457@hotmail.com,Lite Chair 685,Automotive,1372.28,9,0.0,12350.52,2025-03-30,Pattaya,Rayong,,Cancelled,4.0,,No,1.0,1.61
103057,1145,Pichit Meesuk,pichit.meesuk248@hotmail.com,Eco Notebook 960,Beauty,580.96,4,0.0,2323.84,2025-06-17,Nonthaburi,Rayong,COD,Completed,,ของมาช้ากว่ากำหนด,No,6.0,0.61
103246,2962,Duangjai Chantra,,Lite Headphone 597,Automotive,481.95,9,0.0,,2024-04-30,Nakhon Ratchasima,Chiang Mai,Installment,Cancelled,5.0,,No,12.0,0.14
101394,2943,Chomphunut Rattanakul,chomphunut.rattanakul208@hotmail.com,Plus Speaker 561,Electronics,525.04,7,30.0,2572.7,2025-12-18,Bangkok,Nakhon Ratchasima,Bank Transfer,Completed,5.0,,No,6.0,1.16
102637,1607,Yupin Naruemon,,Max Wallet 582,Health,203.33,9,25.0,1372.48,2023-09-09,Bangkok,Songkhla,COD,Completed,5.0,คุณภาพต่ำกว่าที่คิด,No,14.0,2.65
100768,2687,Wichai Srisuk,wichai.srisuk872@outlook.com,Plus Speaker 840,Books,1058.15,9,25.0,7142.51,2024-04-05,,Udon Thani,Bank Transfer,Completed,4.0,,Yes,8.0,0.59
104726,1910,Chaiyot Meesuk,chaiyot.meesuk1@gmail.com,Smart Wallet 697,Electronics,89.3,9,0.0,803.7,2023-04-17,Lampang,Rayong,TrueMoney Wallet,Completed,,สีไม่ตรงตามรูป,Yes,13.0,3.5
103090,1769,Chatchai Naruemon,chatchai.naruemon470@outlook.com,Smart Jacket 269,Sports,580.1,4,,1740.3,2024-09-03,Nakhon Si Thammarat,Udon Thani,COD,Completed,,,No,14.0,1.11
103495,2439,Ploy Sinthop,ploy.sinthop238@outlook.com,Eco Lamp 333,Groceries,743.95,1,20.0,595.16,2025-05-27,Krabi,Rayong,PromptPay,Processing,5.0,โอเคสำหรับราคานี้,No,13.0,0.74
103215,1783,Wichai Meesuk,wichai.meesuk850@yahoo.com,Plus Bottle 889,Health,1000.07,2,5.0,1900.13,2024-09-05,Lampang,Songkhla,PromptPay,Completed,,จะกลับมาซื้อซ้ำแน่นอน,Yes,12.0,0.22
100285,2104,Ploy Sukjai,ploy.sukjai754@yahoo.com,Max Pillow 562,Groceries,386.3,9,15.0,2955.2,2023-12-31,Chiang Mai,Bangkok,TrueMoney Wallet,Cancelled,5.0,,No,14.0,2.29
104963,1702,Yupin Kaewkla,yupin.kaewkla426@gmail.com,Eco Speaker 617,Home & Living,447.47,5,15.0,1901.75,2024-09-21,Chiang Rai,Chonburi,PromptPay,Cancelled,3.0,,No,13.0,3.57
100428,2218,Prasert Panyawong,prasert.panyawong902@gmail.com,Max Sneaker 390,Toys,381.54,8,0.0,3052.32,2024-08-22,Hat Yai,Songkhla,Credit Card,Cancelled,4.0,แพ็คเกจไม่แน่นหนา,No,1.0,1.7
104471,2875,Pichit Chotirat,pichit.chotirat403@yahoo.com,Smart Pillow 728,Electronics,822.21,1,0.0,822.21,2025-01-15,Khon Kaen,Songkhla,Credit Card,Completed,5.0,ส่งไวมาก ประทับใจ,Yes,11.0,3.23
102332,1305,Kittisak Yodying,kittisak.yodying284@yahoo.com,Ultra Wallet 561,Sports,202.42,6,0.0,1214.52,2025-06-28,Trang,Chiang Mai,COD,Returned,3.0,จะกลับมาซื้อซ้ำแน่นอน,No,12.0,2.33
102717,1591,Suree Intharak,suree.intharak183@gmail.com,Max Charger 360,Electronics,173.31,4,0.0,693.24,2024-02-28,Krabi,Khon Kaen,Bank Transfer,Completed,5.0,,Yes,12.0,0.91
102079,1920,Anan Chotirat,anan.chotirat708@yahoo.com,Pro Blender 693,Automotive,1297.81,1,10.0,1168.03,2024-07-04,Udon Thani,Phuket,TrueMoney Wallet,Processing,5.0,,No,,1.9
103389,2726,Pranee Chaiyaporn,pranee.chaiyaporn68@gmail.com,Mini Mouse 190,Sports,746.28,1,0.0,746.28,2023-05-08,Lampang,Udon Thani,Credit Card,Completed,4.0,,No,8.0,0.42
100722,2630,Niran Wattana,niran.wattana915@hotmail.com,Plus Keyboard 393,Fashion,563.77,7,0.0,3946.39,2023-06-28,Chiang Mai,Chonburi,Credit Card,Returned,4.0,,No,,1.05
100951,1470,Malee Chantra,,Pro Desk 185,Books,516.3,8,0.0,4130.4,2025-10-16,Ubon Ratchathani,Chonburi,Installment,Shipped,,,No,10.0,4.35
104406,1437,Siriporn Sukjai,,Pro Pillow 829,Health,708.38,3,0.0,2125.14,2025-09-24,Hat Yai,Udon Thani,Credit Card,Processing,1.0,ใช้งานได้ตามที่คาดหวัง,Yes,9.0,3.79
104845,1882,,anucha.boonmee399@hotmail.com,Eco Wallet 951,Health,532.53,8,0.0,4260.24,2023-12-31,Sakon Nakhon,Rayong,Installment,Completed,3.0,,Yes,9.0,1.62
102262,1760,Chaiyot Chotirat,chaiyot.chotirat455@yahoo.com,Mini Lamp 856,Sports,315.84,8,10.0,2274.05,2025-11-02,Chiang Mai,Songkhla,Credit Card,Returned,,,No,3.0,1.48
100989,1924,Malee Thongdee,malee.thongdee817@hotmail.com,Eco Camera 123,Books,526.92,7,0.0,3688.44,2025-06-03,Bangkok,Udon Thani,Installment,Completed,4.0,,Yes,13.0,2.77
103212,1799,Anucha Naruemon,,Eco Watch 126,Automotive,363.26,5,0.0,1816.3,2023-07-26,Chiang Mai,Phuket,Bank Transfer,Completed,5.0,,No,9.0,1.76
101759,1774,Ratana Boonmee,ratana.boonmee185@yahoo.com,Max Chair 583,Toys,674.07,2,10.0,1213.33,2023-09-07,Sakon Nakhon,Rayong,Bank Transfer,Completed,,จะกลับมาซื้อซ้ำแน่นอน,Yes,7.0,0.76
104129,1989,Chaiyot Boonmee,chaiyot.boonmee304@gmail.com,Max Pillow 290,Automotive,854.51,5,0.0,4272.55,2023-02-08,Nakhon Si Thammarat,Songkhla,PromptPay,Returned,3.0,,Yes,13.0,0.32
100326,2147,Chomphunut Saelim,chomphunut.saelim505@outlook.com,Lite Bottle 926,Groceries,687.58,2,5.0,1306.4,2025-12-30,Chiang Mai,Songkhla,TrueMoney Wallet,Completed,3.0,,No,10.0,4.05
102608,1754,Anucha Phetcharat,anucha.phetcharat464@hotmail.com,Smart Mouse 130,Beauty,270.59,4,0.0,1082.36,2024-01-19,Udon Thani,Chiang Mai,Installment,Returned,,ส่งไวมาก ประทับใจ,No,13.0,
101383,2191,Suree Naruemon,suree.naruemon22@gmail.com,Mini Camera 334,Toys,205.82,7,30.0,1008.52,2025-01-25,Nonthaburi,Rayong,COD,Completed,5.0,,Yes,4.0,1.39
101724,2858,Chomphunut Phetcharat,chomphunut.phetcharat209@gmail.com,Plus Chair 967,Automotive,192.51,1,0.0,192.51,2025-01-07,Chiang Mai,Phuket,Bank Transfer,Cancelled,5.0,,No,6.0,2.11
101086,1762,Anucha Sinthop,anucha.sinthop536@yahoo.com,Max Blender 245,Health,817.18,3,0.0,2451.54,2025-06-30,Pattaya,Chiang Mai,Installment,Returned,5.0,ของมาช้ากว่ากำหนด,No,8.0,2.73
102523,1121,Nittaya Sukjai,nittaya.sukjai303@gmail.com,Max Wallet 406,Home & Living,602.19,9,20.0,4335.77,2024-11-24,Trang,Bangkok,TrueMoney Wallet,Completed,,,Yes,2.0,0.54
100341,2171,Niran Panyawong,,Smart Chair 157,Toys,967.06,3,0.0,2901.18,2024-02-05,,Songkhla,PromptPay,Returned,5.0,,No,2.0,1.83
103701,1922,Sombat Yodying,sombat.yodying510@hotmail.com,Pro Speaker 755,Toys,420.35,6,0.0,2522.1,2024-12-27,Hat Yai,Nonthaburi,Installment,Completed,5.0,,Yes,14.0,0.68
100147,2698,Kanya Boonmee,kanya.boonmee801@gmail.com,Pro Sneaker 430,Sports,716.68,4,10.0,2580.05,2023-10-28,Hat Yai,Bangkok,COD,Completed,1.0,บริการลูกค้าดีเยี่ยม,No,11.0,1.65
100688,2348,Wilai Prasertsak,wilai.prasertsak931@outlook.com,Plus Camera 279,Beauty,171.37,4,10.0,616.93,2023-06-06,Lampang,Nonthaburi,COD,Shipped,5.0,,Yes,10.0,1.57
103432,1699,Boonmee Panyawong,boonmee.panyawong672@yahoo.com,Max Watch 194,Books,309.55,5,0.0,1547.75,2024-05-05,Nakhon Si Thammarat,Chonburi,PromptPay,Completed,5.0,คุณภาพต่ำกว่าที่คิด,No,6.0,0.35
100966,2371,Duangjai Sinthop,duangjai.sinthop945@outlook.com,Smart Mouse 954,Health,491.43,3,5.0,,2025-08-17,Udon Thani,Chonburi,Credit Card,Completed,,,No,2.0,
104751,1108,Yupin Yodying,yupin.yodying110@hotmail.com,Max Jacket 777,Electronics,289.82,8,15.0,1970.78,2024-02-10,Udon Thani,Nonthaburi,PromptPay,Completed,4.0,ส่งไวมาก ประทับใจ,No,2.0,
102203,1327,Malee Intharak,,Lite Backpack 815,Automotive,760.3,1,0.0,760.3,2024-04-26,Surat Thani,Nakhon Ratchasima,Credit Card,Cancelled,5.0,คุณภาพต่ำกว่าที่คิด,No,6.0,1.89
102713,2033,Boonmee Naruemon,boonmee.naruemon502@yahoo.com,Eco Camera 669,Groceries,525.82,6,0.0,3154.92,2025-07-08,Lampang,Khon Kaen,COD,Returned,4.0,,Yes,3.0,
103572,2511,Kittisak Sinthop,kittisak.sinthop918@yahoo.com,Max Keyboard 402,Toys,399.04,9,15.0,3052.66,2024-02-20,Sakon Nakhon,Rayong,Bank Transfer,Completed,,,Yes,10.0,1.12
101990,2109,Rungnapa Sukjai,rungnapa.sukjai676@hotmail.com,Mini Camera 638,Home & Living,590.0,5,0.0,2950.0,2025-02-18,Lampang,Khon Kaen,PromptPay,Completed,4.0,,No,2.0,0.8
104124,2915,Pichit Panyawong,pichit.panyawong537@yahoo.com,Eco Wallet 309,Health,332.24,6,0.0,1993.44,2025-06-11,Ubon Ratchathani,Songkhla,Installment,Completed,5.0,,Yes,14.0,3.41
104766,1342,Kanya Sinthop,kanya.sinthop447@outlook.com,Smart Headphone 196,Automotive ,2091.22,5,15.0,8887.68,2025-08-30,Lampang,Phuket,,Completed,5.0,ใช้งานได้ตามที่คาดหวัง,No,9.0,0.12
103600,1413,Boonmee Sukjai,boonmee.sukjai988@gmail.com,Ultra Bottle 239,Electronics,525.87,9,0.0,4732.83,2025-08-17,Krabi,Nonthaburi,Bank Transfer,Completed,3.0,,No,9.0,0.11
104590,1712,Chomphunut Rattanakul,chomphunut.rattanakul369@outlook.com,Lite Headphone 387,Fashion,787.26,7,0.0,5510.82,2023-12-03,Trang,Nakhon Ratchasima,TrueMoney Wallet,Completed,,,No,7.0,1.92
103686,2923,Thawatchai Sukjai,thawatchai.sukjai894@hotmail.com,Max Camera 599,Books,203.41,1,15.0,172.9,2025-03-14,Hat Yai,Songkhla,PromptPay,Completed,3.0,,Yes,4.0,0.31
104416,1405,Anucha Panyawong,anucha.panyawong929@hotmail.com,Smart Headphone 259,Home & Living,570.09,5,5.0,2707.93,2024-10-02,Nonthaburi,Nonthaburi,COD,Completed,4.0,แพ็คเกจไม่แน่นหนา,Yes,3.0,1.76
100385,1403,Somsri Chantra,somsri.chantra860@gmail.com,Eco Desk 210,Groceries,484.68,6,10.0,2617.27,2025-09-08,Rayong,Nakhon Ratchasima,Installment,Shipped,,โอเคสำหรับราคานี้,Yes,1.0,0.83
104393,2347,Malee Wattana,malee.wattana6@outlook.com,Ultra Wallet 179,Automotive,650.33,7,20.0,3641.85,2024-06-07,Rayong,Nonthaburi,Installment,Completed,4.0,,No,3.0,0.26
104618,2236,Anucha Boonmee,anucha.boonmee296@outlook.com,Ultra Speaker 839,Home & Living,1141.14,5,0.0,5705.7,2024-03-08,Hat Yai,Khon Kaen,Bank Transfer,Completed,4.0,สีไม่ตรงตามรูป,No,1.0,0.17
100536,2848,Prasert Saelim,prasert.saelim829@yahoo.com,Plus Headphone 824,Toys,480.46,6,5.0,2738.62,2025-11-17,Bangkok,Phuket,Installment,Completed,5.0,,Yes,10.0,1.39
104689,1880,Siriporn Chotirat,siriporn.chotirat80@yahoo.com,Ultra Blender 774,Groceries,1571.28,1,5.0,1492.72,2023-11-04,Nakhon Si Thammarat,Nonthaburi,PromptPay,Completed,1.0,,Yes,13.0,1.98
103507,2644,Chatchai Yodying,,Mini Lamp 736,Electronics ,116.76,9,0.0,1050.84,2025-06-11,Rayong,Phuket,Credit Card,Shipped,,,No,12.0,0.15
100201,2020,Pichit Kaewkla,pichit.kaewkla400@hotmail.com,Smart Headphone 463,Beauty,1193.32,6,0.0,7159.92,2025-04-04,Sakon Nakhon,Nonthaburi,COD,Completed,,คุณภาพต่ำกว่าที่คิด,No,1.0,0.52
101332,2870,Thawatchai Intharak,thawatchai.intharak47@hotmail.com,Lite Chair 894,Health,451.18,4,20.0,1443.78,2023-09-21,Pattaya,Nonthaburi,PromptPay,Completed,5.0,,No,12.0,0.25
103502,2223,Chaiyot Chotirat,chaiyot.chotirat391@yahoo.com,Smart Watch 220,Electronics,753.15,2,0.0,1506.3,2025-12-21,Pattaya,Khon Kaen,Bank Transfer,Shipped,5.0,,Yes,7.0,1.09
102708,1300,Duangjai Prasertsak,duangjai.prasertsak979@hotmail.com,Max Mouse 682,Toys,221.58,1,5.0,210.5,2024-01-24,Chiang Rai,Chonburi,TrueMoney Wallet,Shipped,5.0,แพ็คเกจไม่แน่นหนา,No,1.0,0.33
104021,1570,Wilai Prasertsak,wilai.prasertsak67@gmail.com,Mini Notebook 158,Fashion,1924.88,5,25.0,7218.3,2025-10-14,Trang,Phuket,COD,Shipped,3.0,,No,,0.27
101854,2310,Suchart Chotirat,suchart.chotirat30@hotmail.com,Mini Mouse 696,HOME & LIVING,1001.86,7,20.0,5610.42,2025-04-06,Bangkok,Chonburi,Credit Card,Completed,,,No,7.0,3.51
104558,2696,Rungnapa Saelim,rungnapa.saelim4@hotmail.com,Plus Backpack 547,Electronics,1338.07,2,0.0,2676.14,2024-06-11,Nonthaburi,Songkhla,Bank Transfer,Completed,2.0,จะกลับมาซื้อซ้ำแน่นอน,Yes,14.0,2.0
102872,2633,Anan Prasertsak,anan.prasertsak840@outlook.com,Plus Chair 192,Books,1573.26,4,10.0,5663.74,2023-01-16,Phuket,Nakhon Ratchasima,Installment,Completed,4.0,,Yes,3.0,1.26
103030,2243,Suree Meesuk,suree.meesuk672@hotmail.com,Smart Chair 557,Books,399.89,6,0.0,2399.34,2025-06-03,,Bangkok,PromptPay,Completed,5.0,,Yes,6.0,2.43
101205,1106,Chatchai Chotirat,chatchai.chotirat421@gmail.com,Lite Lamp 349,Groceries,367.4,2,0.0,734.8,2024-01-18,,Chonburi,Installment,Shipped,5.0,,Yes,14.0,0.93
101645,1661,Chatchai Wattana,chatchai.wattana919@outlook.com,Lite Wallet 928,Fashion,273.9,8,30.0,1533.84,2023-04-14,,Chiang Mai,TrueMoney Wallet,Completed,5.0,,Yes,,0.93
103417,1900,Ratana Rattanakul,ratana.rattanakul766@outlook.com,Mini Notebook 224,Electronics,545.6,8,5.0,4146.56,2024-05-28,Surat Thani,Chiang Mai,Credit Card,Completed,,,Yes,10.0,0.69
103476,1231,Orawan Srisuk,orawan.srisuk61@outlook.com,Smart Chair 763,SPORTS,396.07,2,0.0,792.14,2023-01-12,Sakon Nakhon,Chiang Mai,Bank Transfer,Cancelled,3.0,บริการลูกค้าดีเยี่ยม,No,8.0,
102861,2704,Somchai Panyawong,somchai.panyawong564@outlook.com,Ultra Mouse 812,Groceries,444.19,1,20.0,355.35,2023-08-18,Pattaya,Songkhla,COD,Completed,,ของมาช้ากว่ากำหนด,No,3.0,1.72
101792,2076,Malee Chantra,malee.chantra622@outlook.com,Max Keyboard 342,home & living,814.92,8,10.0,5867.42,2025-04-02,Chiang Rai,Chonburi,PromptPay,Completed,,,Yes,11.0,2.02
103797,1018,Somkiat Intharak,somkiat.intharak781@gmail.com,Max Sneaker 878,Toys,163.58,4,0.0,654.32,2023-04-14,Pattaya,Phuket,PromptPay,Completed,2.0,สีไม่ตรงตามรูป,No,5.0,3.42
103368,1763,Chatchai Saelim,,Eco Bottle 585,Beauty,460.72,7,0.0,3225.04,2025-10-15,Khon Kaen,Phuket,Installment,Shipped,4.0,,Yes,6.0,1.92
103367,1399,Sombat Srisuk,sombat.srisuk844@hotmail.com,Pro Charger 123,Beauty,855.83,4,0.0,3423.32,2025-03-19,Rayong,Rayong,COD,Completed,,,Yes,11.0,0.31
103533,1349,Suchart Wongsawat,suchart.wongsawat736@gmail.com,Ultra Wallet 570,Automotive,136.14,9,0.0,1225.26,2025-05-22,Buriram,Udon Thani,PromptPay,Returned,4.0,สินค้าดีมาก คุ้มราคา,,5.0,0.61
103449,2250,Anucha Intharak,anucha.intharak447@gmail.com,Smart Wallet 777,Fashion,,6,25.0,276.88,2025-07-24,Ubon Ratchathani,Bangkok,TrueMoney Wallet,Returned,5.0,,No,14.0,
100603,1830,Boonmee Chotirat,boonmee.chotirat876@yahoo.com,Ultra Blender 194,Home & Living,729.87,6,5.0,4160.26,2025-09-26,Rayong,Udon Thani,Credit Card,Shipped,4.0,สินค้าดีมาก คุ้มราคา,No,13.0,5.19
103056,1856,Anucha Saelim,anucha.saelim701@outlook.com,Eco Keyboard 988,Toys,656.14,7,0.0,4592.98,2023-09-17,Buriram,Udon Thani,PromptPay,Completed,,,No,13.0,2.41
104383,2327,Boonmee Intharak,boonmee.intharak715@outlook.com,Mini Jacket 451,Home & Living,1042.31,6,0.0,6253.86,2024-06-04,Pattaya,Songkhla,Credit Card,Processing,,คุณภาพต่ำกว่าที่คิด,No,9.0,3.03
100126,1763,Kanya Prasertsak,kanya.prasertsak311@hotmail.com,Eco Sneaker 995,Books,492.21,5,0.0,2461.05,2024-02-04,Nakhon Ratchasima,Songkhla,,Shipped,5.0,,No,1.0,0.23
103876,1930,Duangjai Naruemon,duangjai.naruemon53@hotmail.com,Ultra Blender 189,Toys,1453.22,5,0.0,7266.1,2023-11-02,Sakon Nakhon,Udon Thani,Bank Transfer,Completed,5.0,,No,6.0,2.85
102935,2316,Malee Thongdee,malee.thongdee611@gmail.com,Ultra Notebook 147,Electronics,829.05,5,10.0,3730.72,2025-10-25,Hat Yai,Khon Kaen,Installment,Shipped,5.0,,Yes,7.0,0.21
103531,2284,Niran Wongsawat,niran.wongsawat370@outlook.com,Smart Blender 486,Fashion,1046.0,2,0.0,2092.0,2025-07-23,Nakhon Ratchasima,Songkhla,Bank Transfer,Completed,,,Yes,2.0,0.21
102730,1512,Chatchai Chotirat,chatchai.chotirat938@yahoo.com,Plus Chair 931,Beauty,2514.8,2,0.0,5029.6,2023-11-04,Pattaya,Phuket,TrueMoney Wallet,Completed,,สินค้าดีมาก คุ้มราคา,Yes,2.0,0.45
100827,2209,Anucha Wongsawat,anucha.wongsawat567@hotmail.com,Max Sneaker 585,Books,204.67,4,15.0,695.88,2023-08-10,Lampang,Nonthaburi,Installment,Completed,4.0,ของมาช้ากว่ากำหนด,No,8.0,3.77
101639,2879,Rungnapa Boonmee,rungnapa.boonmee364@outlook.com,Ultra Chair 435,Health,293.1,3,0.0,879.3,2024-05-15,Hat Yai,Chonburi,Bank Transfer,Returned,5.0,,No,7.0,3.97
100984,1928,Boonmee Saelim,boonmee.saelim319@gmail.com,Max Keyboard 641,Health,297.2,3,15.0,757.86,2024-09-27,Bangkok,Bangkok,COD,Completed,2.0,,No,5.0,
103281,2811,Duangjai Rattanakul,duangjai.rattanakul753@gmail.com,Max Desk 567,Groceries,377.44,2,0.0,754.88,2024-02-25,Hat Yai,Khon Kaen,COD,Cancelled,4.0,,No,1.0,3.37
104996,2679,Chaiyot Boonmee,chaiyot.boonmee326@gmail.com,Ultra Keyboard 333,Electronics,458.86,1,0.0,458.86,2025-04-28,Chiang Mai,Nonthaburi,TrueMoney Wallet,Cancelled,,สินค้าดีมาก คุ้มราคา,No,11.0,5.25
102188,1737,Orawan Panyawong,orawan.panyawong895@gmail.com,Lite Sneaker 640,Fashion,354.33,2,10.0,637.79,2023-03-21,Trang,Phuket,Installment,Cancelled,4.0,,No,,1.12
104904,1942,Orawan Meesuk,orawan.meesuk799@gmail.com,Pro Headphone 143,Groceries,1587.93,8,0.0,12703.44,2025-05-30,Krabi,Songkhla,Bank Transfer,Completed,,บริการลูกค้าดีเยี่ยม,Yes,14.0,0.44
102443,1205,Boonmee Intharak,boonmee.intharak968@gmail.com,Pro Headphone 775,Home & Living,169.97,3,10.0,458.92,2024-01-20,Phuket,Khon Kaen,TrueMoney Wallet,Completed,4.0,ส่งไวมาก ประทับใจ,No,,2.05
100362,2787,Nittaya Meesuk,nittaya.meesuk216@yahoo.com,Plus Sneaker 235,Fashion,613.39,1,10.0,552.05,2024-11-14,Udon Thani,Khon Kaen,Credit Card,Shipped,4.0,,Yes,9.0,0.19
102349,1878,Duangjai Prasertsak,duangjai.prasertsak615@hotmail.com,Mini Headphone 731,Toys,1107.92,6,0.0,6647.52,2024-07-16,Pattaya,Rayong,Installment,Completed,4.0,ส่งไวมาก ประทับใจ,Yes,6.0,
100345,1488,Chaiyot Sukjai,chaiyot.sukjai43@gmail.com,Lite Chair 300,Automotive,323.17,8,0.0,2585.36,2023-02-21,Nong Khai,Nonthaburi,COD,Completed,,,Yes,1.0,1.0
100814,2048,Anan Yodying,anan.yodying991@hotmail.com,Max Charger 959,Health,256.35,3,0.0,769.05,2024-03-23,Bangkok,Songkhla,PromptPay,Completed,,,Yes,,2.44
103205,1148,Niran Panyawong,niran.panyawong873@hotmail.com,Max Chair 780,Sports,302.13,7,0.0,2114.91,2023-07-18,Lampang,Phuket,PromptPay,Completed,1.0,,Yes,5.0,2.65
104182,2963,Wilai Wattana,,Ultra Bottle 914,HOME & LIVING,176.01,6,0.0,1056.06,2024-11-18,Ubon Ratchathani,Phuket,COD,Completed,,บริการลูกค้าดีเยี่ยม,Yes,8.0,0.58
104819,2682,Pichit Meesuk,pichit.meesuk301@outlook.com,Mini Desk 928,Beauty,827.61,1,0.0,,2023-12-28,Phuket,Songkhla,Credit Card,Completed,,,Yes,11.0,0.23
103325,2555,Yupin Wongsawat,yupin.wongsawat899@outlook.com,Pro Headphone 370,Fashion,226.06,9,0.0,2034.54,2023-07-02,Phuket,Rayong,TrueMoney Wallet,Returned,3.0,,No,5.0,2.61
104106,1774,Orawan Wongsawat,orawan.wongsawat69@outlook.com,Lite Mouse 538,Beauty,937.77,9,20.0,6751.94,2023-07-14,Rayong,Bangkok,Installment,Shipped,,,No,1.0,0.27
102116,2367,Pranee Srisuk,pranee.srisuk401@outlook.com,Plus Pillow 752,Fashion,,4,0.0,1450.0,2024-04-13,Krabi,Phuket,COD,Completed,,,No,2.0,2.09
101834,2169,Duangjai Chaiyaporn,duangjai.chaiyaporn292@gmail.com,Pro Lamp 624,Toys,373.55,8,0.0,2988.4,2024-05-30,Pattaya,Phuket,Credit Card,Shipped,,บริการลูกค้าดีเยี่ยม,No,12.0,0.36
100793,2635,Wilai Chotirat,wilai.chotirat211@gmail.com,Smart Lamp 338,Home & Living,166.11,6,,946.83,2024-04-29,Buriram,Nakhon Ratchasima,Installment,Completed,,สีไม่ตรงตามรูป,No,7.0,1.23
104971,2283,Malee Yodying,malee.yodying567@yahoo.com,Max Watch 287,Books,296.06,6,15.0,1509.91,2023-01-03,Rayong,Phuket,PromptPay,Returned,5.0,,Yes,7.0,3.31
102674,1525,Wilai Panyawong,wilai.panyawong354@gmail.com,Lite Blender 853,Groceries,1317.98,3,25.0,2965.46,2023-10-26,Nong Khai,Chonburi,Bank Transfer,Completed,4.0,,Yes,7.0,0.11
100094,2129,Nittaya Srisuk,nittaya.srisuk410@outlook.com,Mini Desk 271,Sports,508.72,9,0.0,4578.48,2024-03-20,Surat Thani,Songkhla,Installment,Returned,4.0,,,5.0,2.38
103756,2043,Pranee Srisuk,pranee.srisuk947@yahoo.com,Eco Bottle 104,Electronics,351.61,1,0.0,351.61,2024-07-19,Nakhon Ratchasima,Phuket,COD,Shipped,5.0,,Yes,,2.2
102891,1454,Wichai Naruemon,wichai.naruemon292@yahoo.com,Ultra Blender 172,Groceries,901.88,7,25.0,4734.87,2023-01-07,Nakhon Ratchasima,Khon Kaen,COD,Completed,4.0,ส่งไวมาก ประทับใจ,No,,2.09
102371,2823,Suchart Wongsawat,suchart.wongsawat963@hotmail.com,Mini Mouse 543,Books,420.19,2,0.0,840.38,2025-05-26,Rayong,Udon Thani,COD,Processing,3.0,คุณภาพต่ำกว่าที่คิด,No,3.0,4.21
104767,1946,Kanya Rattanakul,kanya.rattanakul835@outlook.com,Eco Notebook 142,Groceries,553.46,4,0.0,2213.84,2025-04-01,Nakhon Si Thammarat,Bangkok,PromptPay,Completed,4.0,ของมาช้ากว่ากำหนด,Yes,14.0,1.28
104455,1282,Rungnapa Naruemon,rungnapa.naruemon800@outlook.com,Lite Headphone 419,Automotive,767.7,8,0.0,6141.6,2023-04-11,Trang,Phuket,Credit Card,Completed,4.0,,No,14.0,1.0
103228,1360,Duangjai Meesuk,duangjai.meesuk438@outlook.com,Pro Sneaker 313,Electronics,1385.17,6,5.0,7895.47,2025-03-06,Nonthaburi,Nonthaburi,COD,Completed,,จะกลับมาซื้อซ้ำแน่นอน,No,11.0,
102853,2243,Niran Phetcharat,niran.phetcharat83@hotmail.com,Pro Desk 701,Beauty,396.81,5,20.0,1587.24,2025-07-15,Khon Kaen,Rayong,Installment,Completed,4.0,,Yes,7.0,1.24
102912,1866,Orawan Naruemon,orawan.naruemon730@yahoo.com,Plus Bottle 430,Electronics,558.34,6,0.0,3350.04,2024-10-01,Nakhon Si Thammarat,Phuket,Credit Card,Completed,4.0,สินค้าดีมาก คุ้มราคา,No,3.0,0.68
101865,2424,Malee Panyawong,malee.panyawong970@yahoo.com,Max Jacket 913,Automotive,963.68,9,20.0,6938.5,2023-06-12,Phuket,Udon Thani,COD,Returned,,,No,,1.2
101857,1167,Somkiat Yodying,somkiat.yodying331@outlook.com,Ultra Chair 229,Electronics,485.48,5,10.0,2184.66,2024-06-20,Nonthaburi,Rayong,TrueMoney Wallet,Processing,,ส่งไวมาก ประทับใจ,No,2.0,0.21
102645,1577,Somchai Panyawong,somchai.panyawong642@outlook.com,Pro Lamp 587,Electronics,71.64,8,10.0,515.81,2023-06-12,Sakon Nakhon,Nakhon Ratchasima,TrueMoney Wallet,Shipped,1.0,,No,4.0,1.31
102243,2594,Niran Prasertsak,niran.prasertsak95@gmail.com,Max Camera 699,Books,1028.62,4,25.0,3085.86,2024-05-24,Nong Khai,Rayong,COD,Completed,4.0,,Yes,2.0,0.9
102336,1284,Nittaya Chaiyaporn,nittaya.chaiyaporn266@outlook.com,Lite Wallet 970,Automotive,343.27,6,0.0,2059.62,2025-12-29,Phuket,Chiang Mai,TrueMoney Wallet,Completed,4.0,,Yes,14.0,1.13
100950,1655,Anucha Wattana,,Eco Camera 224,Home & Living,278.2,7,10.0,1752.66,2025-02-16,Rayong,Bangkok,PromptPay,Completed,5.0,สินค้าดีมาก คุ้มราคา,No,9.0,2.93
103068,2131,Orawan Boonmee,orawan.boonmee73@outlook.com,Pro Notebook 773,Fashion,482.3,5,5.0,2290.92,2024-02-27,Nong Khai,Nonthaburi,TrueMoney Wallet,Completed,5.0,,Yes,1.0,0.92
101120,2019,Yupin Wattana,,Ultra Notebook 146,Books,668.86,1,30.0,468.2,2025-04-10,,Udon Thani,TrueMoney Wallet,Shipped,5.0,สินค้าดีมาก คุ้มราคา,Yes,5.0,1.66
102597,1913,Kanya Panyawong,,Ultra Backpack 496,Fashion,884.51,4,5.0,3361.14,2023-08-31,Nakhon Si Thammarat,Phuket,TrueMoney Wallet,Processing,4.0,,Yes,,0.7
102204,2274,Pichit Wattana,pichit.wattana597@outlook.com,Plus Lamp 708,Health,,2,0.0,945.7,2025-08-14,Trang,Chiang Mai,Bank Transfer,Completed,3.0,สินค้าดีมาก คุ้มราคา,No,11.0,0.72
100419,1800,Siriporn Naruemon,siriporn.naruemon508@yahoo.com,Pro Desk 704,Fashion,451.05,1,20.0,,2023-02-01,Pattaya,Chiang Mai,Bank Transfer,Completed,,,No,2.0,2.61
100922,1671,Niran Panyawong,niran.panyawong999@yahoo.com,Max Blender 757,Toys,698.68,9,0.0,6288.12,2023-03-31,Buriram,Nonthaburi,COD,Completed,4.0,,,,0.42
101254,2062,Siriporn Chaiyaporn,siriporn.chaiyaporn718@hotmail.com,Max Camera 369,Electronics,192.25,4,0.0,769.0,2025-07-10,,Nakhon Ratchasima,Bank Transfer,Completed,,ของมาช้ากว่ากำหนด,No,8.0,3.36
100477,2768,Pichit Intharak,pichit.intharak364@outlook.com,Max Chair 944,Health,758.36,5,0.0,3791.8,2024-12-16,Udon Thani,Nonthaburi,Credit Card,Completed,4.0,,No,8.0,1.43
102035,1496,Kanya Yodying,kanya.yodying33@outlook.com,Smart Sneaker 767,Groceries,273.62,5,15.0,1162.88,2023-10-03,Trang,Rayong,COD,Cancelled,5.0,,No,7.0,1.07
101202,1238,Anan Chaiyaporn,anan.chaiyaporn442@outlook.com,Lite Charger 972,Groceries,270.53,2,0.0,541.06,2025-05-11,Khon Kaen,Khon Kaen,COD,Completed,4.0,สีไม่ตรงตามรูป,Yes,2.0,0.53
102626,1804,Ratana Chaiyaporn,ratana.chaiyaporn38@yahoo.com,Pro Lamp 389,Groceries,826.28,4,5.0,3139.86,2025-05-27,Khon Kaen,Udon Thani,Installment,Completed,4.0,คุณภาพต่ำกว่าที่คิด,No,6.0,2.58
104842,2547,Kittisak Rattanakul,kittisak.rattanakul354@gmail.com,Ultra Watch 266,Health,411.95,9,0.0,3707.55,2023-04-29,Bangkok,Nonthaburi,Credit Card,Cancelled,4.0,,No,1.0,1.8
101970,2223,Yupin Chotirat,yupin.chotirat581@yahoo.com,Eco Notebook 107,Toys,418.57,2,0.0,837.14,2024-03-01,,Udon Thani,COD,Shipped,5.0,,No,10.0,1.71
103110,2241,Prasert Thongdee,prasert.thongdee151@yahoo.com,Smart Speaker 943,Electronics,769.31,1,15.0,653.91,2023-06-09,,Rayong,COD,Completed,5.0,,No,4.0,0.38
104018,2959,Wichai Saelim,wichai.saelim544@gmail.com,Plus Chair 669,Groceries,86.05,8,0.0,688.4,2025-06-05,Bangkok,Nonthaburi,COD,Processing,,,Yes,3.0,0.12
102151,1688,Rungnapa Phetcharat,rungnapa.phetcharat791@hotmail.com,Ultra Desk 531,Groceries,487.92,4,10.0,1756.51,2024-08-31,Khon Kaen,Nonthaburi,TrueMoney Wallet,Completed,,แพ็คเกจไม่แน่นหนา,No,6.0,4.13
103687,2127,Malee Sukjai,malee.sukjai615@yahoo.com,Smart Mouse 112,Books,1070.1,8,0.0,8560.8,2023-10-27,Rayong,Chonburi,PromptPay,Processing,,ใช้งานได้ตามที่คาดหวัง,No,7.0,0.67
101997,1136,Anan Yodying,anan.yodying655@gmail.com,Ultra Charger 500,Beauty,869.92,3,0.0,2609.76,2023-11-03,Chiang Mai,Bangkok,Credit Card,Completed,,สินค้าดีมาก คุ้มราคา,Yes,1.0,2.58
104033,2177,Niran Boonmee,niran.boonmee380@outlook.com,Mini Bottle 187,Health,812.68,8,0.0,6501.44,2025-02-28,Nonthaburi,Chonburi,PromptPay,Completed,3.0,,No,7.0,0.83
103054,2190,Duangjai Wongsawat,duangjai.wongsawat212@outlook.com,Mini Blender 697,Home & Living,521.98,6,5.0,2975.29,2024-06-03,Nonthaburi,Chiang Mai,Installment,Cancelled,,,Yes,12.0,2.27
101248,2038,Duangjai Intharak,duangjai.intharak786@gmail.com,Ultra Jacket 789,Home & Living,867.99,3,0.0,2603.97,2025-12-02,Trang,Chonburi,COD,Completed,,,Yes,11.0,
102192,2486,Chatchai Rattanakul,chatchai.rattanakul511@hotmail.com,Max Lamp 144,Books,545.96,8,5.0,4149.3,2023-06-17,Trang,Chonburi,Installment,Completed,,,Yes,11.0,0.72
102712,2418,Somsri Chantra,somsri.chantra574@outlook.com,Plus Speaker 869,Toys,411.77,1,15.0,350.0,2024-09-25,Chiang Rai,Chonburi,PromptPay,Completed,5.0,คุณภาพต่ำกว่าที่คิด,No,8.0,2.1
100992,2570,Suree Naruemon,suree.naruemon10@outlook.com,Ultra Mouse 969,Books,432.17,6,5.0,2463.37,2024-02-11,Nonthaburi,Chonburi,Credit Card,Completed,3.0,คุณภาพต่ำกว่าที่คิด,Yes,13.0,4.86
102190,1169,Wichai Chotirat,wichai.chotirat131@yahoo.com,Pro Camera 514,Books,565.48,3,10.0,1526.8,2023-10-05,Buriram,Nonthaburi,Bank Transfer,Cancelled,4.0,,Yes,,2.68
103762,1525,Siriporn Intharak,siriporn.intharak46@hotmail.com,Max Pillow 930,Books,462.03,1,15.0,392.73,2025-07-26,Ubon Ratchathani,Chonburi,TrueMoney Wallet,Completed,1.0,,No,12.0,0.62
103597,1984,Ploy Intharak,ploy.intharak451@hotmail.com,Mini Blender 844,Health,246.59,2,10.0,443.86,2023-01-20,Lampang,Bangkok,Credit Card,Completed,5.0,,Yes,11.0,1.83
101318,1898,Sombat Intharak,sombat.intharak170@outlook.com,Ultra Chair 774,Beauty,221.3,1,0.0,221.3,2025-12-16,Nakhon Si Thammarat,Songkhla,Credit Card,Completed,,,No,1.0,2.19
101863,1905,Ploy Prasertsak,ploy.prasertsak266@gmail.com,Eco Blender 436,Beauty,972.28,5,10.0,4375.26,2025-06-28,Hat Yai,Songkhla,Installment,Shipped,3.0,,Yes,9.0,2.14
102343,1459,Pichit Meesuk,pichit.meesuk594@yahoo.com,Lite Keyboard 205,Toys,600.18,7,5.0,3991.2,2025-08-09,,Rayong,Installment,Completed,4.0,แพ็คเกจไม่แน่นหนา,No,4.0,2.8
102449,2763,Chomphunut Panyawong,chomphunut.panyawong776@hotmail.com,Pro Speaker 196,Beauty,100.31,4,10.0,361.12,2025-08-17,Ubon Ratchathani,Chiang Mai,Credit Card,Completed,,คุณภาพต่ำกว่าที่คิด,No,,0.13
102136,2130,Sombat Sukjai,sombat.sukjai286@yahoo.com,Max Notebook 130,Books,264.99,3,0.0,794.97,2024-08-24,Nakhon Si Thammarat,Rayong,Installment,Shipped,5.0,โอเคสำหรับราคานี้,Yes,13.0,6.4
101065,2823,Somsri Sinthop,somsri.sinthop404@outlook.com,Pro Wallet 558,Books,398.51,9,30.0,2510.61,2024-05-22,Pattaya,Chonburi,Bank Transfer,Cancelled,,,No,14.0,0.18
104985,1082,Wilai Srisuk,wilai.srisuk77@outlook.com,Lite Camera 470,Automotive,67.76,7,0.0,474.32,2023-09-27,Surat Thani,Nonthaburi,COD,Shipped,4.0,แพ็คเกจไม่แน่นหนา,No,9.0,0.58
102621,1158,Yupin Phetcharat,yupin.phetcharat536@hotmail.com,Mini Headphone 514,Books,619.64,3,30.0,1301.24,2024-05-05,Udon Thani,Chiang Mai,Installment,Returned,,ของมาช้ากว่ากำหนด,Yes,13.0,0.57
100077,1955,Chomphunut Intharak,chomphunut.intharak152@outlook.com,Eco Charger 645,Home & Living,440.38,2,0.0,880.76,2024-05-23,Sakon Nakhon,Chiang Mai,COD,Completed,4.0,ส่งไวมาก ประทับใจ,No,11.0,0.25
102898,1142,Chatchai Saelim,chatchai.saelim355@gmail.com,Lite Headphone 361,Groceries,270.21,3,5.0,770.1,2024-08-30,,Bangkok,COD,Cancelled,,คุณภาพต่ำกว่าที่คิด,Yes,11.0,2.94
101314,2687,Ploy Panyawong,,Max Jacket 163,Health,217.63,1,0.0,217.63,2025-04-26,Hat Yai,Chiang Mai,COD,Completed,4.0,ส่งไวมาก ประทับใจ,Yes,3.0,0.62
104395,1976,Pichit Intharak,pichit.intharak792@outlook.com,Smart Speaker 182,Books,216.99,3,20.0,520.78,2024-09-17,Udon Thani,Chiang Mai,TrueMoney Wallet,Shipped,5.0,,Yes,11.0,0.77
100872,1216,Chaiyot Wattana,chaiyot.wattana513@outlook.com,Plus Sneaker 277,Electronics,242.92,9,0.0,2186.28,2025-02-28,Bangkok,Chonburi,TrueMoney Wallet,Completed,4.0,,No,2.0,0.4
103850,2872,Suchart Intharak,suchart.intharak377@gmail.com,Plus Backpack 368,Health,592.85,8,20.0,3794.24,2023-10-22,Buriram,Udon Thani,Installment,Completed,4.0,โอเคสำหรับราคานี้,Yes,3.0,0.4
104811,2876,Ratana Phetcharat,ratana.phetcharat509@hotmail.com,Ultra Mouse 202,Home & Living,1397.83,1,15.0,1188.16,2024-10-27,Khon Kaen,Songkhla,Bank Transfer,Returned,,บริการลูกค้าดีเยี่ยม,Yes,,
102965,1788,Boonmee Thongdee,boonmee.thongdee284@gmail.com,Mini Notebook 745,Beauty,1022.31,3,0.0,3066.93,2024-10-06,Ubon Ratchathani,Udon Thani,TrueMoney Wallet,Returned,4.0,ของมาช้ากว่ากำหนด,No,1.0,0.48
103391,1767,Chomphunut Phetcharat,chomphunut.phetcharat476@outlook.com,Pro Wallet 798,Electronics,811.31,9,15.0,6206.52,2025-02-03,Phuket,Nakhon Ratchasima,Installment,Returned,5.0,โอเคสำหรับราคานี้,No,6.0,0.68
102560,2413,Yupin Kaewkla,yupin.kaewkla935@yahoo.com,Pro Charger 588,Automotive,81.42,9,30.0,512.95,2024-11-07,Hat Yai,Chiang Mai,PromptPay,Returned,4.0,,Yes,7.0,1.23
104921,1276,Pichit Chaiyaporn,pichit.chaiyaporn784@yahoo.com,Lite Desk 670,Electronics,726.17,7,,4320.71,2024-07-25,Trang,Phuket,TrueMoney Wallet,Completed,,แพ็คเกจไม่แน่นหนา,Yes,,1.23
102635,2712,Boonmee Chaiyaporn,boonmee.chaiyaporn527@gmail.com,Pro Notebook 901,Electronics,1293.68,8,0.0,10349.44,2024-04-22,Lampang,Nonthaburi,PromptPay,Completed,4.0,,No,7.0,1.77
103530,1441,Nittaya Srisuk,nittaya.srisuk121@hotmail.com,Mini Pillow 256,Beauty,336.9,5,0.0,1684.5,2025-10-16,Nakhon Si Thammarat,Nakhon Ratchasima,TrueMoney Wallet,Completed,5.0,,No,1.0,0.78
100375,2060,Wichai Naruemon,wichai.naruemon424@outlook.com,Plus Bottle 558,Sports,342.97,4,0.0,1371.88,2023-12-17,Phuket,Nonthaburi,Installment,Cancelled,5.0,,No,1.0,0.42
101908,2171,Suchart Sukjai,suchart.sukjai898@gmail.com,Plus Sneaker 766,Health,580.89,6,5.0,3311.07,2023-10-07,Rayong,Phuket,PromptPay,Completed,4.0,,,8.0,0.22
104355,1987,Kittisak Kaewkla,kittisak.kaewkla32@yahoo.com,Max Mouse 408,Sports,70.94,3,0.0,212.82,2024-06-26,Buriram,Songkhla,Credit Card,Returned,5.0,ของมาช้ากว่ากำหนด,No,10.0,0.39
104402,1342,Prasert Chantra,prasert.chantra143@hotmail.com,Smart Chair 598,Fashion,490.17,9,15.0,3749.8,2023-02-09,Krabi,Songkhla,Installment,Processing,5.0,คุณภาพต่ำกว่าที่คิด,No,14.0,0.35
104027,1560,Chomphunut Naruemon,chomphunut.naruemon327@yahoo.com,Mini Notebook 582,Home & Living,299.42,6,0.0,1796.52,2025-07-18,Sakon Nakhon,Udon Thani,Credit Card,Cancelled,4.0,คุณภาพต่ำกว่าที่คิด,No,5.0,0.64
101604,2332,Anan Chantra,,Max Camera 457,Electronics,111.97,2,0.0,223.94,2025-11-27,Phuket,Phuket,PromptPay,Completed,,คุณภาพต่ำกว่าที่คิด,No,6.0,0.94
101118,1983,Rungnapa Thongdee,rungnapa.thongdee656@gmail.com,Ultra Pillow 878,Books,1062.72,5,30.0,3719.52,2023-04-09,Rayong,Songkhla,,Returned,,,Yes,5.0,0.59
103677,1361,Somkiat Chantra,somkiat.chantra2@gmail.com,Eco Mouse 978,Automotive,1192.0,4,10.0,4291.2,2023-07-09,Pattaya,Bangkok,Bank Transfer,Completed,,ใช้งานได้ตามที่คาดหวัง,Yes,,2.45
103490,2878,Rungnapa Sinthop,rungnapa.sinthop779@yahoo.com,Mini Keyboard 434,Beauty,412.8,2,0.0,825.6,2023-01-04,Nakhon Ratchasima,Chonburi,COD,Processing,,,Yes,6.0,0.97
104888,2863,Ratana Naruemon,ratana.naruemon308@gmail.com,Lite Chair 451,Fashion,672.18,4,0.0,2688.72,2023-03-17,Chiang Rai,Khon Kaen,TrueMoney Wallet,Cancelled,3.0,ของมาช้ากว่ากำหนด,Yes,14.0,0.48
102958,1398,Anan Wongsawat,anan.wongsawat813@hotmail.com,Max Wallet 843,Automotive,526.13,5,0.0,2630.65,2025-06-08,Lampang,Rayong,Credit Card,Completed,,,No,,1.12
101994,1334,Duangjai Yodying,duangjai.yodying369@hotmail.com,Smart Mouse 811,Beauty,353.13,7,0.0,2471.91,2023-12-03,Pattaya,Chiang Mai,COD,Completed,,ของมาช้ากว่ากำหนด,Yes,3.0,1.02
104980,2996,Boonmee Panyawong,boonmee.panyawong713@yahoo.com,Smart Mouse 591,Home & Living,409.84,7,0.0,2868.88,2023-05-06,Nong Khai,Udon Thani,PromptPay,Shipped,4.0,,Yes,4.0,
104378,2585,Somkiat Panyawong,somkiat.panyawong71@hotmail.com,Pro Backpack 758,Toys,608.77,1,0.0,608.77,2023-04-15,Surat Thani,Chonburi,TrueMoney Wallet,Completed,4.0,,Yes,8.0,0.82
102376,2045,Pichit Wongsawat,pichit.wongsawat982@hotmail.com,Ultra Lamp 815,Automotive,389.12,1,0.0,389.12,2024-05-20,Buriram,Chiang Mai,TrueMoney Wallet,Completed,4.0,,No,8.0,0.25
101342,1846,Boonmee Intharak,boonmee.intharak648@yahoo.com,Ultra Keyboard 807,Toys,292.23,7,0.0,2045.61,2023-05-20,Pattaya,Rayong,Credit Card,Completed,2.0,บริการลูกค้าดีเยี่ยม,No,14.0,1.58
100320,2930,Rungnapa Saelim,rungnapa.saelim146@outlook.com,Lite Wallet 776,Sports,203.81,6,,1222.86,2024-11-08,Trang,Nakhon Ratchasima,COD,Processing,4.0,,Yes,,
101619,1385,Kittisak Saelim,kittisak.saelim56@hotmail.com,Max Bottle 309,Books,458.08,8,0.0,3664.64,2025-09-06,Sakon Nakhon,Chonburi,COD,Completed,5.0,ส่งไวมาก ประทับใจ,Yes,8.0,0.35
103713,1565,Yupin Chaiyaporn,yupin.chaiyaporn43@yahoo.com,Pro Bottle 636,Books,210.68,6,0.0,1264.08,2025-05-16,Nakhon Si Thammarat,Chiang Mai,PromptPay,Returned,,ของมาช้ากว่ากำหนด,No,,2.0
102060,2631,Somchai Meesuk,somchai.meesuk431@outlook.com,Ultra Charger 385,Toys,809.94,6,0.0,4859.64,2023-07-07,Bangkok,Chonburi,TrueMoney Wallet,Returned,,,No,13.0,1.27
102219,2063,Wichai Panyawong,wichai.panyawong909@outlook.com,Eco Speaker 328,Books,374.34,9,0.0,3369.06,2025-06-26,Nakhon Si Thammarat,Udon Thani,COD,Completed,4.0,,Yes,5.0,1.32
101673,1722,Anan Chantra,anan.chantra567@hotmail.com,Smart Headphone 942,Electronics,313.56,4,5.0,1191.53,2025-05-21,Lampang,Nakhon Ratchasima,PromptPay,Shipped,,,No,6.0,3.06
100260,2257,Chaiyot Intharak,chaiyot.intharak811@hotmail.com,Smart Wallet 545,Automotive,239.06,5,0.0,1195.3,2025-03-01,Khon Kaen,Phuket,,Completed,,,No,3.0,0.22
104440,1950,Anucha Sinthop,anucha.sinthop220@gmail.com,Max Pillow 315,Fashion,136.97,4,0.0,547.88,2023-05-04,Trang,Rayong,Bank Transfer,Cancelled,4.0,สีไม่ตรงตามรูป,Yes,12.0,0.69
102039,1920,Pranee Saelim,pranee.saelim991@gmail.com,Ultra Lamp 491,Groceries,827.38,2,0.0,1654.76,2023-06-04,Rayong,Nonthaburi,Bank Transfer,Shipped,,สินค้าดีมาก คุ้มราคา,Yes,13.0,0.73
100901,1894,Thawatchai Sinthop,thawatchai.sinthop88@outlook.com,Lite Blender 296,Sports,110.48,2,,154.67,2024-12-26,Nong Khai,Udon Thani,Installment,Shipped,,โอเคสำหรับราคานี้,Yes,5.0,2.59
103744,2765,Ratana Wattana,ratana.wattana521@yahoo.com,Mini Pillow 759,Groceries,709.9,8,15.0,4827.32,2025-11-23,Chiang Rai,Nonthaburi,Bank Transfer,Completed,3.0,,Yes,8.0,0.64
102026,2194,Kanya Saelim,kanya.saelim52@yahoo.com,Smart Blender 247,Fashion,211.8,9,0.0,1906.2,2024-05-04,Ubon Ratchathani,Songkhla,Bank Transfer,Completed,3.0,ใช้งานได้ตามที่คาดหวัง,No,1.0,0.38
104234,1482,Malee Chaiyaporn,malee.chaiyaporn80@gmail.com,Max Watch 397,Automotive,791.35,3,0.0,2374.05,2025-09-22,Chiang Mai,Nonthaburi,Credit Card,Completed,3.0,,No,,5.5
101917,1481,Ratana Boonmee,ratana.boonmee363@outlook.com,Eco Blender 975,Beauty,621.92,7,0.0,4353.44,2024-03-15,Krabi,Khon Kaen,COD,Shipped,3.0,คุณภาพต่ำกว่าที่คิด,No,13.0,1.07
101828,2132,Somkiat Phetcharat,somkiat.phetcharat282@outlook.com,Lite Speaker 800,Groceries,243.01,5,10.0,1093.54,2025-04-24,Trang,Chonburi,TrueMoney Wallet,Completed,,,No,7.0,0.4
101573,2401,Nittaya Thongdee,nittaya.thongdee265@outlook.com,Mini Pillow 282,Books,432.56,4,10.0,1557.22,2023-02-02,Udon Thani,Khon Kaen,COD,Returned,2.0,,No,10.0,0.19
104417,1231,Somkiat Kaewkla,somkiat.kaewkla124@gmail.com,Max Jacket 156,Electronics,290.12,1,0.0,290.12,2023-09-12,Nakhon Si Thammarat,Rayong,Installment,Completed,,คุณภาพต่ำกว่าที่คิด,Yes,14.0,0.59
104208,1545,Kittisak Kaewkla,kittisak.kaewkla403@gmail.com,Max Bottle 840,Electronics,651.31,2,,1107.23,2025-09-16,Rayong,Rayong,COD,Shipped,,,Yes,5.0,2.29
100224,2976,Kittisak Sukjai,kittisak.sukjai533@hotmail.com,Plus Charger 707,Automotive,300.37,1,10.0,270.33,2023-04-05,Rayong,Rayong,Credit Card,Completed,4.0,,Yes,13.0,0.17
100723,2325,Kanya Boonmee,kanya.boonmee453@gmail.com,Pro Keyboard 591,Groceries,100.63,8,15.0,,2023-04-01,Lampang,Chiang Mai,Bank Transfer,Completed,,สินค้าดีมาก คุ้มราคา,Yes,1.0,1.04
104508,2958,Somsri Kaewkla,somsri.kaewkla955@outlook.com,Ultra Headphone 834,Sports,418.31,7,0.0,2928.17,2023-12-21,Lampang,Khon Kaen,TrueMoney Wallet,Completed,,,Yes,3.0,3.86
101141,2473,Pichit Naruemon,pichit.naruemon674@hotmail.com,Max Mouse 650,Groceries,1928.12,7,0.0,13496.84,2025-11-27,Nong Khai,Chonburi,COD,Completed,,,Yes,11.0,1.13
102762,1796,Niran Chantra,niran.chantra845@hotmail.com,Plus Chair 595,Groceries,152.52,8,0.0,1220.16,2024-07-24,Phuket,Bangkok,COD,Shipped,5.0,,No,12.0,3.08
100846,2276,Anan Sukjai,anan.sukjai395@hotmail.com,Pro Mouse 901,Sports,713.66,4,0.0,2854.64,2024-07-09,Khon Kaen,Udon Thani,COD,Shipped,,,No,12.0,1.54
102551,2341,Chatchai Saelim,chatchai.saelim420@hotmail.com,Pro Jacket 804,Sports,580.25,7,25.0,3046.31,2023-02-13,Nakhon Ratchasima,Songkhla,TrueMoney Wallet,Returned,,,No,9.0,0.69
102928,1628,Kittisak Wattana,kittisak.wattana786@gmail.com,Pro Headphone 989,Health,944.45,5,30.0,3305.58,2023-11-29,Krabi,Khon Kaen,PromptPay,Completed,4.0,สินค้าดีมาก คุ้มราคา,No,3.0,0.4
100117,2748,Somchai Chotirat,somchai.chotirat819@hotmail.com,Max Notebook 525,Toys,483.01,5,25.0,1811.29,2025-08-18,Udon Thani,Nakhon Ratchasima,Credit Card,Completed,,,,14.0,0.37
100645,2458,Sombat Thongdee,sombat.thongdee204@gmail.com,Pro Jacket 176,Books,1320.23,3,0.0,3960.69,2025-09-29,Nonthaburi,Khon Kaen,PromptPay,Completed,,,No,11.0,0.66
100003,2294,Wichai Rattanakul,wichai.rattanakul799@outlook.com,Mini Lamp 513,Fashion,361.64,7,15.0,2151.76,2023-04-25,Pattaya,Udon Thani,COD,Completed,4.0,ใช้งานได้ตามที่คาดหวัง,No,8.0,5.14
104170,1644,Nittaya Srisuk,,Plus Lamp 272,Health,113.62,4,30.0,318.14,2025-06-17,Udon Thani,Nonthaburi,Installment,Shipped,4.0,,No,13.0,0.2
100467,1016,Chatchai Thongdee,chatchai.thongdee476@outlook.com,Plus Charger 451,Toys,1046.6,3,0.0,3139.8,2024-11-17,Trang,Songkhla,Installment,Completed,4.0,,No,9.0,2.82
100005,2095,Anan Chotirat,anan.chotirat124@yahoo.com,Smart Sneaker 773,Home & Living,235.34,4,0.0,941.36,2023-04-16,Udon Thani,Songkhla,PromptPay,Returned,5.0,ของมาช้ากว่ากำหนด,No,2.0,0.38
100919,1057,Chatchai Chotirat,chatchai.chotirat964@yahoo.com,Plus Desk 470,Home & Living,904.95,5,10.0,4072.28,2025-10-07,Hat Yai,Udon Thani,TrueMoney Wallet,Completed,5.0,,Yes,1.0,0.74
102595,2617,Chatchai Chotirat,chatchai.chotirat470@hotmail.com,Pro Chair 562,Fashion,864.09,7,0.0,6048.63,2025-06-22,Nonthaburi,Phuket,TrueMoney Wallet,Processing,4.0,สีไม่ตรงตามรูป,No,10.0,
101063,1880,Ploy Srisuk,ploy.srisuk66@hotmail.com,Pro Camera 982,Sports,770.57,5,0.0,3852.85,2024-08-23,Udon Thani,Bangkok,COD,Shipped,,สินค้าดีมาก คุ้มราคา,No,10.0,0.5
102590,1308,Pranee Yodying,pranee.yodying98@outlook.com,Smart Keyboard 817,Electronics,929.99,5,0.0,4649.95,2023-09-17,Sakon Nakhon,Udon Thani,TrueMoney Wallet,Shipped,5.0,โอเคสำหรับราคานี้,Yes,13.0,0.28
100242,2408,Somchai Thongdee,somchai.thongdee750@outlook.com,Plus Camera 476,Groceries,587.0,7,,4109.0,2025-02-04,Nakhon Si Thammarat,Chiang Mai,Installment,Shipped,4.0,สีไม่ตรงตามรูป,No,10.0,0.13
101160,1359,Somchai Chantra,somchai.chantra170@gmail.com,Plus Wallet 787,Beauty,547.09,3,0.0,1641.27,2023-03-15,Nonthaburi,Rayong,COD,Completed,5.0,ส่งไวมาก ประทับใจ,,12.0,1.01
102870,1970,Pranee Thongdee,pranee.thongdee410@yahoo.com,Ultra Watch 865,Automotive,727.18,1,10.0,654.46,2024-11-09,Chiang Mai,Udon Thani,Bank Transfer,Completed,5.0,,No,2.0,1.69
103735,2404,Niran Saelim,niran.saelim315@hotmail.com,Smart Wallet 918,Health,,3,10.0,1530.85,2025-12-04,Phuket,Songkhla,Installment,Completed,4.0,,No,3.0,6.55
102397,2530,Prasert Yodying,prasert.yodying236@hotmail.com,Max Headphone 709,Home & Living,354.75,7,0.0,2483.25,2024-04-22,Trang,Bangkok,Bank Transfer,Completed,,,No,3.0,0.82
103517,2849,Wilai Naruemon,wilai.naruemon430@yahoo.com,Plus Pillow 609,Electronics,617.17,5,0.0,3085.85,2024-08-08,Krabi,Songkhla,Installment,Shipped,4.0,สีไม่ตรงตามรูป,No,4.0,1.32
103421,1241,Kittisak Rattanakul,kittisak.rattanakul147@gmail.com,Plus Speaker 302,groceries,413.23,9,5.0,3533.12,2024-04-21,Nong Khai,Rayong,Credit Card,Completed,2.0,,No,5.0,0.23
102563,1409,Pranee Chaiyaporn,pranee.chaiyaporn532@hotmail.com,Eco Wallet 854,Groceries,400.64,4,5.0,1522.43,2025-03-20,Chiang Rai,Songkhla,Credit Card,Processing,1.0,คุณภาพต่ำกว่าที่คิด,No,3.0,0.19
101605,2160,Chaiyot Naruemon,chaiyot.naruemon337@gmail.com,Max Notebook 928,Home & Living,482.18,9,5.0,4122.64,2023-08-21,Buriram,Bangkok,COD,Returned,,,No,9.0,3.57
104852,1863,Somkiat Naruemon,somkiat.naruemon675@yahoo.com,Eco Notebook 270,Toys,342.49,1,5.0,325.37,2023-11-15,Ubon Ratchathani,Nonthaburi,PromptPay,Completed,3.0,,Yes,12.0,0.47
102324,1400,Wichai Sukjai,wichai.sukjai868@hotmail.com,Pro Speaker 898,Toys,644.12,5,,3220.6,2024-12-19,Nakhon Si Thammarat,Songkhla,PromptPay,Completed,4.0,สินค้าดีมาก คุ้มราคา,No,10.0,2.59
102709,1918,Wichai Chaiyaporn,wichai.chaiyaporn969@yahoo.com,Smart Headphone 293,Groceries,574.33,5,30.0,2010.16,2025-07-28,Buriram,Nakhon Ratchasima,Credit Card,Processing,2.0,โอเคสำหรับราคานี้,No,8.0,1.28
104421,2811,Rungnapa Chotirat,,Eco Watch 561,Electronics,398.03,1,15.0,338.33,2024-09-18,Khon Kaen,Songkhla,PromptPay,Completed,,สินค้าดีมาก คุ้มราคา,No,11.0,5.26
101312,1349,Pichit Sukjai,pichit.sukjai714@hotmail.com,Ultra Wallet 292,Books,402.66,2,15.0,684.52,2023-06-05,Nakhon Si Thammarat,Chiang Mai,PromptPay,Shipped,4.0,สินค้าดีมาก คุ้มราคา,No,6.0,1.03
103448,1743,Orawan Intharak,orawan.intharak315@outlook.com,Plus Speaker 152,Beauty,671.65,3,0.0,2014.95,2025-09-28,Phuket,Songkhla,TrueMoney Wallet,Completed,5.0,,Yes,6.0,0.57
103812,1762,Pranee Chantra,pranee.chantra157@yahoo.com,Plus Charger 426,Sports,609.18,9,0.0,5482.62,2024-11-15,Nakhon Ratchasima,Khon Kaen,COD,Shipped,2.0,คุณภาพต่ำกว่าที่คิด,Yes,13.0,0.98
104679,2467,Anucha Chaiyaporn,,Eco Lamp 360,Sports,1002.67,2,0.0,2005.34,2024-08-23,,Chiang Mai,Credit Card,Processing,,แพ็คเกจไม่แน่นหนา,Yes,,0.29
102362,1396,Yupin Chantra,yupin.chantra482@yahoo.com,Pro Bottle 925,Sports,613.18,3,5.0,1747.56,2025-01-31,Hat Yai,Songkhla,COD,Completed,2.0,โอเคสำหรับราคานี้,No,2.0,1.29
101975,2678,Somchai Chotirat,somchai.chotirat103@yahoo.com,Ultra Charger 960,Health,485.5,1,0.0,485.5,2025-08-05,Buriram,Bangkok,PromptPay,Processing,4.0,ส่งไวมาก ประทับใจ,No,5.0,2.43
103514,1147,Wilai Srisuk,wilai.srisuk863@yahoo.com,Lite Desk 137,Electronics,495.37,2,5.0,941.2,2025-05-31,Lampang,Bangkok,TrueMoney Wallet,Cancelled,4.0,คุณภาพต่ำกว่าที่คิด,Yes,10.0,0.42
101761,1150,Siriporn Kaewkla,siriporn.kaewkla676@gmail.com,Pro Blender 215,Sports,179.74,8,0.0,1437.92,2023-01-04,Krabi,Nakhon Ratchasima,PromptPay,Completed,,สินค้าดีมาก คุ้มราคา,Yes,4.0,1.44
102739,2227,Prasert Intharak,,Eco Wallet 538,Toys,496.53,4,25.0,1489.59,2025-06-28,Khon Kaen,Nonthaburi,Credit Card,Shipped,,ส่งไวมาก ประทับใจ,No,6.0,5.22
104683,2006,Chomphunut Chantra,chomphunut.chantra252@hotmail.com,Ultra Backpack 630,Automotive,1716.02,7,10.0,10810.93,2025-05-16,Hat Yai,Nonthaburi,COD,Completed,2.0,สีไม่ตรงตามรูป,,14.0,1.38
102472,2389,Chatchai Boonmee,chatchai.boonmee750@outlook.com,Ultra Chair 643,Books,1437.62,9,20.0,10350.86,2023-09-18,Chiang Mai,Nonthaburi,COD,Completed,5.0,สีไม่ตรงตามรูป,No,7.0,
104007,2089,Somsri Wattana,somsri.wattana720@gmail.com,Eco Camera 263,Automotive,762.27,8,0.0,6098.16,2025-02-13,Surat Thani,Nakhon Ratchasima,PromptPay,Shipped,5.0,,Yes,14.0,0.94
101493,1950,Boonmee Chotirat,boonmee.chotirat516@hotmail.com,Ultra Camera 497,Books,1363.15,4,0.0,5452.6,2025-12-18,Chiang Rai,Phuket,Installment,Completed,5.0,,No,6.0,0.91
104206,2698,Orawan Boonmee,orawan.boonmee343@hotmail.com,Smart Charger 685,Books,487.07,6,0.0,2922.42,2025-02-09,Bangkok,Phuket,,Shipped,,,No,9.0,0.37
102158,2914,Kittisak Prasertsak,kittisak.prasertsak868@gmail.com,Smart Pillow 815,Health,1558.13,4,0.0,6232.52,2025-01-17,Phuket,Nakhon Ratchasima,PromptPay,Completed,,,No,14.0,0.63
101169,1671,Chatchai Yodying,chatchai.yodying632@hotmail.com,Pro Headphone 293,Home & Living,256.27,1,,256.27,2023-04-05,Nakhon Si Thammarat,Nonthaburi,Credit Card,Completed,,,Yes,14.0,1.28
104539,2273,Nittaya Chantra,nittaya.chantra247@hotmail.com,Ultra Charger 673,Toys,865.88,7,0.0,6061.16,2025-12-21,Khon Kaen,Udon Thani,Installment,Processing,4.0,,No,,4.88
100232,2821,Kittisak Chantra,kittisak.chantra64@outlook.com,Smart Desk 837,Electronics,430.75,7,0.0,3015.25,2024-05-04,Chiang Rai,Khon Kaen,Credit Card,Shipped,3.0,โอเคสำหรับราคานี้,No,11.0,8.26
100066,1600,Anucha Phetcharat,anucha.phetcharat139@gmail.com,Lite Keyboard 641,Sports,134.37,2,0.0,268.74,2024-03-11,Nakhon Ratchasima,Nakhon Ratchasima,Installment,Shipped,,บริการลูกค้าดีเยี่ยม,No,1.0,2.61
101603,1968,Prasert Sinthop,,Lite Blender 528,Home & Living,226.65,8,5.0,1722.54,2024-03-12,Sakon Nakhon,Chonburi,COD,Completed,,,No,9.0,1.53
103283,1265,Wilai Naruemon,wilai.naruemon998@gmail.com,Smart Chair 427,Automotive,623.69,1,15.0,530.14,2023-03-31,Phuket,Songkhla,Installment,Completed,4.0,,Yes,9.0,1.11
103596,1123,Niran Boonmee,niran.boonmee252@hotmail.com,Ultra Pillow 714,Beauty,,4,0.0,1052.68,2023-05-16,Udon Thani,Nonthaburi,Credit Card,Completed,4.0,จะกลับมาซื้อซ้ำแน่นอน,Yes,6.0,2.88
100125,1216,Anan Saelim,anan.saelim966@outlook.com,Smart Watch 484,Books,1280.12,8,5.0,9728.91,2023-04-22,Sakon Nakhon,Bangkok,Installment,Shipped,5.0,,Yes,3.0,2.6
101296,2989,Suree Chaiyaporn,suree.chaiyaporn198@outlook.com,Pro Blender 646,Toys,275.98,3,,827.94,2025-09-04,Chiang Rai,Chonburi,TrueMoney Wallet,Completed,4.0,โอเคสำหรับราคานี้,Yes,2.0,
101976,2594,Anan Srisuk,anan.srisuk824@yahoo.com,Max Backpack 736,Home & Living,948.46,8,0.0,7587.68,2023-01-29,Rayong,Phuket,COD,Returned,,ของมาช้ากว่ากำหนด,No,5.0,0.8
104540,2476,Duangjai Chantra,duangjai.chantra226@yahoo.com,Lite Watch 415,Electronics,573.95,9,0.0,5165.55,2024-06-17,Rayong,Phuket,COD,Shipped,4.0,ของมาช้ากว่ากำหนด,Yes,,0.81
104504,1855,Siriporn Thongdee,siriporn.thongdee188@outlook.com,Lite Jacket 924,Toys,528.98,7,0.0,3702.86,2024-07-03,Krabi,Bangkok,Bank Transfer,Processing,4.0,,Yes,11.0,2.58
102075,2262,Sombat Boonmee,sombat.boonmee277@gmail.com,Plus Lamp 726,Electronics,819.58,8,5.0,6228.81,2025-11-18,Krabi,Songkhla,PromptPay,Processing,5.0,,Yes,12.0,2.38
103086,1508,Prasert Naruemon,prasert.naruemon815@outlook.com,Mini Lamp 684,Beauty,570.26,6,5.0,3250.48,2023-12-31,Lampang,Nonthaburi,,Completed,,,Yes,9.0,3.72
104368,1476,Duangjai Yodying,duangjai.yodying466@outlook.com,Pro Charger 587,Home & Living,350.84,4,5.0,1333.19,2025-12-08,Surat Thani,Khon Kaen,Credit Card,Cancelled,3.0,ส่งไวมาก ประทับใจ,No,12.0,
103345,1344,Wichai Phetcharat,wichai.phetcharat968@outlook.com,Ultra Charger 446,Automotive,195.08,8,0.0,1560.64,2024-05-10,Nonthaburi,Udon Thani,Bank Transfer,Completed,,จะกลับมาซื้อซ้ำแน่นอน,No,14.0,1.42
104487,2830,Nittaya Meesuk,,Max Camera 648,Toys,810.34,9,0.0,7293.06,2024-10-15,Nakhon Ratchasima,Songkhla,PromptPay,Completed,,ของมาช้ากว่ากำหนด,No,7.0,1.01
102797,2875,Anan Chaiyaporn,anan.chaiyaporn593@yahoo.com,Lite Backpack 344,Fashion,345.49,7,25.0,1813.82,2023-04-27,Nakhon Si Thammarat,Nakhon Ratchasima,Bank Transfer,Completed,5.0,จะกลับมาซื้อซ้ำแน่นอน,No,14.0,0.15
100918,1133,Sombat Chotirat,sombat.chotirat323@hotmail.com,Mini Wallet 154,Home & Living,165.83,4,0.0,663.32,2023-10-11,Sakon Nakhon,Bangkok,Bank Transfer,Completed,,บริการลูกค้าดีเยี่ยม,No,11.0,0.61
101646,1665,Wilai Sinthop,wilai.sinthop957@hotmail.com,Lite Headphone 176,Sports,1023.3,4,15.0,3479.22,2023-04-05,Buriram,Rayong,COD,Completed,3.0,,No,3.0,0.8
100364,1345,Nittaya Srisuk,nittaya.srisuk651@yahoo.com,Lite Bottle 453,Electronics,238.67,5,10.0,1074.01,2025-07-24,Ubon Ratchathani,Udon Thani,Installment,Shipped,,สินค้าดีมาก คุ้มราคา,Yes,8.0,3.25
103287,1252,Wichai Chaiyaporn,wichai.chaiyaporn625@hotmail.com,Pro Notebook 984,Sports,775.53,2,10.0,1395.95,2024-01-21,Surat Thani,Rayong,PromptPay,Completed,,,Yes,12.0,0.43
102125,2594,Rungnapa Sukjai,,Pro Watch 781,Automotive,106.78,1,0.0,106.78,2024-11-29,Buriram,Chiang Mai,COD,Shipped,3.0,,No,3.0,0.37
104123,1927,Prasert Sukjai,prasert.sukjai754@hotmail.com,Smart Camera 280,Groceries,263.74,7,0.0,1846.18,2024-05-10,Bangkok,Chiang Mai,TrueMoney Wallet,Completed,5.0,,No,,1.72
100525,2705,Ploy Meesuk,ploy.meesuk737@hotmail.com,Plus Wallet 668,Beauty,822.02,1,0.0,822.02,2023-05-29,Trang,Chiang Mai,Bank Transfer,Returned,5.0,,Yes,10.0,0.16
100055,1831,Kittisak Panyawong,kittisak.panyawong893@gmail.com,Lite Keyboard 325,Health,1458.52,5,30.0,5104.82,2023-07-08,Nakhon Si Thammarat,Nakhon Ratchasima,PromptPay,Processing,1.0,คุณภาพต่ำกว่าที่คิด,No,10.0,12.36
100638,1789,Yupin Intharak,yupin.intharak112@yahoo.com,Eco Blender 894,Books,615.01,5,,2767.54,2024-12-23,Khon Kaen,Nonthaburi,Credit Card,Completed,5.0,,No,11.0,0.37
100302,2695,Chomphunut Wattana,chomphunut.wattana504@gmail.com,Lite Wallet 513,Electronics,313.62,9,0.0,2822.58,2023-02-16,Nong Khai,Nakhon Ratchasima,TrueMoney Wallet,Completed,,,Yes,,1.66
102766,1197,Ploy Srisuk,ploy.srisuk283@hotmail.com,Mini Jacket 966,Fashion,263.47,2,0.0,526.94,2025-11-05,Phuket,Khon Kaen,PromptPay,Shipped,,สินค้าดีมาก คุ้มราคา,No,3.0,0.71
101276,2493,Wichai Wattana,wichai.wattana187@gmail.com,Pro Speaker 958,Books,484.28,5,0.0,2421.4,2024-02-23,,Songkhla,TrueMoney Wallet,Returned,,ของมาช้ากว่ากำหนด,No,14.0,0.76
102055,1758,Nittaya Wongsawat,nittaya.wongsawat540@outlook.com,Lite Sneaker 547,Automotive,836.79,7,0.0,5857.53,2024-06-28,Rayong,Udon Thani,TrueMoney Wallet,Returned,5.0,บริการลูกค้าดีเยี่ยม,Yes,6.0,1.1
103644,1540,Anucha Rattanakul,anucha.rattanakul730@yahoo.com,Mini Blender 934,Groceries,629.65,7,0.0,4407.55,2025-04-10,Udon Thani,Nakhon Ratchasima,TrueMoney Wallet,Cancelled,4.0,แพ็คเกจไม่แน่นหนา,No,7.0,4.41
104143,2132,Malee Intharak,malee.intharak127@gmail.com,Lite Lamp 777,Electronics,643.92,1,0.0,643.92,2024-05-17,Nonthaburi,Chiang Mai,TrueMoney Wallet,Cancelled,5.0,,Yes,13.0,1.6
102878,1018,Kittisak Srisuk,kittisak.srisuk787@hotmail.com,Ultra Camera 515,Sports,982.66,3,0.0,2947.98,2023-06-19,Buriram,Phuket,TrueMoney Wallet,Completed,,,No,,3.03
104202,2241,Chaiyot Thongdee,chaiyot.thongdee273@yahoo.com,Eco Wallet 283,Books,505.27,1,0.0,505.27,2025-01-15,Ubon Ratchathani,Nonthaburi,Bank Transfer,Cancelled,3.0,,No,11.0,1.8
102286,2256,Wichai Rattanakul,wichai.rattanakul62@yahoo.com,Lite Camera 974,Fashion,602.97,3,,1447.13,2023-10-09,Phuket,Nonthaburi,Bank Transfer,Cancelled,4.0,,Yes,8.0,1.31
102261,1825,Pranee Chaiyaporn,pranee.chaiyaporn920@hotmail.com,Plus Blender 110,Books,171.42,3,0.0,514.26,2024-06-03,Bangkok,Nonthaburi,Credit Card,Shipped,,สินค้าดีมาก คุ้มราคา,No,4.0,0.83
102296,2007,Nittaya Kaewkla,nittaya.kaewkla33@yahoo.com,Eco Lamp 470,Home & Living,735.25,2,0.0,1470.5,2024-04-20,Phuket,Chonburi,PromptPay,Completed,,,No,5.0,2.32
101753,1909,Siriporn Sinthop,siriporn.sinthop424@gmail.com,Ultra Camera 399,Health,180.84,6,0.0,1085.04,2023-07-13,Khon Kaen,Rayong,PromptPay,Processing,,คุณภาพต่ำกว่าที่คิด,No,6.0,
101968,1975,Siriporn Panyawong,siriporn.panyawong484@gmail.com,Plus Sneaker 725,Electronics,149.76,3,20.0,359.42,2024-05-18,Krabi,Rayong,Credit Card,Processing,2.0,จะกลับมาซื้อซ้ำแน่นอน,Yes,9.0,1.95
104374,2058,Duangjai Wongsawat,duangjai.wongsawat98@gmail.com,Eco Pillow 304,Electronics,323.58,8,0.0,2588.64,2025-12-08,Rayong,Chiang Mai,Installment,Shipped,,คุณภาพต่ำกว่าที่คิด,No,12.0,0.25
103117,1035,Boonmee Wattana,boonmee.wattana739@outlook.com,Max Desk 653,Groceries,940.47,2,0.0,1880.94,2025-06-24,Rayong,Songkhla,Installment,Cancelled,4.0,,No,6.0,0.3
102393,2682,Chatchai Wongsawat,,Pro Wallet 866,Fashion,434.4,9,0.0,3909.6,2024-02-16,Nakhon Si Thammarat,Songkhla,Bank Transfer,Completed,,,No,1.0,0.34
100523,2062,Chomphunut Wongsawat,chomphunut.wongsawat291@hotmail.com,Pro Speaker 448,Home & Living,736.88,9,20.0,5305.54,2025-05-12,Chiang Rai,Chonburi,Bank Transfer,Completed,4.0,,,7.0,0.6
103900,2365,Wilai Meesuk,wilai.meesuk315@gmail.com,Eco Sneaker 763,Groceries,280.97,4,0.0,1123.88,2023-04-21,Phuket,Chonburi,PromptPay,Cancelled,5.0,,No,4.0,
103122,2922,Wilai Srisuk,wilai.srisuk536@yahoo.com,Pro Desk 694,Sports,459.86,2,0.0,919.72,2024-06-22,Trang,Chonburi,Installment,Completed,1.0,สีไม่ตรงตามรูป,No,6.0,1.33
104156,1246,Chaiyot Boonmee,chaiyot.boonmee741@hotmail.com,Eco Speaker 793,health,933.58,1,30.0,653.51,2024-06-13,Udon Thani,Rayong,PromptPay,Returned,5.0,สีไม่ตรงตามรูป,No,6.0,0.34
101969,1709,Wichai Sinthop,wichai.sinthop47@gmail.com,Pro Pillow 561,Beauty,420.23,6,25.0,1891.04,2023-12-22,Nong Khai,Khon Kaen,PromptPay,Completed,,,No,1.0,1.37
100671,1356,Pichit Prasertsak,,Max Backpack 312,Home & Living,568.96,8,0.0,4551.68,2024-08-23,Nonthaburi,Nonthaburi,PromptPay,Processing,4.0,สีไม่ตรงตามรูป,,2.0,1.48
104188,2899,Chomphunut Chotirat,chomphunut.chotirat505@gmail.com,Pro Watch 805,Sports,,6,0.0,1931.7,2024-02-11,Phuket,Khon Kaen,Bank Transfer,Returned,1.0,แพ็คเกจไม่แน่นหนา,No,1.0,
100666,1550,Chomphunut Intharak,chomphunut.intharak8@hotmail.com,Lite Charger 357,Health,313.55,9,0.0,2821.95,2024-10-14,Rayong,Nakhon Ratchasima,TrueMoney Wallet,Completed,5.0,คุณภาพต่ำกว่าที่คิด,,3.0,1.57
104361,2621,Duangjai Boonmee,,Eco Keyboard 371,Electronics,347.25,5,5.0,1649.44,2025-03-08,Chiang Rai,Bangkok,PromptPay,Completed,3.0,ของมาช้ากว่ากำหนด,No,13.0,1.15
101887,1010,Niran Chotirat,niran.chotirat77@outlook.com,Plus Desk 228,Health,632.56,5,15.0,2688.38,2023-08-24,Buriram,Phuket,Credit Card,Returned,5.0,โอเคสำหรับราคานี้,No,7.0,3.21
103266,2090,Kittisak Intharak,kittisak.intharak342@hotmail.com,Max Notebook 995,Automotive ,160.72,6,0.0,964.32,2024-02-12,Khon Kaen,Songkhla,TrueMoney Wallet,Cancelled,5.0,,No,3.0,0.41
100280,2410,Suree Kaewkla,suree.kaewkla92@outlook.com,Eco Bottle 450,Fashion,706.86,6,0.0,4241.16,2024-01-27,Nakhon Si Thammarat,Chiang Mai,Credit Card,Processing,4.0,สินค้าดีมาก คุ้มราคา,Yes,13.0,0.97
101719,2372,Somchai Naruemon,somchai.naruemon517@gmail.com,Pro Desk 103,Books,575.93,7,30.0,2822.06,2023-06-19,Buriram,Phuket,Installment,Completed,4.0,,Yes,2.0,
102947,1890,Thawatchai Chotirat,thawatchai.chotirat335@yahoo.com,Mini Speaker 229,Groceries,1115.74,4,0.0,,2025-05-24,Rayong,Phuket,Bank Transfer,Completed,4.0,,No,12.0,1.77
100899,1455,Yupin Rattanakul,yupin.rattanakul890@hotmail.com,Plus Charger 780,Electronics,722.02,9,10.0,5848.36,2025-01-13,Pattaya,Chiang Mai,Bank Transfer,Processing,,สีไม่ตรงตามรูป,No,,2.59
104874,1973,Kanya Srisuk,kanya.srisuk544@outlook.com,Pro Wallet 652,Toys,207.79,4,0.0,831.16,2023-04-29,Nakhon Ratchasima,Chiang Mai,PromptPay,Completed,4.0,,No,,1.23
100760,1191,Suchart Meesuk,suchart.meesuk786@outlook.com,Pro Jacket 144,Books,317.77,3,0.0,953.31,2025-12-20,Khon Kaen,Khon Kaen,PromptPay,Returned,,,No,5.0,2.37
101906,2571,Sombat Naruemon,sombat.naruemon975@gmail.com,Smart Sneaker 475,Groceries,743.75,2,10.0,1338.75,2024-11-16,Lampang,Rayong,PromptPay,Returned,5.0,,No,9.0,3.59
104042,1212,Suree Chantra,suree.chantra464@hotmail.com,Ultra Sneaker 562,Beauty,1226.85,6,0.0,,2024-05-15,Khon Kaen,Bangkok,COD,Processing,4.0,,Yes,14.0,0.23
103823,1659,Wichai Rattanakul,wichai.rattanakul702@gmail.com,Ultra Notebook 897,Automotive,1063.14,8,20.0,6804.1,2024-12-09,Ubon Ratchathani,Udon Thani,Installment,Returned,5.0,,No,6.0,1.39
104138,1813,Siriporn Intharak,siriporn.intharak467@yahoo.com,Plus Blender 128,Groceries,571.56,6,10.0,3086.42,2024-02-24,Nakhon Si Thammarat,Nakhon Ratchasima,Credit Card,Returned,5.0,ส่งไวมาก ประทับใจ,Yes,11.0,0.36
103818,2836,Kittisak Saelim,kittisak.saelim72@hotmail.com,Plus Chair 523,Beauty,,3,0.0,1622.1,2024-11-24,Sakon Nakhon,Nakhon Ratchasima,PromptPay,Processing,,,Yes,13.0,0.69
104300,1855,Nittaya Rattanakul,nittaya.rattanakul89@yahoo.com,Mini Mouse 184,Beauty,245.87,1,10.0,221.28,2025-02-03,Ubon Ratchathani,Udon Thani,PromptPay,Shipped,4.0,,No,5.0,1.41
102593,1306,Somkiat Panyawong,somkiat.panyawong436@gmail.com,Smart Keyboard 688,Toys,356.76,4,0.0,1427.04,2024-03-02,Chiang Mai,Khon Kaen,PromptPay,Returned,5.0,,No,5.0,5.05
104164,2816,Chaiyot Rattanakul,chaiyot.rattanakul347@gmail.com,Ultra Chair 855,Books,545.91,5,0.0,2729.55,2024-12-09,Krabi,Udon Thani,,Completed,,,Yes,11.0,0.56
103031,2928,Sombat Thongdee,sombat.thongdee700@gmail.com,Ultra Chair 905,Electronics,571.77,5,25.0,2144.14,2023-03-28,Nong Khai,Udon Thani,TrueMoney Wallet,Completed,4.0,คุณภาพต่ำกว่าที่คิด,No,8.0,0.55
103579,2935,Anucha Wattana,anucha.wattana775@hotmail.com,Pro Camera 326,Home & Living,1472.48,6,10.0,7951.39,2024-03-28,Nakhon Si Thammarat,Songkhla,,Completed,,,,,1.14
102832,1302,Suree Chantra,suree.chantra308@gmail.com,Eco Sneaker 396,Home & Living,719.49,4,0.0,2877.96,2023-11-02,Buriram,Phuket,PromptPay,Completed,4.0,,No,10.0,1.39
103472,2033,Siriporn Yodying,siriporn.yodying140@yahoo.com,Pro Keyboard 123,Fashion,402.92,1,30.0,282.04,2024-03-08,Nakhon Ratchasima,Songkhla,Credit Card,Completed,5.0,ของมาช้ากว่ากำหนด,No,14.0,2.1
100137,1520,Yupin Chaiyaporn,yupin.chaiyaporn349@yahoo.com,Ultra Desk 239,Beauty,204.27,6,20.0,980.5,2025-01-21,Trang,Chonburi,Credit Card,Shipped,5.0,โอเคสำหรับราคานี้,No,4.0,0.96
102180,1951,Somsri Boonmee,somsri.boonmee699@outlook.com,Mini Sneaker 884,Sports,467.15,6,,2522.61,2024-11-30,,Udon Thani,TrueMoney Wallet,Completed,3.0,ใช้งานได้ตามที่คาดหวัง,No,13.0,0.76
102128,2884,Sombat Chaiyaporn,sombat.chaiyaporn284@gmail.com,Lite Charger 156,Beauty,636.54,9,0.0,5728.86,2023-05-31,Buriram,Khon Kaen,PromptPay,Shipped,,,No,6.0,1.56
103177,1617,Pranee Thongdee,pranee.thongdee505@hotmail.com,Smart Watch 933,Fashion,665.11,1,0.0,665.11,2023-12-15,Rayong,Nonthaburi,COD,Cancelled,4.0,สีไม่ตรงตามรูป,Yes,5.0,0.21
104390,2224,Chatchai Chaiyaporn,chatchai.chaiyaporn992@gmail.com,Eco Blender 975,Toys,356.39,7,0.0,2494.73,2025-09-10,Khon Kaen,Rayong,PromptPay,Shipped,5.0,,No,13.0,0.96
104261,2652,Wichai Wongsawat,wichai.wongsawat277@gmail.com,Max Jacket 195,Sports,437.82,4,20.0,1401.02,2023-02-23,Buriram,Nonthaburi,COD,Cancelled,,ของมาช้ากว่ากำหนด,No,4.0,0.19
104344,2677,Chatchai Meesuk,chatchai.meesuk433@yahoo.com,Smart Notebook 152,Toys,164.82,7,15.0,980.68,2023-02-02,Surat Thani,Udon Thani,PromptPay,Completed,,,Yes,3.0,0.72
101331,1003,Duangjai Rattanakul,duangjai.rattanakul176@hotmail.com,Ultra Pillow 826,Groceries,630.99,9,15.0,4827.07,2024-02-28,Rayong,Phuket,Credit Card,Shipped,,จะกลับมาซื้อซ้ำแน่นอน,Yes,,0.1
102017,2182,Nittaya Naruemon,nittaya.naruemon296@gmail.com,Max Keyboard 213,Beauty,459.3,7,10.0,2893.59,2025-10-02,Surat Thani,Nakhon Ratchasima,Bank Transfer,Completed,4.0,ใช้งานได้ตามที่คาดหวัง,Yes,3.0,0.28
102482,2448,Ratana Yodying,ratana.yodying823@gmail.com,Lite Headphone 287,Sports,561.91,6,,3202.89,2025-12-03,Nong Khai,Udon Thani,TrueMoney Wallet,Completed,5.0,สีไม่ตรงตามรูป,No,14.0,1.16
101358,1112,,chatchai.kaewkla226@yahoo.com,Mini Desk 980,Electronics,204.78,5,10.0,921.51,2025-10-10,Bangkok,Khon Kaen,TrueMoney Wallet,Cancelled,4.0,,No,7.0,0.67
101329,2755,Siriporn Intharak,siriporn.intharak304@yahoo.com,Pro Bottle 224,Toys,477.72,8,0.0,3821.76,2024-12-05,Bangkok,Nonthaburi,TrueMoney Wallet,Shipped,,ใช้งานได้ตามที่คาดหวัง,No,3.0,1.96
102150,1726,Nittaya Intharak,nittaya.intharak332@hotmail.com,Lite Jacket 340,Groceries,677.02,4,0.0,2708.08,2024-06-07,Phuket,Udon Thani,Bank Transfer,Completed,,โอเคสำหรับราคานี้,Yes,9.0,0.76
102122,2734,Prasert Boonmee,prasert.boonmee124@outlook.com,Ultra Lamp 662,Beauty,807.58,1,20.0,646.06,2024-06-17,Khon Kaen,Udon Thani,TrueMoney Wallet,Completed,4.0,บริการลูกค้าดีเยี่ยม,Yes,5.0,0.1
103981,1592,Prasert Yodying,prasert.yodying160@outlook.com,Lite Mouse 936,Beauty,788.75,7,0.0,5521.25,2024-02-13,Lampang,Bangkok,,Shipped,4.0,จะกลับมาซื้อซ้ำแน่นอน,No,,1.0
101252,1027,Suree Chantra,suree.chantra204@outlook.com,Smart Notebook 754,Toys,135.27,2,20.0,216.43,2023-10-19,Nonthaburi,Khon Kaen,COD,Processing,,,Yes,1.0,0.58
103278,1930,Ratana Wongsawat,ratana.wongsawat810@outlook.com,Smart Keyboard 647,Books,,6,0.0,2407.86,2024-04-28,Nakhon Si Thammarat,Songkhla,Installment,Completed,3.0,,No,13.0,0.24
103374,1784,Suree Boonmee,suree.boonmee209@yahoo.com,Smart Jacket 687,Beauty,712.03,6,30.0,2990.53,2024-11-22,Nakhon Si Thammarat,Nakhon Ratchasima,Installment,Completed,,ของมาช้ากว่ากำหนด,No,8.0,0.37
102814,2375,Wilai Boonmee,wilai.boonmee675@gmail.com,Lite Backpack 795,Toys ,552.6,6,0.0,3315.6,2023-09-09,Sakon Nakhon,Udon Thani,PromptPay,Processing,3.0,สีไม่ตรงตามรูป,No,4.0,1.27
101848,2622,Suree Meesuk,suree.meesuk506@gmail.com,Pro Desk 339,Groceries,245.86,2,5.0,467.13,2023-05-11,Nonthaburi,Chiang Mai,Credit Card,Shipped,4.0,,No,12.0,0.42
103037,1377,Malee Sinthop,malee.sinthop142@gmail.com,Lite Headphone 362,Books,655.74,5,20.0,2622.96,2023-11-27,Surat Thani,Khon Kaen,TrueMoney Wallet,Completed,5.0,,No,8.0,2.68
100388,2143,Chatchai Srisuk,chatchai.srisuk456@gmail.com,Lite Sneaker 114,Home & Living,198.74,6,0.0,1192.44,2024-01-16,Nakhon Si Thammarat,Udon Thani,Bank Transfer,Completed,3.0,,Yes,,1.06
100235,2663,Siriporn Intharak,siriporn.intharak457@gmail.com,Pro Lamp 442,Health,420.97,8,25.0,2525.82,2023-09-09,Ubon Ratchathani,Khon Kaen,COD,Completed,,ใช้งานได้ตามที่คาดหวัง,Yes,1.0,5.96
101077,2914,Pichit Phetcharat,pichit.phetcharat87@gmail.com,Max Pillow 506,Home & Living,205.49,6,0.0,1232.94,2024-11-06,Buriram,Nonthaburi,TrueMoney Wallet,Cancelled,5.0,,No,8.0,0.38
101984,2039,Anan Intharak,,Eco Watch 912,Fashion,550.25,4,0.0,2201.0,2025-05-17,Khon Kaen,Phuket,Credit Card,Completed,5.0,,No,13.0,4.09
104363,2655,Prasert Rattanakul,prasert.rattanakul778@gmail.com,Mini Watch 765,Toys,836.27,2,5.0,1588.91,2025-08-11,Surat Thani,Khon Kaen,Bank Transfer,Completed,,,No,13.0,3.2
103962,2938,Wichai Srisuk,,Plus Keyboard 245,Fashion,641.52,2,0.0,1283.04,2024-08-04,Chiang Mai,Chiang Mai,COD,Shipped,5.0,,No,10.0,0.66
100770,2213,Thawatchai Panyawong,thawatchai.panyawong19@outlook.com,Eco Camera 286,Automotive,699.68,4,0.0,2798.72,2025-02-16,Bangkok,Khon Kaen,COD,Shipped,,,Yes,3.0,0.55
102165,1215,Prasert Intharak,prasert.intharak653@hotmail.com,Lite Backpack 754,Books,1216.33,1,30.0,851.43,2023-04-19,Buriram,Songkhla,PromptPay,Completed,,,Yes,,0.31
100673,2785,Suchart Sinthop,suchart.sinthop590@gmail.com,Plus Lamp 560,Groceries,982.52,8,0.0,7860.16,2025-02-13,Nong Khai,Chonburi,PromptPay,Completed,4.0,บริการลูกค้าดีเยี่ยม,No,10.0,0.33
100249,2768,Yupin Phetcharat,yupin.phetcharat34@hotmail.com,Ultra Blender 700,Groceries,811.01,8,0.0,6488.08,2023-11-23,Khon Kaen,Chiang Mai,TrueMoney Wallet,Completed,4.0,,Yes,1.0,0.66
101574,2928,Orawan Intharak,orawan.intharak263@outlook.com,Ultra Lamp 605,Home & Living,913.11,9,0.0,8217.99,2025-03-09,Hat Yai,Songkhla,Bank Transfer,Completed,,,Yes,13.0,2.73
103419,2036,Siriporn Naruemon,siriporn.naruemon814@hotmail.com,Ultra Watch 666,Health,1265.22,3,0.0,3795.66,2025-08-03,Nakhon Ratchasima,Khon Kaen,PromptPay,Processing,5.0,,Yes,10.0,0.58
102081,1339,Ratana Sukjai,ratana.sukjai125@gmail.com,Lite Charger 242,Books,418.72,4,10.0,1507.39,2025-08-31,Nakhon Si Thammarat,Phuket,COD,Shipped,4.0,,No,1.0,6.05
101823,1493,Yupin Chantra,yupin.chantra699@outlook.com,Eco Chair 647,Fashion,604.21,4,5.0,2296.0,2024-01-26,Chiang Mai,Chiang Mai,TrueMoney Wallet,Completed,4.0,โอเคสำหรับราคานี้,No,,0.21
100716,2865,Chomphunut Prasertsak,chomphunut.prasertsak173@gmail.com,Eco Charger 763,Sports,566.76,3,0.0,1700.28,2024-11-18,Pattaya,Chonburi,PromptPay,Completed,5.0,แพ็คเกจไม่แน่นหนา,No,7.0,0.63
104692,1324,Ratana Chantra,ratana.chantra70@yahoo.com,Mini Backpack 600,Electronics,825.42,4,,3136.6,2025-09-24,Chiang Mai,Bangkok,COD,Cancelled,5.0,,No,10.0,
102048,2473,Ploy Naruemon,ploy.naruemon427@hotmail.com,Eco Camera 160,Sports,409.49,7,,2293.14,2023-12-10,Bangkok,Chonburi,Installment,Shipped,,,Yes,4.0,2.59
104178,2457,Sombat Wattana,,Pro Camera 643,Health,332.66,5,0.0,1663.3,2023-07-28,Buriram,Nakhon Ratchasima,COD,Completed,,,No,,1.23
102724,2280,Ploy Chaiyaporn,ploy.chaiyaporn184@gmail.com,Mini Watch 150,Automotive,486.82,7,10.0,3066.97,2023-08-16,Chiang Rai,Khon Kaen,Installment,Shipped,,แพ็คเกจไม่แน่นหนา,Yes,7.0,2.33
104544,1173,Malee Kaewkla,malee.kaewkla567@yahoo.com,Lite Desk 345,Home & Living,,1,0.0,836.57,2023-01-02,Sakon Nakhon,Chonburi,PromptPay,Shipped,4.0,,Yes,6.0,3.2
101460,1502,Chatchai Yodying,chatchai.yodying872@gmail.com,Mini Jacket 692,Home & Living,108.76,5,0.0,543.8,2025-08-15,Udon Thani,Chiang Mai,PromptPay,Returned,,,No,4.0,0.45
101668,1989,Anan Thongdee,anan.thongdee849@outlook.com,Plus Desk 826,Home & Living,339.76,6,0.0,2038.56,2025-03-23,Hat Yai,Khon Kaen,Installment,Returned,,แพ็คเกจไม่แน่นหนา,No,14.0,3.04
102756,2665,Malee Yodying,malee.yodying920@hotmail.com,Eco Keyboard 301,Books,1113.1,3,0.0,3339.3,2024-09-09,,Nonthaburi,Bank Transfer,Completed,,โอเคสำหรับราคานี้,Yes,7.0,0.65
102000,2863,Somsri Kaewkla,somsri.kaewkla982@hotmail.com,Pro Blender 447,Home & Living,1378.04,1,0.0,1378.04,2025-01-13,,Chiang Mai,Installment,Completed,5.0,คุณภาพต่ำกว่าที่คิด,No,,5.22
100404,1098,Chaiyot Wongsawat,chaiyot.wongsawat676@hotmail.com,Pro Camera 981,Beauty,140.75,8,15.0,957.1,2025-07-08,Nakhon Si Thammarat,Khon Kaen,TrueMoney Wallet,Completed,,,No,1.0,1.56
100384,2154,Suree Intharak,suree.intharak397@hotmail.com,Mini Lamp 507,Sports,892.28,6,0.0,5353.68,2025-10-26,Krabi,Khon Kaen,Bank Transfer,Shipped,,คุณภาพต่ำกว่าที่คิด,No,8.0,0.28
104515,2517,Ploy Panyawong,ploy.panyawong4@gmail.com,Smart Pillow 967,Toys,,9,0.0,9608.04,2024-02-14,Khon Kaen,Chonburi,COD,Shipped,,,Yes,6.0,0.98
102152,2544,Siriporn Chotirat,siriporn.chotirat108@hotmail.com,Max Keyboard 519,Books,1406.79,1,0.0,1406.79,2025-06-23,Ubon Ratchathani,Nonthaburi,Installment,Completed,4.0,บริการลูกค้าดีเยี่ยม,No,,
101633,1663,Duangjai Thongdee,duangjai.thongdee351@yahoo.com,Pro Camera 416,Fashion,214.0,1,0.0,214.0,2024-09-30,Bangkok,Nakhon Ratchasima,COD,Cancelled,4.0,,Yes,14.0,0.37
104609,1267,Ratana Kaewkla,ratana.kaewkla301@hotmail.com,Mini Camera 748,Home & Living,296.27,7,0.0,2073.89,2025-12-04,Nakhon Si Thammarat,Chiang Mai,Bank Transfer,Completed,4.0,,No,9.0,
103925,1874,Kittisak Srisuk,kittisak.srisuk970@yahoo.com,Smart Notebook 365,Toys,447.62,9,0.0,4028.58,2023-07-04,Surat Thani,Bangkok,Installment,Completed,,,No,,1.02
104158,2818,Somkiat Kaewkla,somkiat.kaewkla950@gmail.com,Mini Keyboard 391,Electronics,1101.34,5,30.0,3854.69,2025-04-02,Chiang Mai,Phuket,COD,Shipped,5.0,,No,7.0,1.86
100223,2597,Pranee Boonmee,pranee.boonmee732@outlook.com,Max Desk 149,Groceries,159.42,4,20.0,510.14,2024-02-04,Buriram,Khon Kaen,PromptPay,Completed,5.0,จะกลับมาซื้อซ้ำแน่นอน,Yes,2.0,1.54
102193,1039,Yupin Saelim,yupin.saelim53@yahoo.com,Lite Sneaker 264,HEALTH,552.19,9,15.0,4224.25,2023-01-11,Trang,Nonthaburi,TrueMoney Wallet,Completed,4.0,ของมาช้ากว่ากำหนด,,6.0,0.14
103136,1516,Somsri Saelim,somsri.saelim861@hotmail.com,Eco Blender 511,Health,637.21,9,0.0,5734.89,2024-02-23,Khon Kaen,Nakhon Ratchasima,Installment,Shipped,5.0,คุณภาพต่ำกว่าที่คิด,Yes,4.0,2.2
101824,1003,Somchai Phetcharat,somchai.phetcharat326@yahoo.com,Lite Desk 169,Beauty,231.5,7,15.0,1377.42,2024-11-03,Rayong,Songkhla,Credit Card,Completed,5.0,แพ็คเกจไม่แน่นหนา,No,1.0,0.16
104624,2302,Suchart Panyawong,suchart.panyawong69@gmail.com,Mini Bottle 721,Health,375.18,1,5.0,356.42,2025-10-12,Buriram,Nakhon Ratchasima,COD,Processing,,ส่งไวมาก ประทับใจ,No,14.0,1.49
100797,2938,Sombat Saelim,sombat.saelim534@yahoo.com,Mini Speaker 669,Beauty,559.05,1,0.0,559.05,2025-09-07,Sakon Nakhon,Songkhla,Installment,Completed,,,No,9.0,2.15
102871,2347,Somkiat Wattana,somkiat.wattana920@yahoo.com,Mini Watch 437,Toys,821.45,8,0.0,6571.6,2023-08-06,Khon Kaen,Bangkok,TrueMoney Wallet,Completed,4.0,สีไม่ตรงตามรูป,Yes,12.0,0.28
100009,1121,Anucha Wattana,anucha.wattana368@gmail.com,Eco Backpack 580,Toys,1528.09,8,0.0,12224.72,2024-05-01,Chiang Mai,Chiang Mai,TrueMoney Wallet,Completed,,,Yes,12.0,5.15
101944,1523,Wilai Naruemon,wilai.naruemon508@hotmail.com,Ultra Lamp 976,Sports,655.18,3,10.0,1768.99,2025-07-16,Surat Thani,Nonthaburi,Bank Transfer,Completed,,ส่งไวมาก ประทับใจ,Yes,8.0,1.29
101838,2379,Thawatchai Phetcharat,thawatchai.phetcharat862@outlook.com,Max Keyboard 553,Health,396.74,6,0.0,2380.44,2025-03-07,Nakhon Ratchasima,Nakhon Ratchasima,COD,Returned,4.0,,No,8.0,0.43
100255,1648,Chomphunut Wongsawat,chomphunut.wongsawat42@hotmail.com,Max Jacket 137,Electronics,185.02,2,0.0,370.04,2025-03-21,Pattaya,Nakhon Ratchasima,Installment,Returned,4.0,แพ็คเกจไม่แน่นหนา,No,8.0,0.94
104531,2291,Wilai Saelim,wilai.saelim562@yahoo.com,Lite Notebook 963,Electronics,443.01,6,0.0,2658.06,2023-12-29,Khon Kaen,Nakhon Ratchasima,COD,Completed,3.0,แพ็คเกจไม่แน่นหนา,No,2.0,5.24
101581,2749,Boonmee Meesuk,boonmee.meesuk878@hotmail.com,Max Camera 280,Books,173.73,7,25.0,912.08,2024-12-16,Trang,Udon Thani,COD,Returned,2.0,,No,7.0,1.58
102956,2140,Somkiat Srisuk,somkiat.srisuk857@outlook.com,Eco Mouse 578,Electronics,1343.95,1,20.0,1075.16,2024-04-27,Pattaya,Chiang Mai,Bank Transfer,Processing,3.0,,No,6.0,
100924,2852,Anan Phetcharat,anan.phetcharat826@gmail.com,Max Notebook 649,Home & Living,609.93,8,30.0,3415.61,2025-06-18,Lampang,Rayong,PromptPay,Completed,5.0,สีไม่ตรงตามรูป,No,13.0,0.19
104632,2681,Chatchai Sinthop,chatchai.sinthop334@hotmail.com,Ultra Sneaker 256,Health,214.13,6,,1027.82,2024-08-07,Lampang,Phuket,Installment,Processing,5.0,สินค้าดีมาก คุ้มราคา,Yes,2.0,0.28
102508,1800,Kanya Sukjai,kanya.sukjai572@hotmail.com,Pro Chair 247,Beauty,311.17,4,,1244.68,2025-05-02,Trang,Nonthaburi,,Completed,,,Yes,4.0,0.92
103775,2693,Suchart Panyawong,suchart.panyawong43@outlook.com,Lite Keyboard 768,Fashion,458.57,7,0.0,3209.99,2024-01-30,Buriram,Bangkok,Installment,Completed,5.0,,No,4.0,0.6
104136,2547,Chaiyot Chaiyaporn,chaiyot.chaiyaporn777@yahoo.com,Smart Chair 594,Toys,549.5,4,0.0,2198.0,2024-01-13,Chiang Rai,Songkhla,PromptPay,Processing,,สีไม่ตรงตามรูป,No,8.0,0.94
102779,1241,Sombat Phetcharat,sombat.phetcharat786@hotmail.com,Ultra Camera 297,Books,206.84,1,0.0,206.84,2024-08-29,Bangkok,Khon Kaen,Installment,Returned,,,Yes,11.0,2.72
100539,1019,Wilai Chaiyaporn,wilai.chaiyaporn900@gmail.com,Lite Blender 741,Home & Living,168.31,1,0.0,168.31,2023-07-23,Udon Thani,Songkhla,,Returned,4.0,สินค้าดีมาก คุ้มราคา,Yes,5.0,8.88
102745,2847,Somsri Sukjai,somsri.sukjai723@hotmail.com,Pro Mouse 730,Books,380.47,2,0.0,760.94,2024-04-10,Surat Thani,Songkhla,TrueMoney Wallet,Completed,5.0,ใช้งานได้ตามที่คาดหวัง,No,6.0,0.31
104521,2580,Boonmee Sukjai,,Ultra Wallet 501,Home & Living,,9,,3207.96,2024-08-22,Hat Yai,Rayong,COD,Processing,4.0,ส่งไวมาก ประทับใจ,Yes,3.0,0.87
104594,1770,Kanya Yodying,kanya.yodying92@outlook.com,Lite Keyboard 490,Toys,258.19,5,25.0,968.21,2024-01-11,Krabi,Khon Kaen,Credit Card,Completed,5.0,ของมาช้ากว่ากำหนด,Yes,4.0,2.72
101145,1042,Wichai Boonmee,wichai.boonmee725@hotmail.com,Plus Watch 438,Electronics,523.93,8,0.0,4191.44,2025-04-19,Surat Thani,Khon Kaen,Installment,Cancelled,,,No,2.0,1.14
100667,2635,Malee Boonmee,malee.boonmee457@gmail.com,Eco Lamp 240,Automotive,691.27,6,0.0,4147.62,2023-06-11,Khon Kaen,Chiang Mai,Credit Card,Completed,,โอเคสำหรับราคานี้,No,12.0,0.73
103019,2399,Chatchai Wongsawat,chatchai.wongsawat328@yahoo.com,Max Camera 510,Sports,494.5,1,10.0,445.05,2024-11-14,Hat Yai,Udon Thani,TrueMoney Wallet,Processing,3.0,บริการลูกค้าดีเยี่ยม,Yes,,0.34
100357,1150,Duangjai Sinthop,duangjai.sinthop308@gmail.com,Eco Camera 148,Electronics,90.53,6,10.0,488.86,2024-04-16,Lampang,Songkhla,COD,Processing,2.0,,No,11.0,
102831,2671,Duangjai Wongsawat,duangjai.wongsawat495@outlook.com,Lite Bottle 181,Home & Living,139.72,3,0.0,419.16,2025-02-22,Nong Khai,Songkhla,COD,Shipped,5.0,,,1.0,3.03
102783,1125,Anan Rattanakul,anan.rattanakul899@hotmail.com,Ultra Pillow 657,Beauty,234.89,3,10.0,634.2,2023-09-24,Phuket,Nakhon Ratchasima,Installment,Shipped,,แพ็คเกจไม่แน่นหนา,Yes,9.0,2.44
101353,1835,Pranee Sukjai,pranee.sukjai551@gmail.com,Eco Lamp 259,Beauty,125.73,4,0.0,502.92,2025-05-26,Buriram,Phuket,Bank Transfer,Completed,5.0,,Yes,14.0,0.14
100470,1157,,prasert.chotirat465@yahoo.com,Smart Pillow 474,Sports,307.3,3,0.0,921.9,2024-08-20,Sakon Nakhon,Nakhon Ratchasima,Credit Card,Shipped,,,No,10.0,0.13
102703,2472,Somchai Sinthop,somchai.sinthop724@outlook.com,Lite Notebook 866,Health,1461.41,5,0.0,7307.05,2024-04-17,Trang,Rayong,,Shipped,5.0,,No,10.0,0.28
103330,1389,Thawatchai Rattanakul,,Eco Charger 383,Groceries,217.74,5,5.0,1034.27,2023-03-18,Surat Thani,Bangkok,COD,Shipped,,คุณภาพต่ำกว่าที่คิด,No,,0.56
103637,2368,Chatchai Chaiyaporn,chatchai.chaiyaporn678@outlook.com,Smart Camera 727,Beauty,196.13,8,0.0,1569.04,2025-04-22,Pattaya,Rayong,TrueMoney Wallet,Completed,5.0,,No,5.0,0.51
101396,2442,Nittaya Panyawong,nittaya.panyawong836@hotmail.com,Lite Backpack 588,Home & Living,806.53,9,0.0,7258.77,2025-10-01,Pattaya,Songkhla,COD,Returned,,ของมาช้ากว่ากำหนด,Yes,1.0,0.82
103584,1522,Orawan Wattana,,Ultra Blender 289,Fashion,521.2,6,0.0,3127.2,2024-11-03,,Bangkok,Bank Transfer,Shipped,,คุณภาพต่ำกว่าที่คิด,Yes,14.0,4.45
104509,1182,Duangjai Saelim,duangjai.saelim551@yahoo.com,Pro Speaker 793,Health,1282.56,2,30.0,1795.58,2025-04-13,Khon Kaen,Phuket,COD,Processing,5.0,,Yes,3.0,0.32
103376,2382,Boonmee Sinthop,,Max Watch 507,Fashion,780.6,1,0.0,780.6,2025-05-17,Khon Kaen,Udon Thani,TrueMoney Wallet,Returned,4.0,ใช้งานได้ตามที่คาดหวัง,Yes,12.0,5.04
101256,2296,Thawatchai Intharak,thawatchai.intharak235@gmail.com,Ultra Charger 237,Groceries,413.72,7,5.0,2751.24,2025-02-28,Trang,Phuket,Bank Transfer,Completed,5.0,,No,10.0,0.95
103512,2040,Siriporn Wongsawat,siriporn.wongsawat654@gmail.com,Eco Desk 519,Home & Living,1144.65,8,0.0,9157.2,2024-04-02,Trang,Udon Thani,PromptPay,Completed,4.0,,,3.0,0.2
101250,2654,Ratana Sukjai,ratana.sukjai718@hotmail.com,Pro Desk 852,Electronics,401.63,9,20.0,2891.74,2025-06-04,Udon Thani,Chiang Mai,Bank Transfer,Completed,4.0,สีไม่ตรงตามรูป,,10.0,1.42
104831,2781,Duangjai Wongsawat,duangjai.wongsawat290@yahoo.com,Plus Charger 281,Beauty,540.66,1,0.0,540.66,2025-07-04,Buriram,Nakhon Ratchasima,COD,Completed,5.0,,No,1.0,0.36
104298,1280,Somsri Yodying,somsri.yodying692@outlook.com,Pro Wallet 698,Health,529.53,1,15.0,450.1,2023-02-17,Buriram,Phuket,COD,Shipped,5.0,ส่งไวมาก ประทับใจ,Yes,9.0,2.27
103284,2560,Prasert Wattana,prasert.wattana545@hotmail.com,Smart Watch 231,Toys,1263.73,2,15.0,2148.34,2024-12-09,Lampang,Nakhon Ratchasima,Installment,Completed,5.0,แพ็คเกจไม่แน่นหนา,No,4.0,
102933,2156,Anucha Prasertsak,anucha.prasertsak333@yahoo.com,Eco Keyboard 342,Home & Living,420.42,9,30.0,2648.65,2025-10-06,Nonthaburi,Nakhon Ratchasima,PromptPay,Completed,5.0,จะกลับมาซื้อซ้ำแน่นอน,Yes,,1.22
104175,1264,Somkiat Chaiyaporn,somkiat.chaiyaporn119@yahoo.com,Smart Bottle 599,Books,134.68,5,0.0,673.4,2025-12-28,,Udon Thani,Bank Transfer,Shipped,,,Yes,2.0,0.61
101852,1026,Sombat Rattanakul,sombat.rattanakul864@yahoo.com,Mini Headphone 766,Groceries,643.85,7,0.0,4506.95,2025-11-05,Nakhon Si Thammarat,Khon Kaen,PromptPay,Completed,1.0,,No,13.0,2.09
104893,1880,Duangjai Phetcharat,duangjai.phetcharat42@hotmail.com,Eco Speaker 351,BOOKS,356.74,8,0.0,2853.92,2023-11-15,,Nonthaburi,Credit Card,Completed,4.0,,No,13.0,0.74
102105,2163,Pichit Meesuk,pichit.meesuk880@gmail.com,Eco Notebook 833,Electronics,867.49,6,15.0,4424.2,2024-01-31,Nong Khai,Rayong,Bank Transfer,Completed,2.0,จะกลับมาซื้อซ้ำแน่นอน,No,5.0,2.96
100133,2836,Suchart Rattanakul,,Pro Chair 978,Automotive,1110.3,1,0.0,1110.3,2024-06-03,Surat Thani,Nakhon Ratchasima,Installment,Completed,,ส่งไวมาก ประทับใจ,No,9.0,1.66
100928,1885,Siriporn Saelim,siriporn.saelim27@gmail.com,Lite Backpack 413,Sports,962.17,1,,769.74,2023-05-02,Chiang Rai,Udon Thani,Bank Transfer,Cancelled,5.0,,Yes,13.0,0.45
100823,2062,Yupin Chaiyaporn,yupin.chaiyaporn21@outlook.com,Pro Lamp 227,Books,138.69,1,0.0,138.69,2024-11-22,Buriram,Khon Kaen,Installment,Completed,4.0,,Yes,11.0,0.57
104566,1935,Orawan Wattana,orawan.wattana757@outlook.com,Eco Speaker 250,Books,328.01,9,0.0,2952.09,2024-06-06,Lampang,Chonburi,Bank Transfer,Completed,,,Yes,2.0,4.94
101531,2834,Suchart Chotirat,suchart.chotirat323@gmail.com,Smart Mouse 473,Fashion,1196.27,9,0.0,10766.43,2024-08-25,Nakhon Ratchasima,Rayong,PromptPay,Completed,5.0,,No,,2.98
101214,1624,Malee Naruemon,malee.naruemon112@outlook.com,Max Desk 329,Beauty,312.48,8,20.0,1999.87,2024-03-13,Lampang,Bangkok,TrueMoney Wallet,Completed,1.0,สินค้าดีมาก คุ้มราคา,No,13.0,
100504,1685,Ratana Kaewkla,ratana.kaewkla466@gmail.com,Smart Wallet 159,Toys,196.91,5,10.0,886.1,2023-05-03,Buriram,Songkhla,,Cancelled,,จะกลับมาซื้อซ้ำแน่นอน,No,6.0,3.03
104285,1549,Thawatchai Phetcharat,thawatchai.phetcharat733@gmail.com,Smart Wallet 390,Toys,182.88,3,15.0,466.34,2025-04-05,Trang,Rayong,PromptPay,Completed,5.0,,No,7.0,3.64
101996,2542,Somsri Meesuk,somsri.meesuk199@outlook.com,Pro Backpack 708,Toys,524.93,7,0.0,3674.51,2023-02-27,Trang,Songkhla,PromptPay,Completed,3.0,,Yes,1.0,4.86
103072,1660,Siriporn Chantra,siriporn.chantra450@outlook.com,Ultra Chair 714,Books,202.83,2,0.0,405.66,2025-02-28,Krabi,Phuket,PromptPay,Shipped,3.0,,No,12.0,1.37
101958,2341,Suchart Saelim,suchart.saelim683@outlook.com,Smart Watch 879,Sports,446.65,4,25.0,1339.95,2024-08-30,Surat Thani,Songkhla,Installment,Completed,5.0,,No,5.0,0.5
101384,2665,Somkiat Prasertsak,somkiat.prasertsak847@gmail.com,Eco Pillow 495,Groceries,824.26,5,10.0,3709.17,2024-04-09,Surat Thani,Phuket,PromptPay,Completed,3.0,บริการลูกค้าดีเยี่ยม,No,10.0,1.21
100894,2243,Chaiyot Srisuk,chaiyot.srisuk191@hotmail.com,Max Lamp 243,Health,645.22,1,,645.22,2025-05-28,Nakhon Si Thammarat,Songkhla,Bank Transfer,Cancelled,,,No,11.0,0.76
100455,1959,Duangjai Chotirat,duangjai.chotirat802@hotmail.com,Eco Camera 300,Beauty,294.36,7,20.0,1648.42,2023-01-27,Chiang Mai,Chonburi,PromptPay,Completed,3.0,โอเคสำหรับราคานี้,No,8.0,2.04
104660,2403,Chatchai Chaiyaporn,chatchai.chaiyaporn212@gmail.com,Ultra Pillow 579,Books,953.86,5,25.0,3576.98,2023-10-14,Nakhon Ratchasima,Khon Kaen,Credit Card,Shipped,4.0,,No,12.0,0.29
103709,1597,Somsri Thongdee,somsri.thongdee347@hotmail.com,Pro Sneaker 210,Health,436.94,9,0.0,,2024-04-09,Buriram,Nonthaburi,PromptPay,Processing,3.0,,Yes,10.0,0.79
104752,2759,Orawan Chotirat,orawan.chotirat569@hotmail.com,Plus Bottle 348,Health,373.7,2,0.0,747.4,2025-03-04,Krabi,Chonburi,Installment,Cancelled,5.0,ของมาช้ากว่ากำหนด,Yes,8.0,0.6
104268,1392,Prasert Wongsawat,prasert.wongsawat851@outlook.com,Plus Jacket 519,Health,253.71,8,5.0,1928.2,2023-01-23,Hat Yai,Songkhla,TrueMoney Wallet,Completed,,,No,12.0,0.56
103522,1435,Wichai Boonmee,wichai.boonmee227@outlook.com,Pro Speaker 933,Fashion,1397.12,7,0.0,9779.84,2023-05-03,Chiang Mai,Khon Kaen,PromptPay,Completed,4.0,คุณภาพต่ำกว่าที่คิด,Yes,2.0,0.78
104134,1543,Ploy Chantra,ploy.chantra569@hotmail.com,Mini Camera 420,Electronics,512.44,4,10.0,1844.78,2024-12-02,Ubon Ratchathani,Phuket,COD,Completed,4.0,,Yes,,1.62
103602,2195,Chatchai Panyawong,chatchai.panyawong859@outlook.com,Eco Mouse 900,Books,329.14,3,0.0,987.42,2025-02-26,Nakhon Ratchasima,Phuket,PromptPay,Shipped,5.0,คุณภาพต่ำกว่าที่คิด,No,14.0,5.46
100713,2600,Somchai Prasertsak,somchai.prasertsak622@gmail.com,Lite Backpack 361,Groceries,235.18,3,0.0,705.54,2024-11-12,Surat Thani,Phuket,PromptPay,Shipped,5.0,,No,8.0,1.12
104186,1942,Rungnapa Sinthop,,Eco Chair 437,Fashion,618.59,5,10.0,2783.66,2024-07-03,Nong Khai,Songkhla,Installment,Completed,,โอเคสำหรับราคานี้,No,9.0,1.66
102214,1795,Somsri Thongdee,somsri.thongdee242@outlook.com,Ultra Backpack 839,Toys,444.82,6,0.0,2668.92,2023-06-17,Bangkok,Chiang Mai,Bank Transfer,Completed,5.0,บริการลูกค้าดีเยี่ยม,No,13.0,
102923,1327,Anucha Prasertsak,anucha.prasertsak889@outlook.com,Eco Charger 322,Home & Living,311.08,7,5.0,2068.68,2024-08-12,Sakon Nakhon,Phuket,Bank Transfer,Completed,,,Yes,11.0,0.19
101810,2138,Siriporn Sukjai,siriporn.sukjai126@gmail.com,Ultra Bottle 465,Fashion,642.86,2,10.0,1157.15,2024-01-05,Krabi,Phuket,,Shipped,5.0,บริการลูกค้าดีเยี่ยม,No,8.0,0.92
103486,1944,Sombat Wattana,sombat.wattana144@outlook.com,Lite Notebook 334,Beauty,334.81,7,0.0,2343.67,2025-12-14,Phuket,Chiang Mai,Credit Card,Completed,5.0,,No,11.0,0.5
103141,1775,Sombat Panyawong,sombat.panyawong520@gmail.com,Smart Desk 721,Automotive,300.16,8,0.0,2401.28,2025-09-02,,Songkhla,TrueMoney Wallet,Completed,,,No,1.0,0.45
101827,1028,Ploy Saelim,ploy.saelim511@gmail.com,Mini Desk 545,Fashion,111.27,6,0.0,667.62,2023-01-17,Bangkok,Bangkok,Installment,Cancelled,5.0,,No,10.0,2.38
101155,2994,Rungnapa Chantra,rungnapa.chantra417@yahoo.com,Ultra Mouse 442,Groceries,993.97,2,15.0,1689.75,2024-09-15,Buriram,Khon Kaen,PromptPay,Shipped,4.0,แพ็คเกจไม่แน่นหนา,No,10.0,5.35
101324,1919,Duangjai Meesuk,,Smart Blender 718,Electronics,894.05,7,25.0,4693.76,2025-09-12,Surat Thani,Khon Kaen,,Cancelled,5.0,,No,4.0,8.75
104312,2298,Suree Chotirat,suree.chotirat84@outlook.com,Plus Pillow 725,Automotive,764.18,4,30.0,2139.7,2025-08-28,Buriram,Chonburi,Bank Transfer,Cancelled,,,No,1.0,0.76
100510,2686,Prasert Boonmee,prasert.boonmee245@outlook.com,Mini Desk 747,Automotive,90.68,7,10.0,571.28,2023-01-16,Lampang,Nonthaburi,COD,Completed,5.0,,Yes,,2.67
101680,2500,Chatchai Boonmee,chatchai.boonmee92@gmail.com,Max Desk 930,Home & Living,1611.49,3,10.0,4351.02,2023-10-05,,Rayong,,Processing,,,No,6.0,0.24
100499,2758,Rungnapa Wattana,rungnapa.wattana615@yahoo.com,Lite Keyboard 106,Fashion,184.88,7,0.0,1294.16,2025-11-03,Udon Thani,Udon Thani,TrueMoney Wallet,Processing,2.0,คุณภาพต่ำกว่าที่คิด,Yes,,0.17
104559,1638,Thawatchai Chaiyaporn,thawatchai.chaiyaporn688@yahoo.com,Ultra Wallet 648,Fashion,589.79,8,0.0,4718.32,2023-08-03,Nonthaburi,Phuket,COD,Completed,4.0,,No,9.0,1.2
101856,1730,Yupin Wattana,yupin.wattana143@gmail.com,Ultra Keyboard 436,Health,1624.94,2,0.0,3249.88,2024-08-11,Surat Thani,Phuket,PromptPay,Completed,,,No,9.0,0.99
101388,2636,Thawatchai Wongsawat,thawatchai.wongsawat275@hotmail.com,Max Headphone 741,Books,170.56,1,0.0,170.56,2024-12-13,Phuket,Songkhla,Bank Transfer,Returned,,แพ็คเกจไม่แน่นหนา,No,4.0,1.08
103719,2441,Ratana Thongdee,,Max Bottle 953,Sports,101.48,6,20.0,487.1,2023-05-07,,Chiang Mai,Bank Transfer,Shipped,,,No,12.0,0.38
102386,1020,Thawatchai Intharak,thawatchai.intharak819@yahoo.com,Lite Mouse 983,Home & Living,490.01,5,0.0,,2023-01-24,Ubon Ratchathani,Nonthaburi,Bank Transfer,Completed,4.0,ส่งไวมาก ประทับใจ,No,5.0,2.3
103236,2203,Yupin Phetcharat,,Mini Blender 731,Groceries,1354.46,1,25.0,1015.84,2024-01-05,Trang,Phuket,COD,Cancelled,5.0,จะกลับมาซื้อซ้ำแน่นอน,Yes,1.0,
101540,2157,Pichit Wattana,pichit.wattana720@gmail.com,Plus Blender 321,Automotive,768.76,9,0.0,6918.84,2025-05-28,Chiang Mai,Khon Kaen,TrueMoney Wallet,Shipped,5.0,ของมาช้ากว่ากำหนด,Yes,3.0,0.77
101217,2715,Niran Wattana,niran.wattana363@outlook.com,Max Wallet 799,Books,146.59,4,15.0,498.41,2023-08-20,Trang,Udon Thani,Credit Card,Completed,3.0,,No,5.0,0.31
102681,2004,Wichai Yodying,wichai.yodying575@hotmail.com,Mini Mouse 514,Toys,336.65,1,0.0,336.65,2025-05-15,Chiang Mai,Udon Thani,Credit Card,Completed,1.0,,No,13.0,1.18
102993,2368,Rungnapa Phetcharat,rungnapa.phetcharat34@gmail.com,Max Lamp 437,Toys,,9,15.0,5462.02,2023-10-09,Ubon Ratchathani,Nonthaburi,,Returned,5.0,,No,14.0,1.21
101191,2968,Prasert Sukjai,prasert.sukjai952@gmail.com,Plus Watch 649,Beauty,476.67,8,30.0,2669.35,2023-06-30,Lampang,Udon Thani,TrueMoney Wallet,Completed,,,Yes,7.0,0.61
101542,1022,Chaiyot Meesuk,,Lite Desk 403,Health,522.11,1,,469.9,2024-01-26,Trang,Nonthaburi,Installment,Shipped,,สินค้าดีมาก คุ้มราคา,No,7.0,5.57
103301,1482,Boonmee Sukjai,boonmee.sukjai231@yahoo.com,Mini Speaker 856,Beauty,767.27,3,0.0,,2023-12-23,Buriram,Songkhla,TrueMoney Wallet,Shipped,5.0,,No,5.0,1.75
103324,1845,Kittisak Chaiyaporn,kittisak.chaiyaporn28@hotmail.com,Eco Wallet 912,Toys,641.97,7,20.0,3595.03,2024-11-06,Nong Khai,Nonthaburi,TrueMoney Wallet,Completed,3.0,โอเคสำหรับราคานี้,No,13.0,0.21
102539,2382,Pichit Yodying,pichit.yodying275@hotmail.com,Mini Headphone 142,Books,839.8,1,0.0,839.8,2023-01-28,Nakhon Si Thammarat,Chiang Mai,Credit Card,Cancelled,4.0,,No,4.0,1.24
100953,1970,Chaiyot Yodying,chaiyot.yodying978@gmail.com,Smart Sneaker 395,Toys,494.09,2,0.0,988.18,2025-08-21,Ubon Ratchathani,Chiang Mai,TrueMoney Wallet,Returned,4.0,บริการลูกค้าดีเยี่ยม,No,14.0,0.55
104330,2143,Anucha Chantra,anucha.chantra915@gmail.com,Mini Charger 876,Sports,,1,20.0,64.71,2023-05-24,Chiang Mai,Rayong,Installment,Completed,,,Yes,,1.59
100732,1775,Wichai Sinthop,wichai.sinthop205@gmail.com,Eco Desk 964,Books,289.94,2,25.0,434.91,2024-04-28,Sakon Nakhon,Songkhla,Bank Transfer,Returned,5.0,สีไม่ตรงตามรูป,No,14.0,0.98
101156,2397,Anucha Meesuk,anucha.meesuk866@gmail.com,Eco Speaker 977,Groceries,811.26,8,10.0,5841.07,2024-12-17,Chiang Mai,Nonthaburi,Installment,Cancelled,,สีไม่ตรงตามรูป,Yes,9.0,1.58
103294,2133,Wichai Srisuk,wichai.srisuk75@hotmail.com,Ultra Speaker 812,Toys,1208.3,7,10.0,7612.29,2024-05-22,Hat Yai,Nonthaburi,COD,Completed,3.0,,Yes,2.0,0.92
102982,2671,Kittisak Intharak,kittisak.intharak651@yahoo.com,Eco Bottle 206,Electronics,233.47,6,15.0,1190.7,2023-11-05,Nakhon Si Thammarat,Rayong,PromptPay,Completed,4.0,ใช้งานได้ตามที่คาดหวัง,Yes,1.0,0.91
102156,2776,Niran Wattana,niran.wattana64@yahoo.com,Eco Blender 621,Sports,975.0,9,0.0,8775.0,2023-10-16,Hat Yai,Chiang Mai,PromptPay,Completed,,,No,10.0,0.61
101062,1448,Rungnapa Saelim,,Lite Wallet 642,Beauty,442.71,2,5.0,841.15,2024-04-07,Khon Kaen,Phuket,PromptPay,Shipped,,บริการลูกค้าดีเยี่ยม,No,3.0,1.91
102616,1902,Somkiat Sinthop,somkiat.sinthop98@hotmail.com,Lite Wallet 819,Toys,421.17,9,5.0,3601.0,2023-03-08,,Chiang Mai,Installment,Cancelled,,,No,2.0,0.81
101167,1666,Chaiyot Phetcharat,chaiyot.phetcharat528@gmail.com,Max Sneaker 920,Automotive,480.58,4,0.0,1922.32,2023-08-05,Nakhon Ratchasima,Phuket,Credit Card,Returned,5.0,,Yes,,1.9
103222,2827,Ploy Chaiyaporn,ploy.chaiyaporn999@outlook.com,Smart Sneaker 101,Toys,117.92,5,,560.12,2024-05-01,Sakon Nakhon,Phuket,TrueMoney Wallet,Shipped,,,Yes,6.0,4.29
103636,1234,Ratana Sinthop,ratana.sinthop406@hotmail.com,Mini Wallet 452,Fashion,791.77,2,0.0,1583.54,2023-12-18,Khon Kaen,Songkhla,PromptPay,Shipped,4.0,,No,8.0,0.64
102938,2763,Chomphunut Meesuk,chomphunut.meesuk255@hotmail.com,Max Jacket 805,Electronics,685.31,6,0.0,4111.86,2023-08-09,Udon Thani,Nonthaburi,Credit Card,Returned,,,Yes,11.0,5.39
104491,1703,Wilai Chantra,wilai.chantra531@outlook.com,Smart Headphone 765,Fashion,1033.42,4,,3720.31,2024-07-20,Bangkok,Nonthaburi,Credit Card,Completed,,ของมาช้ากว่ากำหนด,Yes,8.0,0.83
103140,1148,Pichit Saelim,,Lite Desk 247,Fashion,335.6,2,30.0,469.84,2023-05-31,Ubon Ratchathani,Rayong,Credit Card,Completed,4.0,ส่งไวมาก ประทับใจ,Yes,11.0,0.65
100143,2162,Suchart Intharak,suchart.intharak949@outlook.com,Ultra Mouse 268,Books,505.43,1,0.0,505.43,2024-07-03,Udon Thani,Phuket,PromptPay,Completed,1.0,,No,,0.12
103577,1159,Chomphunut Sukjai,chomphunut.sukjai596@yahoo.com,Plus Headphone 515,Books,875.88,1,30.0,613.12,2023-09-09,Hat Yai,Phuket,Bank Transfer,Completed,5.0,,No,12.0,
102782,2834,Niran Saelim,niran.saelim472@gmail.com,Ultra Chair 101,Electronics,582.26,7,0.0,4075.82,2023-12-02,Pattaya,Phuket,Credit Card,Completed,1.0,,No,7.0,1.84
100717,2066,Thawatchai Sinthop,thawatchai.sinthop688@gmail.com,Max Bottle 574,Toys,647.86,5,0.0,3239.3,2024-10-05,Lampang,Udon Thani,PromptPay,Completed,5.0,,No,6.0,3.22
101819,2224,Nittaya Kaewkla,nittaya.kaewkla540@hotmail.com,Max Chair 322,Automotive,604.6,6,10.0,3264.84,2025-07-11,Nakhon Si Thammarat,Chiang Mai,PromptPay,Shipped,,,Yes,2.0,1.1
102502,1935,Niran Yodying,niran.yodying752@outlook.com,Max Charger 351,Sports,422.49,2,20.0,675.98,2025-10-21,Hat Yai,Nakhon Ratchasima,COD,Processing,5.0,คุณภาพต่ำกว่าที่คิด,Yes,,2.62
104360,2645,Chaiyot Thongdee,chaiyot.thongdee972@outlook.com,Ultra Backpack 621,Fashion,793.7,8,5.0,6032.12,2023-10-20,Nonthaburi,Phuket,Credit Card,Completed,5.0,ใช้งานได้ตามที่คาดหวัง,Yes,3.0,1.89
104171,1226,Nittaya Wattana,nittaya.wattana712@hotmail.com,Eco Pillow 952,Electronics,519.85,6,0.0,3119.1,2023-04-19,Nonthaburi,Khon Kaen,TrueMoney Wallet,Cancelled,5.0,,Yes,1.0,1.63
100395,2443,Sombat Prasertsak,sombat.prasertsak240@outlook.com,Eco Charger 876,Health,640.1,1,,640.1,2023-04-13,Khon Kaen,Khon Kaen,COD,Cancelled,4.0,,No,12.0,0.46
104860,2440,Yupin Wattana,yupin.wattana246@outlook.com,Lite Wallet 169,Toys,347.75,1,0.0,347.75,2023-06-11,Lampang,Nakhon Ratchasima,Bank Transfer,Completed,2.0,,Yes,10.0,
104492,1317,,thawatchai.phetcharat286@yahoo.com,Smart Camera 249,Groceries,1366.47,1,25.0,1024.85,2025-05-16,Rayong,Khon Kaen,COD,Completed,4.0,ใช้งานได้ตามที่คาดหวัง,No,8.0,0.6
101365,2573,Orawan Thongdee,orawan.thongdee96@outlook.com,Mini Jacket 257,Fashion,265.92,8,10.0,1914.62,2025-10-01,Rayong,Nonthaburi,TrueMoney Wallet,Completed,,,No,,2.35
104581,1449,Pichit Wongsawat,pichit.wongsawat415@yahoo.com,Ultra Wallet 418,Sports,671.18,2,0.0,1342.36,2023-02-08,Buriram,Nakhon Ratchasima,Installment,Completed,5.0,,No,7.0,0.4
100595,1268,Wichai Sinthop,wichai.sinthop101@gmail.com,Pro Bottle 117,Toys,973.26,9,0.0,8759.34,2024-01-29,Nong Khai,Chonburi,Credit Card,Completed,4.0,ใช้งานได้ตามที่คาดหวัง,No,3.0,0.18
103952,1313,Pichit Sinthop,pichit.sinthop753@gmail.com,Smart Speaker 987,Groceries,859.29,5,0.0,4296.45,2023-05-30,Chiang Rai,Nakhon Ratchasima,TrueMoney Wallet,Cancelled,,,No,6.0,0.19
102914,2645,Somsri Panyawong,somsri.panyawong115@hotmail.com,Eco Camera 660,Electronics,208.95,7,0.0,1462.65,2023-10-08,Krabi,Rayong,COD,Completed,,,No,10.0,1.69
102326,1885,Thawatchai Rattanakul,thawatchai.rattanakul18@outlook.com,Pro Pillow 907,Books,302.69,7,20.0,1695.06,2025-09-23,,Bangkok,PromptPay,Shipped,5.0,คุณภาพต่ำกว่าที่คิด,No,4.0,2.35
103766,1335,Prasert Boonmee,prasert.boonmee697@yahoo.com,Plus Blender 923,Fashion,1058.71,9,,9528.39,2023-08-25,,Udon Thani,COD,Completed,3.0,,No,9.0,0.24
103440,2817,Somchai Chaiyaporn,somchai.chaiyaporn65@yahoo.com,Max Charger 667,Home & Living,440.13,2,0.0,880.26,2024-07-23,Hat Yai,Songkhla,TrueMoney Wallet,Completed,5.0,สีไม่ตรงตามรูป,No,8.0,1.29
103851,2900,Siriporn Intharak,siriporn.intharak443@yahoo.com,Plus Mouse 527,Toys,545.65,1,0.0,545.65,2023-01-08,Chiang Rai,Nonthaburi,,Completed,5.0,,No,1.0,2.49
104132,2781,Pichit Phetcharat,pichit.phetcharat477@hotmail.com,Smart Bottle 525,Sports,1573.82,6,,9442.92,2024-08-15,Udon Thani,Khon Kaen,TrueMoney Wallet,Shipped,,สินค้าดีมาก คุ้มราคา,No,,0.72
104614,2836,Malee Srisuk,malee.srisuk534@gmail.com,Lite Chair 940,Toys,553.54,9,15.0,4234.58,2023-04-04,Phuket,Nonthaburi,Credit Card,Shipped,5.0,ส่งไวมาก ประทับใจ,Yes,1.0,0.64
102143,1258,Anan Prasertsak,anan.prasertsak603@yahoo.com,Lite Notebook 550,Electronics,904.33,2,0.0,1808.66,2023-05-25,Chiang Rai,Chonburi,Bank Transfer,Completed,2.0,,Yes,8.0,0.65
101571,1603,Malee Sukjai,malee.sukjai73@hotmail.com,Pro Charger 712,Books,481.49,7,15.0,2864.87,2023-10-01,Ubon Ratchathani,Chiang Mai,,Shipped,5.0,,No,14.0,3.44
104079,1778,Prasert Wongsawat,,Mini Headphone 252,Automotive,1741.07,6,0.0,10446.42,2024-06-17,Buriram,Songkhla,Bank Transfer,Completed,,สินค้าดีมาก คุ้มราคา,Yes,2.0,0.35
101122,1758,Somsri Sukjai,,Pro Backpack 517,Electronics,,5,0.0,,2024-03-20,Udon Thani,Rayong,PromptPay,Shipped,5.0,,No,6.0,1.15
102786,2820,Somkiat Boonmee,somkiat.boonmee318@gmail.com,Smart Pillow 354,Automotive,961.72,1,20.0,769.38,2025-10-02,Chiang Rai,Bangkok,Credit Card,Completed,4.0,,No,1.0,4.8
102967,1469,Prasert Thongdee,,Pro Keyboard 910,Automotive,736.55,7,10.0,4640.26,2024-01-19,Hat Yai,Chonburi,Bank Transfer,Cancelled,,จะกลับมาซื้อซ้ำแน่นอน,No,2.0,0.39
102504,1241,Niran Phetcharat,niran.phetcharat204@gmail.com,Lite Notebook 264,Books,69.13,1,0.0,69.13,2024-01-16,Bangkok,Chonburi,COD,Completed,5.0,,Yes,4.0,0.69
103465,1424,Boonmee Chotirat,boonmee.chotirat879@hotmail.com,Ultra Pillow 896,Toys,126.81,9,0.0,1141.29,2023-11-02,Chiang Mai,Nonthaburi,Credit Card,Cancelled,,,Yes,12.0,1.41
100675,2781,Pranee Meesuk,pranee.meesuk295@outlook.com,Max Keyboard 265,Beauty,620.14,4,0.0,2480.56,2023-03-10,Phuket,Nonthaburi,TrueMoney Wallet,Completed,4.0,คุณภาพต่ำกว่าที่คิด,No,13.0,2.5
102808,2031,Somkiat Wattana,,Pro Bottle 719,Books,816.61,3,,2327.34,2024-02-05,Chiang Rai,Khon Kaen,PromptPay,Returned,4.0,สินค้าดีมาก คุ้มราคา,Yes,8.0,1.97
103348,2802,Rungnapa Naruemon,rungnapa.naruemon410@gmail.com,Ultra Charger 257,Electronics,580.78,8,0.0,4646.24,2025-05-07,Pattaya,Khon Kaen,COD,Cancelled,4.0,,Yes,4.0,1.79
100728,1034,Somsri Chaiyaporn,somsri.chaiyaporn50@outlook.com,Eco Blender 168,Fashion,209.33,7,10.0,1318.78,2023-04-12,Lampang,Songkhla,Bank Transfer,Cancelled,,บริการลูกค้าดีเยี่ยม,Yes,,0.33
100412,1821,Siriporn Intharak,siriporn.intharak698@outlook.com,Ultra Blender 895,Home & Living,320.09,4,10.0,1152.32,2023-11-18,Udon Thani,Chonburi,COD,Shipped,,ส่งไวมาก ประทับใจ,No,12.0,1.96
103146,2013,Siriporn Wattana,siriporn.wattana817@hotmail.com,Eco Speaker 571,Groceries,310.37,1,15.0,263.81,2025-05-12,Hat Yai,Khon Kaen,Credit Card,Shipped,5.0,,,4.0,3.22
101516,2671,Orawan Chaiyaporn,orawan.chaiyaporn112@gmail.com,Plus Desk 912,Health,130.22,4,0.0,520.88,2024-06-18,Rayong,Songkhla,Installment,Cancelled,4.0,ใช้งานได้ตามที่คาดหวัง,Yes,2.0,1.0
100825,2716,Duangjai Chantra,duangjai.chantra778@yahoo.com,Eco Pillow 352,Home & Living,973.38,6,5.0,5548.27,2024-01-06,Hat Yai,Nakhon Ratchasima,Bank Transfer,Completed,5.0,แพ็คเกจไม่แน่นหนา,No,7.0,1.0
103267,2871,Ratana Sinthop,ratana.sinthop694@yahoo.com,Pro Watch 114,Groceries,340.52,8,25.0,2043.12,2025-06-26,Krabi,Khon Kaen,TrueMoney Wallet,Shipped,,,Yes,4.0,2.87
103974,1894,Boonmee Naruemon,boonmee.naruemon67@hotmail.com,Mini Charger 944,Sports,972.83,6,0.0,5836.98,2024-10-12,Chiang Mai,Chiang Mai,Credit Card,Returned,4.0,ใช้งานได้ตามที่คาดหวัง,Yes,11.0,1.36
100616,2931,Somsri Panyawong,somsri.panyawong349@gmail.com,Smart Camera 207,Fashion,325.64,5,0.0,1628.2,2025-03-12,Khon Kaen,Nonthaburi,PromptPay,Cancelled,5.0,,No,1.0,1.71
100114,2016,Sombat Rattanakul,,Ultra Backpack 645,Fashion,759.97,8,20.0,4863.81,2023-11-25,Buriram,Phuket,TrueMoney Wallet,Completed,2.0,โอเคสำหรับราคานี้,No,1.0,0.21
100417,1160,Boonmee Phetcharat,,Lite Speaker 681,Groceries,580.71,4,25.0,1742.13,2023-02-09,Hat Yai,Khon Kaen,Installment,Completed,4.0,บริการลูกค้าดีเยี่ยม,No,6.0,2.01
103069,2249,Ploy Kaewkla,ploy.kaewkla981@yahoo.com,Smart Blender 272,Electronics,1733.58,2,25.0,2600.37,2025-04-21,,Chiang Mai,TrueMoney Wallet,Shipped,,ใช้งานได้ตามที่คาดหวัง,No,12.0,1.13
101625,2552,Chomphunut Prasertsak,chomphunut.prasertsak71@yahoo.com,Lite Sneaker 481,Health,336.99,1,25.0,252.74,2023-09-12,Phuket,Bangkok,Installment,Returned,5.0,ใช้งานได้ตามที่คาดหวัง,Yes,3.0,1.57
104975,2378,Kittisak Panyawong,kittisak.panyawong550@outlook.com,Lite Pillow 715,Toys,260.57,6,20.0,1250.74,2024-05-25,Lampang,Phuket,TrueMoney Wallet,Completed,4.0,,No,4.0,2.51
104185,2473,Ratana Panyawong,ratana.panyawong331@outlook.com,Max Charger 178,Groceries,499.31,8,0.0,3994.48,2024-04-24,Ubon Ratchathani,Phuket,PromptPay,Returned,,ส่งไวมาก ประทับใจ,No,4.0,0.96
102896,2099,Yupin Wattana,,Smart Backpack 455,Sports,244.62,2,15.0,415.85,2025-08-07,Sakon Nakhon,Bangkok,COD,Cancelled,5.0,ส่งไวมาก ประทับใจ,Yes,13.0,0.29
104695,2711,Chomphunut Meesuk,chomphunut.meesuk12@gmail.com,Max Camera 820,Books,840.11,7,0.0,5880.77,2023-02-15,Ubon Ratchathani,Khon Kaen,Installment,Shipped,1.0,,Yes,,2.11
102082,1388,Kanya Kaewkla,,Eco Bottle 567,Health,447.56,2,0.0,895.12,2024-05-13,Nong Khai,Chonburi,PromptPay,Shipped,2.0,ใช้งานได้ตามที่คาดหวัง,Yes,14.0,0.87
100753,2020,Somchai Chaiyaporn,,Max Watch 709,Sports,1445.63,7,20.0,8095.53,2023-12-05,Bangkok,Nonthaburi,Installment,Completed,5.0,,Yes,7.0,0.97
102546,2863,Chomphunut Boonmee,chomphunut.boonmee267@gmail.com,Smart Jacket 559,Fashion,554.82,3,10.0,1498.01,2024-11-21,Chiang Rai,Chiang Mai,COD,Completed,4.0,ของมาช้ากว่ากำหนด,No,11.0,0.11
103969,1424,Kittisak Wattana,kittisak.wattana883@gmail.com,Pro Watch 451,Beauty,324.48,7,0.0,2271.36,2023-05-09,Ubon Ratchathani,Phuket,COD,Completed,4.0,,No,9.0,0.75
103373,2575,Kanya Panyawong,kanya.panyawong31@outlook.com,Pro Desk 243,Sports,734.51,9,0.0,6610.59,2024-10-13,Nonthaburi,Chiang Mai,TrueMoney Wallet,Completed,4.0,คุณภาพต่ำกว่าที่คิด,No,14.0,0.27
104107,1847,Wilai Sinthop,wilai.sinthop399@hotmail.com,Eco Sneaker 341,Books,931.2,7,0.0,6518.4,2023-12-31,Chiang Mai,Udon Thani,Bank Transfer,Completed,5.0,โอเคสำหรับราคานี้,No,2.0,1.21
102444,1454,Malee Kaewkla,malee.kaewkla238@yahoo.com,Mini Speaker 995,Automotive,470.04,9,0.0,4230.36,2025-06-10,Chiang Rai,Udon Thani,Credit Card,Completed,,,No,4.0,3.74
104380,2790,Niran Panyawong,niran.panyawong714@outlook.com,Pro Wallet 481,Electronics,472.63,6,0.0,2835.78,2024-08-25,,Phuket,Credit Card,Processing,5.0,,No,4.0,1.82
101066,1033,Siriporn Prasertsak,siriporn.prasertsak66@gmail.com,Plus Desk 324,Sports,889.57,2,15.0,1512.27,2024-05-30,Hat Yai,Bangkok,COD,Shipped,4.0,,Yes,13.0,0.15
103913,2752,Niran Intharak,niran.intharak117@hotmail.com,Smart Backpack 605,Home & Living,1386.44,2,0.0,2772.88,2024-08-23,Chiang Rai,Nonthaburi,Installment,Completed,,,No,4.0,2.03
103498,1086,Ratana Sukjai,ratana.sukjai158@gmail.com,Pro Speaker 298,Health,823.99,2,10.0,1483.18,2024-05-12,Surat Thani,Rayong,TrueMoney Wallet,Completed,3.0,บริการลูกค้าดีเยี่ยม,No,10.0,0.56
102738,1686,Somsri Yodying,somsri.yodying995@gmail.com,Plus Blender 683,Groceries,1315.92,6,0.0,7895.52,2025-12-19,Phuket,Chiang Mai,COD,Completed,4.0,,Yes,13.0,0.99
104000,1841,Ploy Srisuk,ploy.srisuk454@hotmail.com,Mini Camera 197,electronics,755.2,9,5.0,6456.96,2023-02-08,Trang,Rayong,Credit Card,Completed,,,Yes,7.0,4.83
101568,1126,Suree Phetcharat,suree.phetcharat166@gmail.com,Smart Backpack 785,Books,99.1,7,30.0,485.59,2024-12-20,Lampang,Nakhon Ratchasima,COD,Completed,3.0,,Yes,8.0,0.14
102427,2585,Chaiyot Panyawong,chaiyot.panyawong740@gmail.com,Ultra Jacket 263,Toys,756.06,6,30.0,3175.45,2024-10-18,Pattaya,Phuket,Installment,Cancelled,,จะกลับมาซื้อซ้ำแน่นอน,Yes,12.0,0.38
103746,1821,Prasert Saelim,prasert.saelim933@hotmail.com,Ultra Mouse 822,Electronics,298.94,4,0.0,1195.76,2023-01-21,Khon Kaen,Bangkok,Credit Card,Completed,2.0,จะกลับมาซื้อซ้ำแน่นอน,Yes,7.0,0.7
104663,1678,Niran Sinthop,,Mini Keyboard 416,Electronics,286.31,7,15.0,1703.54,2023-04-01,Nonthaburi,Phuket,PromptPay,Returned,5.0,,No,2.0,1.01
101687,1589,Prasert Phetcharat,prasert.phetcharat873@outlook.com,Lite Lamp 789,Home & Living,559.48,5,10.0,2517.66,2024-12-16,Pattaya,Chonburi,Credit Card,Completed,,,No,4.0,0.53
100851,2191,Niran Thongdee,niran.thongdee651@yahoo.com,Smart Camera 902,Books,807.27,9,0.0,7265.43,2023-04-16,Lampang,Songkhla,TrueMoney Wallet,Completed,4.0,,No,8.0,1.77
103546,2791,Sombat Srisuk,sombat.srisuk870@yahoo.com,Mini Mouse 892,Toys,660.62,4,5.0,2510.36,2023-10-11,Bangkok,Bangkok,COD,Completed,5.0,,No,10.0,1.23
100895,2661,Niran Thongdee,niran.thongdee61@hotmail.com,Plus Notebook 830,Electronics,192.13,7,0.0,1344.91,2024-02-15,Pattaya,Udon Thani,Installment,Shipped,2.0,โอเคสำหรับราคานี้,Yes,11.0,
104592,2574,Chaiyot Yodying,chaiyot.yodying447@outlook.com,Mini Desk 910,Groceries,328.02,2,15.0,557.63,2023-12-07,Trang,Nonthaburi,Installment,Completed,4.0,,No,8.0,4.84
100335,2955,Boonmee Prasertsak,boonmee.prasertsak276@gmail.com,Smart Camera 498,HOME & LIVING,317.7,8,0.0,2541.6,2023-09-18,Krabi,Bangkok,PromptPay,Completed,5.0,ส่งไวมาก ประทับใจ,No,,1.17
102839,1813,Malee Chotirat,,Smart Blender 472,Toys,426.14,6,0.0,2556.84,2023-09-03,Trang,Bangkok,,Processing,5.0,แพ็คเกจไม่แน่นหนา,No,6.0,1.81
103087,1440,Chaiyot Chotirat,chaiyot.chotirat216@yahoo.com,Smart Headphone 350,Health,451.36,2,0.0,902.72,2023-06-18,Chiang Rai,Nakhon Ratchasima,TrueMoney Wallet,Completed,5.0,,No,,0.58
104611,1234,Suchart Boonmee,suchart.boonmee286@hotmail.com,Pro Speaker 867,Home & Living,440.47,7,5.0,2929.13,2024-07-30,Trang,Chiang Mai,PromptPay,Shipped,,แพ็คเกจไม่แน่นหนา,Yes,1.0,0.82
101348,2323,Somsri Saelim,somsri.saelim641@gmail.com,Eco Backpack 623,Electronics,1431.47,9,15.0,10950.75,2025-11-04,Ubon Ratchathani,Khon Kaen,PromptPay,Completed,5.0,แพ็คเกจไม่แน่นหนา,Yes,13.0,4.85
101015,1223,Duangjai Boonmee,duangjai.boonmee695@outlook.com,Pro Blender 851,Health,280.68,9,30.0,1768.28,2025-01-27,Trang,Bangkok,COD,Completed,5.0,ของมาช้ากว่ากำหนด,No,2.0,2.44
102816,1516,Chaiyot Sinthop,chaiyot.sinthop645@yahoo.com,Mini Charger 180,Toys,772.13,4,0.0,3088.52,2023-01-17,Chiang Mai,Rayong,PromptPay,Cancelled,,โอเคสำหรับราคานี้,Yes,5.0,2.82
101631,2202,Chatchai Sinthop,,Max Lamp 643,Automotive,296.76,4,0.0,1187.04,2024-04-19,Nonthaburi,Nakhon Ratchasima,Bank Transfer,Completed,5.0,,Yes,9.0,0.7
102489,1400,Chatchai Saelim,chatchai.saelim724@yahoo.com,Pro Sneaker 971,Fashion,501.26,5,0.0,2506.3,2023-09-22,Surat Thani,Phuket,Installment,Completed,,,No,14.0,2.64
103730,2234,Chatchai Yodying,chatchai.yodying314@outlook.com,Pro Notebook 573,Books,259.37,3,15.0,661.39,2024-01-25,Phuket,Songkhla,Bank Transfer,Completed,5.0,,No,3.0,1.21
103251,1243,Prasert Sukjai,prasert.sukjai604@yahoo.com,Ultra Speaker 165,Groceries,97.91,5,25.0,367.16,2023-07-16,Surat Thani,Songkhla,COD,Completed,5.0,,Yes,12.0,2.22
104995,2403,Ploy Wattana,ploy.wattana787@yahoo.com,Max Wallet 815,Health,130.65,8,0.0,1045.2,2025-05-20,Nong Khai,Bangkok,Installment,Cancelled,,บริการลูกค้าดีเยี่ยม,No,11.0,0.49
102070,1747,Pichit Prasertsak,pichit.prasertsak129@outlook.com,Pro Bottle 879,Books,818.7,7,0.0,,2024-11-20,Chiang Mai,Phuket,COD,Processing,5.0,ของมาช้ากว่ากำหนด,No,7.0,1.23
104452,1779,Anan Wongsawat,anan.wongsawat417@gmail.com,Pro Backpack 300,Health,491.89,1,0.0,491.89,2025-05-03,Nakhon Si Thammarat,Phuket,TrueMoney Wallet,Processing,,โอเคสำหรับราคานี้,No,,1.42
104907,1286,Anan Srisuk,anan.srisuk575@yahoo.com,Eco Backpack 195,Fashion,640.02,8,0.0,5120.16,2025-06-29,Nakhon Si Thammarat,Nakhon Ratchasima,,Completed,4.0,แพ็คเกจไม่แน่นหนา,No,6.0,0.94
101635,2990,Thawatchai Sinthop,thawatchai.sinthop358@outlook.com,Pro Backpack 913,Toys,339.58,3,0.0,1018.74,2023-02-10,Udon Thani,Khon Kaen,PromptPay,Shipped,3.0,,No,1.0,0.86
102479,1728,Thawatchai Thongdee,thawatchai.thongdee89@hotmail.com,Mini Bottle 982,Toys,815.76,5,0.0,4078.8,2024-10-30,Trang,Songkhla,TrueMoney Wallet,Completed,1.0,สีไม่ตรงตามรูป,Yes,12.0,0.25
102265,1425,Siriporn Srisuk,siriporn.srisuk890@hotmail.com,Plus Backpack 250,Fashion,793.81,7,5.0,5278.84,2023-12-05,Nakhon Si Thammarat,Bangkok,Bank Transfer,Shipped,4.0,คุณภาพต่ำกว่าที่คิด,No,13.0,1.09
102959,1792,Sombat Wattana,sombat.wattana585@yahoo.com,Pro Camera 511,Health,634.3,8,15.0,4313.24,2024-03-09,Pattaya,Nonthaburi,PromptPay,Completed,3.0,จะกลับมาซื้อซ้ำแน่นอน,No,7.0,
104755,1067,Siriporn Naruemon,siriporn.naruemon476@hotmail.com,Eco Headphone 654,Toys,256.84,8,10.0,1849.25,2025-05-13,Nonthaburi,Chonburi,Bank Transfer,Completed,1.0,,No,13.0,0.39
103059,2699,Chomphunut Chaiyaporn,chomphunut.chaiyaporn513@gmail.com,Mini Lamp 314,Fashion,365.37,9,0.0,3288.33,2023-05-12,Nakhon Si Thammarat,Nakhon Ratchasima,Installment,Completed,5.0,,Yes,10.0,0.65
102141,1752,Kittisak Intharak,kittisak.intharak590@yahoo.com,Mini Watch 490,Sports,219.32,4,0.0,877.28,2025-10-07,Rayong,Udon Thani,Installment,Completed,,สีไม่ตรงตามรูป,No,14.0,3.29
103118,1743,Siriporn Sukjai,siriporn.sukjai489@hotmail.com,Pro Mouse 866,Groceries,418.22,5,0.0,2091.1,2025-12-13,Chiang Rai,Songkhla,PromptPay,Completed,,,No,13.0,2.12
104749,2523,Prasert Intharak,prasert.intharak53@yahoo.com,Mini Camera 786,Books,1140.82,3,0.0,3422.46,2025-06-30,Khon Kaen,Nakhon Ratchasima,Installment,Shipped,5.0,สีไม่ตรงตามรูป,No,5.0,1.06
104045,1627,Somsri Thongdee,somsri.thongdee895@hotmail.com,Max Backpack 848,Fashion,410.18,1,0.0,410.18,2023-07-16,Chiang Mai,Rayong,COD,Returned,3.0,สินค้าดีมาก คุ้มราคา,No,12.0,
103356,1082,,suchart.chotirat17@yahoo.com,Plus Watch 520,Sports,534.45,7,30.0,2618.81,2025-12-14,Khon Kaen,Songkhla,Credit Card,Shipped,5.0,,Yes,9.0,2.21
102744,2579,Sombat Sukjai,sombat.sukjai30@hotmail.com,Eco Pillow 351,Home & Living,418.37,1,0.0,418.37,2023-03-23,Nakhon Ratchasima,Bangkok,Bank Transfer,Completed,5.0,แพ็คเกจไม่แน่นหนา,Yes,4.0,0.38
103506,2408,Anan Prasertsak,anan.prasertsak777@yahoo.com,Pro Sneaker 124,Electronics,442.22,4,0.0,1768.88,2023-12-05,Chiang Rai,Udon Thani,TrueMoney Wallet,Shipped,5.0,,Yes,4.0,0.14
101679,1428,Ratana Sinthop,ratana.sinthop90@gmail.com,Max Chair 444,Books,668.43,9,0.0,6015.87,2025-04-15,Bangkok,Nakhon Ratchasima,Installment,Returned,5.0,คุณภาพต่ำกว่าที่คิด,Yes,9.0,3.56
104249,1190,Thawatchai Chotirat,thawatchai.chotirat428@gmail.com,Ultra Sneaker 800,Electronics,866.54,7,0.0,6065.78,2024-02-19,Chiang Mai,Chiang Mai,PromptPay,Completed,4.0,สินค้าดีมาก คุ้มราคา,No,13.0,1.39
103147,2835,Yupin Prasertsak,yupin.prasertsak707@hotmail.com,Smart Chair 901,Electronics,1212.33,3,0.0,3636.99,2024-12-14,Ubon Ratchathani,Nakhon Ratchasima,COD,Shipped,4.0,,No,,1.0
102294,1364,Chomphunut Phetcharat,chomphunut.phetcharat546@gmail.com,Eco Lamp 127,Toys,156.7,3,0.0,470.1,2024-11-19,Ubon Ratchathani,Nonthaburi,TrueMoney Wallet,Shipped,,,No,10.0,1.64
100580,2643,Pranee Srisuk,pranee.srisuk236@gmail.com,Lite Backpack 439,Electronics,925.11,3,0.0,2775.33,2023-09-09,Krabi,Chonburi,COD,Completed,4.0,ส่งไวมาก ประทับใจ,No,9.0,2.9
101470,2669,Boonmee Srisuk,boonmee.srisuk58@hotmail.com,Eco Notebook 162,Fashion,276.0,4,0.0,1104.0,2025-01-22,Chiang Rai,Songkhla,Bank Transfer,Processing,,,No,9.0,0.28
104070,2459,Chomphunut Thongdee,chomphunut.thongdee532@outlook.com,Lite Charger 907,Books,666.88,6,,3601.15,2024-10-15,Trang,Chiang Mai,Installment,Completed,4.0,,No,10.0,1.96
103343,2953,Pichit Intharak,pichit.intharak490@yahoo.com,Mini Mouse 896,Books,487.16,6,20.0,2338.37,2023-02-07,Sakon Nakhon,Phuket,COD,Completed,,โอเคสำหรับราคานี้,No,4.0,0.62
104583,2866,Kittisak Intharak,kittisak.intharak921@hotmail.com,Smart Charger 839,Electronics,1109.86,7,,7769.02,2024-08-13,,Rayong,Credit Card,Completed,1.0,,No,13.0,0.1
103672,2304,Anan Prasertsak,anan.prasertsak537@yahoo.com,Smart Pillow 104,Toys,,6,20.0,4416.62,2025-04-15,Nakhon Si Thammarat,Songkhla,Credit Card,Shipped,4.0,,No,9.0,1.0
100559,1574,Niran Yodying,niran.yodying770@yahoo.com,Eco Bottle 303,Groceries,,3,10.0,561.68,2023-02-23,Trang,Songkhla,Bank Transfer,Cancelled,5.0,สีไม่ตรงตามรูป,No,8.0,0.65
102849,2092,Chomphunut Meesuk,,Plus Wallet 949,Health,957.59,5,10.0,4309.16,2025-04-28,Lampang,Nakhon Ratchasima,PromptPay,Returned,2.0,,Yes,3.0,2.3
100512,2662,Malee Intharak,malee.intharak827@outlook.com,Ultra Watch 282,Books,397.78,7,0.0,2784.46,2023-01-24,Sakon Nakhon,Nakhon Ratchasima,TrueMoney Wallet,Cancelled,4.0,จะกลับมาซื้อซ้ำแน่นอน,Yes,1.0,
101081,2077,Somsri Kaewkla,somsri.kaewkla255@yahoo.com,Ultra Lamp 143,Home & Living,367.5,8,0.0,2940.0,2025-10-22,Lampang,Udon Thani,Bank Transfer,Shipped,,,Yes,11.0,1.24
101664,1326,Somchai Kaewkla,somchai.kaewkla717@outlook.com,Plus Desk 505,Health,342.16,7,0.0,2395.12,2025-02-24,Hat Yai,Udon Thani,PromptPay,Processing,4.0,,No,5.0,0.79
101012,1373,Ploy Rattanakul,ploy.rattanakul307@hotmail.com,Smart Chair 229,Home & Living,576.21,2,0.0,1152.42,2025-10-08,Bangkok,Chiang Mai,Bank Transfer,Completed,4.0,,No,14.0,0.51
101931,1041,Anan Rattanakul,anan.rattanakul112@gmail.com,Plus Blender 370,Beauty,795.77,4,0.0,3183.08,2025-12-22,Khon Kaen,Chonburi,TrueMoney Wallet,Shipped,5.0,ส่งไวมาก ประทับใจ,No,12.0,1.35
101150,1760,Pichit Boonmee,pichit.boonmee515@yahoo.com,Smart Chair 359,Health,1101.48,6,0.0,6608.88,2025-10-27,Ubon Ratchathani,Chonburi,COD,Cancelled,3.0,แพ็คเกจไม่แน่นหนา,Yes,3.0,1.0
102838,1344,Suchart Rattanakul,suchart.rattanakul608@gmail.com,Plus Speaker 819,Toys,1053.67,5,0.0,5268.35,2024-01-15,Rayong,Chiang Mai,Bank Transfer,Cancelled,,,No,7.0,1.79
100116,1295,Anan Panyawong,anan.panyawong816@outlook.com,Max Headphone 316,Automotive,208.51,4,30.0,583.83,2025-09-04,,Bangkok,TrueMoney Wallet,Completed,5.0,จะกลับมาซื้อซ้ำแน่นอน,Yes,4.0,3.17
100740,1616,Wilai Yodying,,Mini Chair 131,Toys,1075.89,9,0.0,9683.01,2025-12-04,Buriram,Rayong,Credit Card,Completed,5.0,,Yes,9.0,6.47
104830,2684,Orawan Meesuk,orawan.meesuk153@gmail.com,Eco Charger 145,Health,227.03,6,0.0,1362.18,2025-06-10,Sakon Nakhon,Rayong,PromptPay,Completed,4.0,,Yes,10.0,2.54
103675,2134,Anan Rattanakul,anan.rattanakul700@yahoo.com,Eco Desk 977,Automotive,529.71,5,15.0,2251.27,2025-08-07,Surat Thani,Rayong,Credit Card,Completed,5.0,ของมาช้ากว่ากำหนด,No,12.0,6.06
100830,2246,Siriporn Intharak,siriporn.intharak465@yahoo.com,Smart Bottle 531,Sports,496.23,5,0.0,2481.15,2025-06-27,Nonthaburi,Nakhon Ratchasima,,Shipped,4.0,สีไม่ตรงตามรูป,No,3.0,0.48
100119,2772,Thawatchai Meesuk,thawatchai.meesuk290@gmail.com,Lite Jacket 830,Fashion,902.53,9,0.0,8122.77,2024-09-04,Ubon Ratchathani,Nakhon Ratchasima,PromptPay,Shipped,3.0,,No,14.0,0.32
104803,1103,Pranee Thongdee,pranee.thongdee844@outlook.com,Mini Speaker 359,Health,694.17,9,15.0,5310.4,2024-01-19,,Phuket,PromptPay,Completed,4.0,,Yes,12.0,1.78
104762,1364,Yupin Yodying,yupin.yodying639@outlook.com,Plus Mouse 486,Fashion,493.08,1,25.0,369.81,2023-10-16,Krabi,Songkhla,TrueMoney Wallet,Completed,,,Yes,4.0,2.32
100635,1703,Yupin Intharak,yupin.intharak972@outlook.com,Smart Sneaker 929,Groceries,731.84,2,0.0,1463.68,2025-06-02,Nakhon Si Thammarat,Rayong,Credit Card,Completed,,,Yes,,0.41
104465,1866,Orawan Chotirat,orawan.chotirat444@gmail.com,Ultra Pillow 300,Books,930.52,4,0.0,3722.08,2025-02-11,Nakhon Ratchasima,Chonburi,Bank Transfer,Completed,4.0,คุณภาพต่ำกว่าที่คิด,No,10.0,0.87
104364,2150,,pichit.sukjai487@yahoo.com,Plus Watch 959,Beauty,598.79,4,0.0,2395.16,2024-10-25,Pattaya,Rayong,TrueMoney Wallet,Completed,,ส่งไวมาก ประทับใจ,No,10.0,1.95
104142,1574,Somkiat Wongsawat,somkiat.wongsawat331@gmail.com,Ultra Headphone 864,Sports,279.63,4,20.0,894.82,2024-02-19,Nakhon Ratchasima,Khon Kaen,Credit Card,Returned,5.0,,No,7.0,0.38
100991,2581,Rungnapa Thongdee,rungnapa.thongdee110@outlook.com,Max Notebook 541,Health,,9,10.0,3741.71,2023-08-25,Khon Kaen,Rayong,TrueMoney Wallet,Completed,1.0,,No,10.0,0.45
100876,2093,Chatchai Prasertsak,chatchai.prasertsak112@yahoo.com,Mini Headphone 753,Health,601.81,1,10.0,541.63,2025-12-05,Sakon Nakhon,Chiang Mai,Bank Transfer,Completed,3.0,,No,6.0,0.23
100004,2130,Chomphunut Intharak,chomphunut.intharak292@hotmail.com,Pro Watch 999,Toys,1273.92,8,0.0,10191.36,2023-09-16,Chiang Mai,Chiang Mai,Credit Card,Completed,4.0,ใช้งานได้ตามที่คาดหวัง,Yes,,0.2
103051,1530,Somkiat Phetcharat,somkiat.phetcharat331@hotmail.com,Pro Desk 726,Electronics,121.09,3,0.0,363.27,2023-01-04,Rayong,Bangkok,COD,Completed,5.0,,No,10.0,0.32
103124,1647,Somsri Phetcharat,somsri.phetcharat664@hotmail.com,Smart Headphone 514,Toys,221.31,9,0.0,1991.79,2025-05-05,,Chonburi,Bank Transfer,Returned,,,Yes,13.0,2.95
102660,1529,Somsri Chotirat,somsri.chotirat950@hotmail.com,Pro Wallet 706,Automotive,374.29,2,30.0,524.01,2025-05-12,,Rayong,Credit Card,Cancelled,4.0,สินค้าดีมาก คุ้มราคา,No,,0.79
102491,1888,Chomphunut Srisuk,,Mini Sneaker 394,Health,459.26,4,0.0,1837.04,2024-01-27,Chiang Mai,Songkhla,PromptPay,Completed,,ใช้งานได้ตามที่คาดหวัง,No,9.0,1.18
103854,2938,Thawatchai Meesuk,thawatchai.meesuk728@hotmail.com,Pro Chair 907,Automotive,136.2,8,0.0,1089.6,2025-12-04,Krabi,Khon Kaen,COD,Completed,2.0,สินค้าดีมาก คุ้มราคา,Yes,3.0,2.53
101715,2499,Orawan Chotirat,,Eco Notebook 883,Health,391.26,9,0.0,3521.34,2025-01-30,Surat Thani,Bangkok,COD,Completed,,,Yes,6.0,0.1
101148,2906,Anan Panyawong,anan.panyawong188@outlook.com,Smart Backpack 464,Beauty,624.18,1,5.0,592.97,2024-01-18,Buriram,Phuket,Credit Card,Shipped,4.0,จะกลับมาซื้อซ้ำแน่นอน,No,4.0,0.2
103261,2181,Rungnapa Kaewkla,rungnapa.kaewkla927@outlook.com,Eco Watch 694,Beauty,231.01,8,0.0,1848.08,2025-02-12,Nakhon Si Thammarat,Phuket,Bank Transfer,Returned,3.0,,No,,1.62
100574,1612,Somkiat Naruemon,somkiat.naruemon586@hotmail.com,Smart Watch 353,Beauty,2071.11,6,10.0,11183.99,2023-04-12,Pattaya,Udon Thani,COD,Completed,3.0,,Yes,2.0,1.33
103769,1499,Niran Srisuk,,Pro Mouse 883,Sports,347.36,1,20.0,277.89,2023-11-30,Udon Thani,Chiang Mai,Bank Transfer,Completed,5.0,,No,10.0,0.54
103736,2155,Ratana Saelim,ratana.saelim657@yahoo.com,Smart Lamp 187,Home & Living,538.24,7,30.0,2637.38,2024-04-07,Sakon Nakhon,Phuket,COD,Completed,4.0,ใช้งานได้ตามที่คาดหวัง,Yes,,1.04
104146,2556,Duangjai Sinthop,,Plus Jacket 165,Books,456.93,9,5.0,3906.75,2023-03-21,Nakhon Si Thammarat,Bangkok,COD,Cancelled,2.0,สินค้าดีมาก คุ้มราคา,No,10.0,1.04
100853,2416,Suree Panyawong,suree.panyawong667@outlook.com,Smart Speaker 817,Electronics,562.98,2,5.0,1069.66,2023-09-17,Udon Thani,Chonburi,PromptPay,Completed,,แพ็คเกจไม่แน่นหนา,Yes,14.0,2.58
101982,2311,Chatchai Yodying,chatchai.yodying470@gmail.com,Smart Bottle 287,Electronics,570.27,2,5.0,1083.51,2023-02-04,Chiang Mai,Phuket,Credit Card,Processing,,,No,1.0,1.78
102774,2229,Chaiyot Prasertsak,chaiyot.prasertsak91@gmail.com,Max Keyboard 744,Electronics,312.2,5,0.0,1561.0,2023-09-02,Ubon Ratchathani,Chiang Mai,COD,Completed,3.0,สินค้าดีมาก คุ้มราคา,Yes,4.0,2.16
101166,2218,Anan Kaewkla,anan.kaewkla492@outlook.com,Lite Blender 555,Groceries,196.37,2,5.0,373.1,2023-01-01,Lampang,Udon Thani,Installment,Completed,3.0,,Yes,8.0,4.5
100971,2339,Boonmee Sukjai,boonmee.sukjai387@outlook.com,Smart Pillow 406,Beauty ,629.36,1,0.0,629.36,2025-05-20,Krabi,Chiang Mai,Installment,Cancelled,,,No,9.0,1.85
102701,2252,Rungnapa Srisuk,rungnapa.srisuk247@outlook.com,Max Notebook 481,Books,237.79,2,15.0,404.24,2024-12-13,Krabi,Udon Thani,TrueMoney Wallet,Cancelled,,โอเคสำหรับราคานี้,No,13.0,1.84
104495,2845,Somkiat Phetcharat,somkiat.phetcharat787@hotmail.com,Max Blender 111,Toys,400.0,6,0.0,2400.0,2023-01-25,Krabi,Chiang Mai,TrueMoney Wallet,Completed,,,Yes,,0.7
103847,1253,Pranee Srisuk,pranee.srisuk294@hotmail.com,Plus Speaker 815,Groceries,465.62,5,0.0,2328.1,2023-10-31,Krabi,Rayong,Installment,Cancelled,3.0,,No,7.0,2.3
102368,1156,Chatchai Saelim,chatchai.saelim109@hotmail.com,Mini Jacket 485,Toys,209.01,3,15.0,532.98,2025-07-19,Bangkok,Chiang Mai,TrueMoney Wallet,Cancelled,4.0,,Yes,,0.81
104115,1485,Pranee Chaiyaporn,pranee.chaiyaporn576@hotmail.com,Plus Blender 481,Beauty,205.97,6,0.0,1235.82,2025-08-31,Trang,Nonthaburi,Credit Card,Processing,5.0,,No,12.0,2.93
104131,1365,,somchai.sinthop81@yahoo.com,Max Camera 644,Home & Living,338.79,5,15.0,1439.86,2024-11-03,Chiang Mai,Rayong,Credit Card,Completed,3.0,,Yes,13.0,1.06
102950,1020,Somsri Chotirat,somsri.chotirat392@gmail.com,Max Bottle 664,Sports,255.83,4,0.0,1023.32,2023-06-21,Ubon Ratchathani,Songkhla,Bank Transfer,Completed,,โอเคสำหรับราคานี้,No,5.0,1.58
100524,2500,Ratana Rattanakul,ratana.rattanakul225@yahoo.com,Eco Backpack 634,Health,156.82,7,30.0,768.42,2023-01-11,Nonthaburi,Udon Thani,TrueMoney Wallet,Shipped,,,Yes,,2.51
102455,2854,Thawatchai Kaewkla,thawatchai.kaewkla292@hotmail.com,Eco Notebook 367,Automotive,294.21,6,0.0,1765.26,2023-08-14,Phuket,Chonburi,,Processing,4.0,บริการลูกค้าดีเยี่ยม,Yes,,0.57
101841,1033,Pranee Prasertsak,,Plus Bottle 933,Electronics,687.45,2,0.0,1374.9,2023-02-04,Chiang Mai,Chonburi,Credit Card,Completed,4.0,,Yes,,0.32
100537,1035,Ploy Phetcharat,ploy.phetcharat677@hotmail.com,Max Notebook 294,Beauty,128.5,8,10.0,925.2,2025-08-08,Nakhon Ratchasima,Khon Kaen,Credit Card,Processing,1.0,,Yes,2.0,4.08
102806,1891,Chomphunut Rattanakul,chomphunut.rattanakul93@hotmail.com,Plus Speaker 838,Sports,413.23,1,0.0,413.23,2024-07-28,Nong Khai,Songkhla,Credit Card,Completed,,,No,7.0,1.56
104341,2399,Pranee Phetcharat,,Eco Mouse 458,Fashion,264.15,4,5.0,1003.77,2023-08-23,Rayong,Bangkok,PromptPay,Completed,5.0,,Yes,13.0,0.68
103175,1310,Ploy Chotirat,ploy.chotirat773@outlook.com,Mini Blender 879,Health,453.36,4,0.0,1813.44,2025-12-07,Hat Yai,Udon Thani,Bank Transfer,Completed,4.0,,Yes,6.0,1.06
100784,1061,Somkiat Srisuk,somkiat.srisuk244@outlook.com,Smart Desk 813,Books,113.99,4,0.0,455.96,2025-09-07,,Chonburi,TrueMoney Wallet,Processing,4.0,,No,5.0,2.78
104057,1065,Anucha Chaiyaporn,anucha.chaiyaporn510@outlook.com,Mini Speaker 152,Automotive,930.95,8,0.0,7447.6,2025-01-08,Chiang Mai,Udon Thani,TrueMoney Wallet,Completed,,จะกลับมาซื้อซ้ำแน่นอน,Yes,1.0,1.25
101409,2160,Chomphunut Saelim,chomphunut.saelim151@yahoo.com,Lite Notebook 548,Books,734.24,8,,5873.92,2024-07-21,Nonthaburi,Chonburi,Bank Transfer,Completed,,,No,7.0,1.45
102537,1773,Boonmee Saelim,boonmee.saelim704@hotmail.com,Eco Blender 188,Fashion,1518.04,6,0.0,9108.24,2025-08-27,Khon Kaen,Chonburi,,Completed,,แพ็คเกจไม่แน่นหนา,No,,4.46
100154,2017,Nittaya Phetcharat,nittaya.phetcharat726@outlook.com,Max Chair 761,Sports,777.19,4,30.0,2176.13,2025-11-30,Nakhon Ratchasima,Phuket,COD,Completed,,,Yes,,
103009,1297,Somkiat Wongsawat,,Mini Pillow 510,Beauty,545.37,1,0.0,545.37,2025-06-20,Sakon Nakhon,Rayong,Installment,Completed,5.0,สินค้าดีมาก คุ้มราคา,No,8.0,0.86
101686,1768,Prasert Kaewkla,prasert.kaewkla684@yahoo.com,Lite Bottle 331,Health,806.98,8,30.0,4519.09,2024-06-11,Nakhon Ratchasima,Chonburi,COD,Completed,1.0,,Yes,8.0,3.07
102901,1827,Thawatchai Chotirat,thawatchai.chotirat165@yahoo.com,Eco Jacket 157,Sports,471.9,2,25.0,707.85,2025-12-24,Khon Kaen,Nonthaburi,COD,Shipped,4.0,,No,12.0,0.97
104974,2098,Chomphunut Rattanakul,chomphunut.rattanakul252@yahoo.com,Smart Headphone 494,Automotive,404.32,4,0.0,1617.28,2023-05-10,Udon Thani,Chonburi,PromptPay,Completed,,จะกลับมาซื้อซ้ำแน่นอน,No,2.0,0.41
103863,1048,Somsri Boonmee,somsri.boonmee682@outlook.com,Smart Keyboard 307,Health,229.56,9,0.0,2066.04,2023-01-21,Nakhon Si Thammarat,Chonburi,COD,Completed,5.0,ของมาช้ากว่ากำหนด,No,14.0,0.82
102733,1885,Duangjai Naruemon,duangjai.naruemon35@yahoo.com,Smart Speaker 952,Groceries,289.95,9,0.0,2609.55,2023-03-13,Lampang,Nonthaburi,Bank Transfer,Completed,,,No,13.0,1.06
101895,2333,Nittaya Prasertsak,nittaya.prasertsak726@outlook.com,Mini Bottle 831,Electronics,319.4,5,0.0,1597.0,2023-12-11,Khon Kaen,Songkhla,TrueMoney Wallet,Completed,,สีไม่ตรงตามรูป,No,12.0,1.35
100569,1837,Chomphunut Intharak,chomphunut.intharak917@hotmail.com,Plus Desk 308,Fashion,365.65,1,0.0,365.65,2025-09-26,Nong Khai,Khon Kaen,Bank Transfer,Completed,,ของมาช้ากว่ากำหนด,No,5.0,5.17
101816,1236,Somkiat Intharak,somkiat.intharak576@gmail.com,Plus Backpack 441,Home & Living,591.71,1,15.0,502.95,2025-05-06,Udon Thani,Rayong,Credit Card,Completed,4.0,,No,13.0,0.27
102065,1028,Yupin Kaewkla,yupin.kaewkla630@yahoo.com,Smart Headphone 251,Toys,752.51,9,0.0,6772.59,2025-07-26,Ubon Ratchathani,Udon Thani,,Returned,3.0,,No,12.0,1.36
100127,1187,Chomphunut Phetcharat,chomphunut.phetcharat215@gmail.com,Max Notebook 155,Groceries,99.87,7,0.0,699.09,2025-12-30,Chiang Rai,Nonthaburi,Installment,Completed,,บริการลูกค้าดีเยี่ยม,No,10.0,1.81
103394,1154,Prasert Chaiyaporn,prasert.chaiyaporn319@outlook.com,Max Camera 210,Sports,480.74,7,5.0,3196.92,2024-11-30,Krabi,Chiang Mai,PromptPay,Processing,4.0,,,4.0,1.72
103327,1988,Somkiat Yodying,,Mini Headphone 863,Groceries,413.99,5,,2069.95,2023-01-14,Phuket,Bangkok,Bank Transfer,Completed,,,No,4.0,0.84
101279,2799,Orawan Wattana,,Smart Notebook 430,Health,1720.27,6,15.0,8773.38,2025-09-11,Pattaya,Khon Kaen,Bank Transfer,Processing,4.0,,,1.0,0.14
102975,2587,Anucha Saelim,anucha.saelim100@hotmail.com,Lite Blender 962,Home & Living,624.23,7,0.0,4369.61,2025-01-15,Bangkok,Phuket,TrueMoney Wallet,Shipped,5.0,,No,13.0,
100980,1501,Wichai Sukjai,wichai.sukjai587@yahoo.com,Lite Camera 647,Electronics,564.06,6,10.0,3045.92,2023-10-15,Pattaya,Nakhon Ratchasima,Credit Card,Completed,,,No,4.0,1.44
102300,2478,Kittisak Saelim,kittisak.saelim830@hotmail.com,Pro Bottle 200,Books,298.42,4,5.0,1134.0,2024-04-26,Lampang,Udon Thani,TrueMoney Wallet,Completed,,,No,7.0,0.71
100190,2038,Somchai Naruemon,somchai.naruemon9@yahoo.com,Plus Notebook 789,Books,359.22,4,5.0,1365.04,2024-01-15,Rayong,Songkhla,Bank Transfer,Completed,5.0,ใช้งานได้ตามที่คาดหวัง,Yes,6.0,0.68
101139,2797,Pranee Prasertsak,pranee.prasertsak266@gmail.com,Ultra Jacket 233,Books,545.02,1,20.0,436.02,2024-12-07,Bangkok,Khon Kaen,COD,Processing,4.0,,No,9.0,
100699,1851,Kittisak Chantra,kittisak.chantra764@outlook.com,Lite Sneaker 461,Beauty,676.14,3,0.0,2028.42,2025-01-02,Nonthaburi,Nonthaburi,COD,Shipped,,ของมาช้ากว่ากำหนด,Yes,,1.14
104804,2237,Suchart Prasertsak,suchart.prasertsak111@yahoo.com,Smart Bottle 890,Groceries,344.92,3,,1034.76,2023-01-22,Ubon Ratchathani,Songkhla,,Completed,,สินค้าดีมาก คุ้มราคา,No,4.0,1.46
100606,2081,Sombat Intharak,sombat.intharak802@outlook.com,Pro Bottle 105,Beauty,824.27,9,0.0,7418.43,2023-01-22,Rayong,Nakhon Ratchasima,PromptPay,Completed,,ของมาช้ากว่ากำหนด,No,13.0,3.39
104276,1645,Kanya Kaewkla,kanya.kaewkla208@yahoo.com,Ultra Watch 279,Sports,273.23,9,0.0,2459.07,2023-01-16,Buriram,Khon Kaen,COD,Completed,,,No,9.0,1.75
100301,1729,Duangjai Saelim,duangjai.saelim412@gmail.com,Plus Watch 899,Fashion,878.52,6,0.0,5271.12,2023-02-04,Nonthaburi,Songkhla,Credit Card,Completed,4.0,,Yes,6.0,1.43
103420,1212,Pichit Yodying,pichit.yodying187@gmail.com,Mini Notebook 161,SPORTS,311.25,5,0.0,1556.25,2024-07-15,Khon Kaen,Chiang Mai,Credit Card,Completed,3.0,,Yes,6.0,0.61
104844,2552,Pichit Prasertsak,,Ultra Watch 922,Books,1441.82,5,0.0,7209.1,2024-10-20,Buriram,Phuket,,Shipped,,,No,8.0,3.16
101060,2795,Anan Saelim,anan.saelim661@outlook.com,Ultra Mouse 362,Electronics,196.83,2,0.0,393.66,2025-09-26,Krabi,Nakhon Ratchasima,Bank Transfer,Completed,,ใช้งานได้ตามที่คาดหวัง,No,1.0,0.14
102565,1514,Chomphunut Thongdee,chomphunut.thongdee161@outlook.com,Eco Chair 635,Beauty,367.8,9,30.0,2317.14,2023-11-14,Krabi,Phuket,TrueMoney Wallet,Returned,3.0,,No,11.0,1.64
100480,2372,Ploy Kaewkla,ploy.kaewkla141@gmail.com,Plus Chair 953,Electronics,421.79,9,,3036.89,2023-10-21,Krabi,Bangkok,TrueMoney Wallet,Completed,2.0,,No,11.0,7.69
101069,2095,,siriporn.meesuk186@hotmail.com,Lite Speaker 919,Books,492.72,7,0.0,3449.04,2023-06-01,Nonthaburi,Nonthaburi,Credit Card,Completed,,,No,14.0,1.04
102524,1142,Suchart Srisuk,suchart.srisuk225@gmail.com,Lite Bottle 832,Groceries,559.34,4,30.0,1566.15,2024-10-15,Lampang,Udon Thani,PromptPay,Completed,,,No,9.0,0.32
102205,2924,Rungnapa Chantra,rungnapa.chantra960@yahoo.com,Eco Desk 947,Books,1056.9,3,0.0,3170.7,2024-08-21,Ubon Ratchathani,Nakhon Ratchasima,TrueMoney Wallet,Shipped,,,No,,2.43
101243,2297,Kanya Wongsawat,kanya.wongsawat498@gmail.com,Lite Camera 237,Fashion,391.25,8,0.0,3130.0,2024-10-18,Sakon Nakhon,Udon Thani,TrueMoney Wallet,Cancelled,1.0,,No,7.0,0.79
100016,2123,Pichit Yodying,pichit.yodying93@outlook.com,Plus Wallet 105,Automotive,270.75,8,25.0,1624.5,2023-06-25,Pattaya,Phuket,COD,Shipped,,,Yes,9.0,0.31
103120,1352,Pranee Boonmee,pranee.boonmee660@hotmail.com,Max Pillow 697,Groceries,774.36,4,15.0,2632.82,2024-01-12,Phuket,Songkhla,Credit Card,Completed,,สีไม่ตรงตามรูป,Yes,10.0,1.4
104642,2387,Somchai Rattanakul,somchai.rattanakul474@hotmail.com,Pro Pillow 433,Sports,313.01,9,30.0,1971.96,2023-05-09,Lampang,Khon Kaen,Bank Transfer,Completed,,แพ็คเกจไม่แน่นหนา,Yes,7.0,0.12
100815,1947,Pranee Chantra,pranee.chantra279@outlook.com,Ultra Headphone 503,Electronics,230.58,1,10.0,207.52,2024-01-28,Khon Kaen,Nonthaburi,Credit Card,Completed,5.0,,No,8.0,6.17
103067,1482,Somchai Boonmee,somchai.boonmee883@outlook.com,Pro Speaker 698,Home & Living,355.02,8,10.0,2556.14,2025-12-30,Krabi,Nonthaburi,Credit Card,Completed,5.0,,No,8.0,
104808,1786,Ploy Chantra,ploy.chantra142@gmail.com,Plus Bottle 188,Fashion,248.53,1,10.0,223.68,2023-09-17,Chiang Mai,Rayong,Credit Card,Completed,5.0,บริการลูกค้าดีเยี่ยม,No,9.0,3.55
100959,1357,Chomphunut Sinthop,chomphunut.sinthop165@yahoo.com,Lite Bottle 422,Automotive,,6,20.0,4200.29,2023-09-18,Bangkok,Chonburi,COD,Shipped,,,No,6.0,1.07
100225,2012,Ploy Chaiyaporn,,Max Bottle 604,Toys,412.8,2,0.0,825.6,2024-04-01,Khon Kaen,Chonburi,Credit Card,Shipped,,,Yes,9.0,1.15
103354,1456,Ploy Kaewkla,ploy.kaewkla667@outlook.com,Smart Bottle 862,Toys,750.89,7,0.0,5256.23,2025-11-04,Krabi,Chonburi,Installment,Returned,5.0,,Yes,10.0,2.08
102485,1213,Somchai Chaiyaporn,somchai.chaiyaporn335@hotmail.com,Ultra Camera 272,Fashion,202.64,8,0.0,1621.12,2024-05-30,Nong Khai,Nakhon Ratchasima,Installment,Processing,4.0,จะกลับมาซื้อซ้ำแน่นอน,Yes,2.0,2.34
100562,1149,Boonmee Intharak,boonmee.intharak730@yahoo.com,Lite Headphone 258,Automotive,106.78,2,15.0,181.53,2024-10-13,Bangkok,Chiang Mai,Installment,Returned,,,Yes,13.0,4.94
103436,1307,Chatchai Intharak,chatchai.intharak791@outlook.com,Max Bottle 546,Electronics,960.07,1,0.0,960.07,2023-08-30,Pattaya,Nonthaburi,PromptPay,Completed,,,No,11.0,1.93
101693,1987,Siriporn Prasertsak,siriporn.prasertsak974@gmail.com,Pro Wallet 873,Automotive,138.41,6,0.0,830.46,2024-05-21,Bangkok,Udon Thani,PromptPay,Processing,5.0,จะกลับมาซื้อซ้ำแน่นอน,No,1.0,0.51
101045,1996,Pranee Chaiyaporn,,Ultra Watch 332,Groceries,147.71,5,,590.84,2024-01-16,Pattaya,Songkhla,COD,Returned,,สินค้าดีมาก คุ้มราคา,Yes,,1.16
103446,2787,Yupin Panyawong,yupin.panyawong124@yahoo.com,Mini Backpack 177,Toys,233.17,1,0.0,233.17,2024-10-04,Khon Kaen,Songkhla,COD,Shipped,,,Yes,12.0,0.12
104565,1411,Rungnapa Rattanakul,rungnapa.rattanakul454@hotmail.com,Mini Speaker 950,Fashion,167.64,9,20.0,1207.01,2023-10-25,Sakon Nakhon,Songkhla,Credit Card,Returned,,ใช้งานได้ตามที่คาดหวัง,No,12.0,0.59
100954,2035,Chatchai Panyawong,chatchai.panyawong494@hotmail.com,Pro Charger 666,Beauty,480.15,5,0.0,2400.75,2023-02-28,,Chiang Mai,Credit Card,Shipped,4.0,,No,,2.29
100384,2154,Suree Intharak,suree.intharak397@hotmail.com,Mini Lamp 507,Sports,892.28,6,0.0,5353.68,2025-10-26,Krabi,Khon Kaen,Bank Transfer,Shipped,,คุณภาพต่ำกว่าที่คิด,No,8.0,0.28
102735,2144,Malee Thongdee,malee.thongdee408@gmail.com,Lite Watch 111,Books,331.92,7,30.0,1626.41,2025-02-28,Phuket,Chonburi,PromptPay,Returned,,,No,7.0,0.1
104928,1695,Malee Prasertsak,malee.prasertsak989@hotmail.com,Pro Sneaker 840,Toys,720.85,7,5.0,4793.65,2023-02-11,Ubon Ratchathani,Khon Kaen,PromptPay,Cancelled,3.0,โอเคสำหรับราคานี้,Yes,7.0,1.24
104735,1123,Rungnapa Boonmee,rungnapa.boonmee832@yahoo.com,Ultra Mouse 370,Groceries,766.57,1,10.0,689.91,2023-04-02,Rayong,Songkhla,Installment,Completed,5.0,แพ็คเกจไม่แน่นหนา,No,6.0,0.61
104847,1665,Wilai Intharak,wilai.intharak475@outlook.com,Pro Keyboard 689,Automotive,511.64,2,0.0,1023.28,2024-04-11,Surat Thani,Phuket,PromptPay,Cancelled,5.0,สินค้าดีมาก คุ้มราคา,No,10.0,0.35
101218,1718,Wichai Panyawong,wichai.panyawong6@yahoo.com,Max Keyboard 405,Beauty,584.21,9,15.0,4469.21,2025-06-09,Nakhon Si Thammarat,Phuket,COD,Processing,2.0,จะกลับมาซื้อซ้ำแน่นอน,Yes,,2.12
101527,1754,Somsri Prasertsak,somsri.prasertsak247@yahoo.com,Pro Charger 122,Groceries,353.93,5,0.0,1769.65,2025-09-18,Lampang,Songkhla,Installment,Completed,4.0,,Yes,2.0,
103987,1953,Pranee Chotirat,pranee.chotirat191@gmail.com,Plus Desk 832,Home & Living,639.69,7,0.0,4477.83,2023-04-09,Khon Kaen,Udon Thani,TrueMoney Wallet,Processing,5.0,,Yes,14.0,1.38
101300,2460,Chatchai Sinthop,chatchai.sinthop780@hotmail.com,Eco Sneaker 670,Home & Living,231.33,3,0.0,693.99,2025-10-05,Bangkok,Rayong,Credit Card,Completed,,,Yes,7.0,2.6
104916,2589,Pranee Intharak,pranee.intharak688@yahoo.com,Ultra Wallet 277,Electronics,411.79,9,0.0,3706.11,2024-01-25,Nong Khai,Rayong,Bank Transfer,Completed,,,Yes,9.0,3.37
100160,1779,Duangjai Yodying,duangjai.yodying450@outlook.com,Mini Chair 736,Fashion,412.39,9,0.0,3711.51,2023-03-19,Sakon Nakhon,Nonthaburi,Installment,Processing,,,No,6.0,0.95
104067,1226,Suree Chotirat,suree.chotirat723@outlook.com,Plus Jacket 517,Toys,1172.67,9,0.0,10554.03,2024-04-30,Nong Khai,Nakhon Ratchasima,Bank Transfer,Completed,,สีไม่ตรงตามรูป,No,13.0,0.11
100956,1735,Somsri Panyawong,somsri.panyawong175@gmail.com,Plus Sneaker 703,Health,369.14,9,20.0,2657.81,2023-12-29,Nong Khai,Phuket,PromptPay,Completed,,บริการลูกค้าดีเยี่ยม,Yes,9.0,
103791,2337,Somchai Wongsawat,,Mini Blender 117,Sports,95.58,9,30.0,602.15,2023-11-04,Chiang Mai,Bangkok,TrueMoney Wallet,Completed,,คุณภาพต่ำกว่าที่คิด,No,13.0,0.16
103234,2866,Chomphunut Chantra,,Mini Jacket 933,Electronics,254.15,8,20.0,1626.56,2024-10-02,Udon Thani,Nakhon Ratchasima,Installment,Completed,4.0,บริการลูกค้าดีเยี่ยม,No,5.0,2.05
102869,1488,Nittaya Intharak,nittaya.intharak326@hotmail.com,Mini Notebook 144,Toys,817.54,4,,3270.16,2024-07-01,Udon Thani,Nakhon Ratchasima,Credit Card,Shipped,5.0,,Yes,10.0,2.02
103777,2938,Orawan Phetcharat,orawan.phetcharat73@gmail.com,Pro Blender 553,Books,777.81,6,10.0,4200.17,2023-09-02,Bangkok,Nakhon Ratchasima,Bank Transfer,Processing,5.0,คุณภาพต่ำกว่าที่คิด,No,3.0,1.23
104433,2964,Somkiat Wongsawat,somkiat.wongsawat600@gmail.com,Eco Keyboard 409,Books,717.74,9,0.0,6459.66,2025-10-02,Ubon Ratchathani,Khon Kaen,Bank Transfer,Returned,3.0,คุณภาพต่ำกว่าที่คิด,Yes,9.0,3.49
102961,1714,Malee Meesuk,malee.meesuk711@gmail.com,Eco Blender 312,Health,1571.75,7,20.0,8801.8,2025-01-04,Khon Kaen,Nakhon Ratchasima,PromptPay,Processing,5.0,สีไม่ตรงตามรูป,No,,9.1
102200,2147,Malee Yodying,malee.yodying77@hotmail.com,Plus Keyboard 245,Home & Living,350.99,9,0.0,3158.91,2023-01-30,Trang,Rayong,Installment,Completed,5.0,,Yes,12.0,0.52
100098,1702,Kanya Chotirat,kanya.chotirat433@yahoo.com,Plus Jacket 100,Electronics,140.92,5,0.0,704.6,2023-05-04,Phuket,Phuket,Installment,Completed,,ใช้งานได้ตามที่คาดหวัง,Yes,7.0,0.89
102557,2107,Somsri Rattanakul,somsri.rattanakul974@gmail.com,Mini Headphone 193,Beauty,193.38,3,0.0,580.14,2025-05-22,Chiang Mai,Nakhon Ratchasima,Installment,Processing,,ส่งไวมาก ประทับใจ,No,3.0,0.5
103183,2035,Siriporn Intharak,siriporn.intharak695@yahoo.com,Eco Pillow 563,Electronics,1005.55,9,15.0,7692.46,2025-12-26,,Nakhon Ratchasima,Credit Card,Completed,,แพ็คเกจไม่แน่นหนา,Yes,,3.17
100253,2479,Boonmee Meesuk,boonmee.meesuk113@gmail.com,Eco Jacket 443,Fashion,471.31,-1,0.0,3770.48,2023-03-25,Udon Thani,Chonburi,COD,Completed,4.0,ใช้งานได้ตามที่คาดหวัง,No,14.0,0.15
103923,2873,Boonmee Sukjai,boonmee.sukjai459@gmail.com,Lite Jacket 904,Toys,146.05,3,10.0,394.34,2023-07-24,Ubon Ratchathani,Nonthaburi,Bank Transfer,Returned,5.0,,No,3.0,0.53
104199,2300,Orawan Chotirat,orawan.chotirat407@hotmail.com,Mini Sneaker 953,Health,114.22,1,,97.09,2024-11-06,Bangkok,Chonburi,COD,Completed,,บริการลูกค้าดีเยี่ยม,Yes,11.0,1.58
101445,1615,Somsri Intharak,somsri.intharak362@yahoo.com,Ultra Mouse 836,Groceries,1110.72,2,0.0,2221.44,2025-08-20,Surat Thani,Chonburi,Installment,Completed,4.0,,Yes,11.0,0.76
101648,2905,Somchai Prasertsak,somchai.prasertsak117@outlook.com,Mini Sneaker 146,Toys,2597.26,3,0.0,7791.78,2023-04-26,Nakhon Si Thammarat,Nakhon Ratchasima,TrueMoney Wallet,Completed,5.0,สินค้าดีมาก คุ้มราคา,No,,
104682,2450,Chaiyot Wattana,chaiyot.wattana426@gmail.com,Ultra Speaker 685,Fashion,1141.47,3,0.0,,2023-03-27,Buriram,Chonburi,Credit Card,Completed,,,No,3.0,4.28
104723,1261,Suchart Kaewkla,suchart.kaewkla428@hotmail.com,Smart Charger 846,Home & Living,1323.57,2,0.0,2647.14,2024-04-30,Bangkok,Songkhla,Installment,Completed,5.0,ใช้งานได้ตามที่คาดหวัง,Yes,8.0,
103991,2621,Sombat Saelim,sombat.saelim216@gmail.com,Max Charger 431,Automotive,564.82,7,0.0,3953.74,2024-12-28,Surat Thani,Chiang Mai,TrueMoney Wallet,Completed,,,Yes,11.0,0.19
101696,2245,Suchart Naruemon,suchart.naruemon8@yahoo.com,Max Notebook 578,Health,233.62,2,10.0,420.52,2025-02-16,Nakhon Si Thammarat,Nonthaburi,TrueMoney Wallet,Completed,4.0,ส่งไวมาก ประทับใจ,Yes,5.0,3.1
103191,2565,Siriporn Panyawong,siriporn.panyawong690@yahoo.com,Lite Watch 192,Sports,439.8,7,0.0,3078.6,2025-12-03,Buriram,Bangkok,,Completed,,แพ็คเกจไม่แน่นหนา,Yes,7.0,
104499,2367,Somchai Prasertsak,somchai.prasertsak210@outlook.com,Eco Backpack 820,Home & Living,472.76,5,0.0,2363.8,2025-06-19,Chiang Mai,Rayong,TrueMoney Wallet,Completed,3.0,,No,4.0,0.6
101154,1094,Pichit Thongdee,pichit.thongdee971@yahoo.com,Lite Blender 388,Beauty,676.19,7,0.0,4733.33,2025-03-19,Krabi,Nakhon Ratchasima,PromptPay,Returned,,,Yes,3.0,8.42
102255,1421,Pranee Panyawong,pranee.panyawong621@outlook.com,Plus Bottle 472,Electronics,588.4,5,0.0,2942.0,2025-04-25,Hat Yai,Chiang Mai,COD,Completed,,,No,,0.38
101682,2167,Kittisak Meesuk,,Eco Lamp 353,Electronics,,4,0.0,2870.2,2023-09-02,Nong Khai,Nonthaburi,Installment,Completed,3.0,,No,1.0,0.25
103170,2868,Nittaya Sukjai,nittaya.sukjai882@gmail.com,Eco Desk 154,Beauty,619.51,4,10.0,2230.24,2023-03-14,Krabi,Rayong,COD,Completed,,,No,13.0,0.16
102056,2804,Suree Intharak,suree.intharak711@yahoo.com,Mini Backpack 151,Beauty,248.85,8,0.0,1990.8,2023-01-26,Nong Khai,Bangkok,COD,Cancelled,5.0,แพ็คเกจไม่แน่นหนา,Yes,9.0,0.59
104090,2620,Kittisak Rattanakul,kittisak.rattanakul806@yahoo.com,Eco Headphone 147,Groceries,933.28,2,5.0,1773.23,2024-10-17,Nakhon Si Thammarat,Udon Thani,PromptPay,Completed,,,No,9.0,0.58
103108,2554,Siriporn Wongsawat,siriporn.wongsawat690@yahoo.com,Plus Keyboard 795,Health,236.23,5,0.0,1181.15,2025-07-13,Surat Thani,Nakhon Ratchasima,COD,Cancelled,4.0,,Yes,5.0,1.94
104548,1430,Pichit Meesuk,pichit.meesuk978@hotmail.com,Plus Notebook 773,Groceries,1053.23,8,0.0,8425.84,2023-01-22,Chiang Rai,Phuket,Installment,Completed,4.0,สีไม่ตรงตามรูป,No,2.0,
103723,1586,Malee Naruemon,malee.naruemon300@outlook.com,Eco Speaker 460,Beauty,416.65,6,20.0,1999.92,2024-02-01,Nakhon Si Thammarat,Chiang Mai,COD,Completed,5.0,สินค้าดีมาก คุ้มราคา,Yes,10.0,1.83
102049,1310,Somchai Chantra,somchai.chantra309@yahoo.com,Pro Chair 638,Sports,916.29,3,0.0,2748.87,2023-06-18,Khon Kaen,Bangkok,Installment,Completed,,,No,1.0,2.12
103643,1769,Anucha Chaiyaporn,anucha.chaiyaporn995@gmail.com,Pro Lamp 200,Health,569.89,1,0.0,569.89,2024-09-02,Lampang,Nakhon Ratchasima,COD,Processing,5.0,,No,13.0,0.33
104952,2767,Prasert Thongdee,,Max Mouse 107,Fashion,327.94,9,10.0,2656.31,2023-08-27,Trang,Nonthaburi,Installment,Cancelled,4.0,,No,4.0,5.39
100623,1801,Yupin Rattanakul,yupin.rattanakul313@gmail.com,Ultra Bottle 649,Health ,830.62,3,20.0,1993.49,2023-11-18,Nong Khai,Udon Thani,Bank Transfer,Shipped,,,No,10.0,2.08
100262,1663,Pranee Prasertsak,pranee.prasertsak50@yahoo.com,Max Lamp 864,Books,600.66,6,15.0,3063.37,2024-06-14,Chiang Mai,Phuket,PromptPay,Completed,,ใช้งานได้ตามที่คาดหวัง,No,13.0,2.2
103369,1608,Chaiyot Thongdee,chaiyot.thongdee179@hotmail.com,Lite Camera 160,Beauty,696.86,8,10.0,5017.39,2023-01-08,Bangkok,Phuket,Bank Transfer,Completed,3.0,,Yes,9.0,0.54
104061,2922,Wilai Prasertsak,wilai.prasertsak499@outlook.com,Pro Bottle 862,Beauty,344.91,9,0.0,3104.19,2024-09-09,Sakon Nakhon,Khon Kaen,TrueMoney Wallet,Completed,,คุณภาพต่ำกว่าที่คิด,No,13.0,1.39
101802,2181,Wilai Thongdee,wilai.thongdee118@hotmail.com,Max Chair 435,Fashion,412.59,6,0.0,2475.54,2023-02-07,Chiang Mai,Udon Thani,Credit Card,Completed,5.0,ของมาช้ากว่ากำหนด,No,,1.29
104736,2892,Somkiat Kaewkla,somkiat.kaewkla632@yahoo.com,Mini Camera 481,Groceries,297.94,6,0.0,1787.64,2024-03-02,Trang,Khon Kaen,Bank Transfer,Completed,4.0,สีไม่ตรงตามรูป,No,11.0,
103843,1972,Niran Naruemon,niran.naruemon354@outlook.com,Plus Sneaker 666,Groceries,444.43,8,0.0,3555.44,2025-11-07,Lampang,Khon Kaen,COD,Completed,,,No,11.0,2.44
102385,1988,Yupin Phetcharat,yupin.phetcharat337@hotmail.com,Smart Speaker 943,Groceries,550.84,6,10.0,2974.54,2023-10-06,Nong Khai,Bangkok,PromptPay,Completed,4.0,,No,1.0,0.66
101959,2615,Wilai Saelim,wilai.saelim439@yahoo.com,Eco Mouse 114,Automotive,657.69,7,0.0,4603.83,2025-02-16,,Nonthaburi,PromptPay,Shipped,5.0,,Yes,10.0,3.72
102976,1493,Chomphunut Yodying,chomphunut.yodying231@gmail.com,Pro Charger 823,Beauty,422.86,4,20.0,1353.15,2023-11-06,Hat Yai,Chiang Mai,Bank Transfer,Completed,5.0,,No,5.0,1.55
100488,2139,Prasert Phetcharat,prasert.phetcharat994@gmail.com,Lite Pillow 734,Sports,208.5,6,10.0,1125.9,2023-07-27,Hat Yai,Nonthaburi,Installment,Completed,3.0,,No,11.0,1.24
101843,2700,Boonmee Chantra,boonmee.chantra741@yahoo.com,Mini Camera 744,Sports,874.59,7,,6122.13,2024-08-12,Lampang,Phuket,COD,Completed,,โอเคสำหรับราคานี้,No,14.0,5.14
101734,2632,Orawan Yodying,orawan.yodying305@hotmail.com,Lite Lamp 955,Books,236.38,8,5.0,1796.49,2025-01-21,Nakhon Si Thammarat,Phuket,PromptPay,Shipped,,,No,4.0,0.67
102911,2290,Chaiyot Phetcharat,,Smart Lamp 667,Fashion,454.87,3,0.0,1364.61,2023-08-05,Udon Thani,Phuket,COD,Processing,2.0,,Yes,10.0,
103219,1737,Chaiyot Rattanakul,chaiyot.rattanakul6@outlook.com,Plus Wallet 486,Fashion,417.79,3,0.0,1253.37,2025-04-04,Rayong,Khon Kaen,Installment,Cancelled,,,No,7.0,0.22
100146,1391,Prasert Naruemon,prasert.naruemon999@gmail.com,Pro Blender 983,Beauty,650.56,4,10.0,2342.02,2023-12-17,Udon Thani,Chonburi,Credit Card,Completed,2.0,ใช้งานได้ตามที่คาดหวัง,No,2.0,2.08
101986,1400,Wichai Prasertsak,wichai.prasertsak116@yahoo.com,Pro Jacket 952,Books,88.5,6,10.0,477.9,2024-02-21,Buriram,Songkhla,Credit Card,Completed,3.0,,No,10.0,1.97
101369,2534,Rungnapa Phetcharat,rungnapa.phetcharat966@hotmail.com,Smart Headphone 940,Automotive,339.26,1,20.0,271.41,2024-07-18,Nonthaburi,Bangkok,COD,Completed,5.0,จะกลับมาซื้อซ้ำแน่นอน,No,8.0,1.36
102811,2014,Siriporn Saelim,siriporn.saelim487@hotmail.com,Pro Wallet 599,Books,185.22,4,0.0,740.88,2024-03-09,Krabi,Chiang Mai,PromptPay,Returned,5.0,,No,1.0,0.5
100659,1452,Nittaya Chotirat,,Mini Backpack 355,Books,297.65,3,0.0,892.95,2024-06-03,Hat Yai,Nakhon Ratchasima,COD,Completed,5.0,,Yes,13.0,1.3
101794,2890,Sombat Rattanakul,sombat.rattanakul581@yahoo.com,Lite Wallet 890,Books,350.23,6,10.0,1891.24,2024-05-19,Bangkok,Udon Thani,COD,Returned,,โอเคสำหรับราคานี้,Yes,,4.98
102511,2949,Malee Rattanakul,malee.rattanakul705@yahoo.com,Mini Camera 213,Home & Living,1035.86,5,25.0,3884.47,2023-12-18,Pattaya,Nakhon Ratchasima,PromptPay,Returned,3.0,สีไม่ตรงตามรูป,No,7.0,0.22
103397,2549,Somchai Wongsawat,somchai.wongsawat673@yahoo.com,Plus Jacket 848,Automotive,335.57,9,,2869.12,2025-06-03,Nong Khai,Nakhon Ratchasima,COD,Completed,4.0,,Yes,11.0,3.92
104282,2377,Anan Yodying,anan.yodying895@outlook.com,Pro Pillow 267,Fashion,213.93,4,30.0,599.0,2023-10-24,Phuket,Chiang Mai,COD,Completed,,,No,13.0,1.53
101147,2994,Kittisak Naruemon,kittisak.naruemon724@outlook.com,Pro Backpack 758,Fashion,916.27,4,30.0,2565.56,2024-11-02,Chiang Rai,Nonthaburi,Credit Card,Processing,4.0,ของมาช้ากว่ากำหนด,No,6.0,1.16
103272,1398,Anan Yodying,anan.yodying826@outlook.com,Ultra Chair 152,books,330.59,5,15.0,1405.01,2024-08-01,Surat Thani,Udon Thani,Installment,Completed,5.0,โอเคสำหรับราคานี้,No,13.0,0.99
100608,2369,Niran Intharak,niran.intharak842@gmail.com,Plus Keyboard 195,Fashion,405.13,9,0.0,3646.17,2025-06-09,Nong Khai,Songkhla,TrueMoney Wallet,Processing,4.0,,Yes,3.0,4.41
103582,1891,Thawatchai Sukjai,thawatchai.sukjai93@outlook.com,Plus Headphone 612,Fashion,1400.3,4,0.0,5601.2,2023-05-27,Hat Yai,Nakhon Ratchasima,TrueMoney Wallet,Completed,2.0,แพ็คเกจไม่แน่นหนา,No,5.0,0.66
101930,2639,Kanya Sinthop,kanya.sinthop532@outlook.com,Pro Notebook 602,Sports,497.21,1,0.0,497.21,2025-05-05,Bangkok,Bangkok,COD,Completed,1.0,,Yes,6.0,3.47
100197,1863,Kittisak Meesuk,,Smart Bottle 206,Toys,136.11,8,25.0,816.66,2025-07-18,Ubon Ratchathani,Udon Thani,PromptPay,Completed,,จะกลับมาซื้อซ้ำแน่นอน,No,8.0,0.99
102931,1664,Sombat Thongdee,sombat.thongdee366@outlook.com,Eco Camera 732,Fashion,952.67,8,10.0,6859.22,2024-01-14,Surat Thani,Chiang Mai,,Processing,,,Yes,6.0,1.08
102327,1704,Orawan Rattanakul,orawan.rattanakul10@outlook.com,Pro Chair 954,Home & Living,1390.54,8,5.0,10568.1,2025-08-23,Trang,Khon Kaen,TrueMoney Wallet,Cancelled,4.0,,No,14.0,0.8
104389,2012,Siriporn Kaewkla,siriporn.kaewkla704@hotmail.com,Pro Backpack 366,Electronics,600.98,4,5.0,2283.72,2023-03-12,Buriram,Phuket,Installment,Processing,4.0,,No,7.0,2.38
100766,2008,Prasert Thongdee,prasert.thongdee341@hotmail.com,Plus Headphone 599,Fashion,139.0,5,30.0,486.5,2024-12-02,Udon Thani,Bangkok,PromptPay,Completed,3.0,,Yes,9.0,0.33
104496,1381,Pichit Rattanakul,pichit.rattanakul822@yahoo.com,Ultra Charger 242,Fashion,123.05,1,0.0,123.05,2025-03-26,Nakhon Si Thammarat,Nakhon Ratchasima,PromptPay,Completed,3.0,,Yes,6.0,1.56
104218,1895,Pichit Phetcharat,pichit.phetcharat908@yahoo.com,Lite Lamp 571,Beauty,1186.1,2,5.0,2253.59,2025-11-27,Nong Khai,Songkhla,,Completed,,แพ็คเกจไม่แน่นหนา,Yes,2.0,
103255,1560,Siriporn Kaewkla,siriporn.kaewkla336@yahoo.com,Lite Desk 648,Fashion,347.01,6,20.0,1665.65,2025-09-01,Buriram,Songkhla,PromptPay,Completed,5.0,สีไม่ตรงตามรูป,No,3.0,0.18
100202,1095,Wilai Saelim,wilai.saelim533@yahoo.com,Ultra Watch 987,Toys,777.24,6,0.0,4663.44,2023-12-20,Buriram,Chonburi,,Completed,1.0,,No,11.0,1.88
103510,2506,Chomphunut Yodying,chomphunut.yodying857@outlook.com,Ultra Notebook 905,Home & Living,279.11,3,0.0,837.33,2024-01-26,Trang,Nonthaburi,COD,Shipped,3.0,โอเคสำหรับราคานี้,Yes,12.0,3.87
101733,2074,Ploy Saelim,ploy.saelim669@hotmail.com,Smart Blender 434,Health,319.69,6,10.0,1726.33,2023-05-11,Phuket,Chonburi,PromptPay,Completed,5.0,แพ็คเกจไม่แน่นหนา,Yes,5.0,1.29
102777,1275,Boonmee Chantra,boonmee.chantra191@yahoo.com,Plus Headphone 984,Sports,1260.9,3,5.0,3593.56,2023-11-02,Lampang,Chiang Mai,Credit Card,Completed,4.0,โอเคสำหรับราคานี้,Yes,5.0,
101707,1799,Nittaya Panyawong,nittaya.panyawong344@hotmail.com,Lite Pillow 688,Automotive,249.43,4,20.0,798.18,2025-06-18,,Chonburi,Bank Transfer,Cancelled,5.0,แพ็คเกจไม่แน่นหนา,No,5.0,0.68
103474,2849,Yupin Meesuk,yupin.meesuk258@yahoo.com,Mini Lamp 958,Home & Living,398.13,3,20.0,955.51,2023-12-22,Krabi,Songkhla,PromptPay,Completed,5.0,,Yes,13.0,3.2
100854,1945,Chatchai Chotirat,chatchai.chotirat949@outlook.com,Mini Backpack 211,Electronics,907.47,2,0.0,1814.94,2025-09-14,Udon Thani,Nonthaburi,PromptPay,Completed,4.0,โอเคสำหรับราคานี้,No,5.0,4.05
104737,2058,Anucha Kaewkla,anucha.kaewkla872@outlook.com,Plus Headphone 483,Electronics,461.06,5,0.0,2305.3,2024-07-27,Nonthaburi,Nakhon Ratchasima,TrueMoney Wallet,Completed,,,Yes,,2.84
104097,1237,Pichit Panyawong,pichit.panyawong726@hotmail.com,Ultra Lamp 284,Beauty,899.84,5,5.0,4274.24,2025-01-02,Khon Kaen,Udon Thani,PromptPay,Returned,,แพ็คเกจไม่แน่นหนา,Yes,4.0,8.85
102160,1418,Anucha Chantra,anucha.chantra622@gmail.com,Lite Jacket 178,Health,431.41,8,,3451.28,2023-01-22,Chiang Rai,Udon Thani,TrueMoney Wallet,Completed,5.0,ของมาช้ากว่ากำหนด,No,13.0,4.57
100698,2498,Wichai Intharak,wichai.intharak391@yahoo.com,Smart Camera 547,Home & Living,198.99,1,0.0,198.99,2023-04-05,Lampang,Phuket,Installment,Completed,,,Yes,10.0,0.36
104972,1413,Orawan Boonmee,orawan.boonmee123@gmail.com,Mini Desk 930,Health,381.25,7,0.0,2668.75,2025-04-19,Bangkok,Udon Thani,TrueMoney Wallet,Cancelled,5.0,,No,2.0,0.3
102999,2609,Nittaya Meesuk,nittaya.meesuk769@yahoo.com,Mini Keyboard 407,Toys,1188.98,8,0.0,9511.84,2023-06-25,Hat Yai,Khon Kaen,Bank Transfer,Completed,,สินค้าดีมาก คุ้มราคา,No,2.0,4.02
103696,2428,Nittaya Phetcharat,nittaya.phetcharat958@yahoo.com,Plus Bottle 533,Beauty,343.27,4,0.0,1373.08,2024-12-26,Lampang,Chonburi,COD,Completed,4.0,,No,3.0,1.21
101636,2203,Chomphunut Intharak,chomphunut.intharak494@outlook.com,Smart Headphone 683,Groceries,182.66,9,0.0,1643.94,2023-05-09,Surat Thani,Udon Thani,TrueMoney Wallet,Cancelled,5.0,,Yes,6.0,
103457,1553,Prasert Kaewkla,prasert.kaewkla820@yahoo.com,Max Mouse 697,Electronics,827.2,2,0.0,1654.4,2023-08-14,Bangkok,Phuket,Installment,Shipped,5.0,สินค้าดีมาก คุ้มราคา,Yes,1.0,2.51
103581,2311,Ratana Meesuk,ratana.meesuk204@gmail.com,Pro Bottle 224,Books,504.18,1,25.0,378.14,2024-06-07,Hat Yai,Nakhon Ratchasima,COD,Completed,1.0,บริการลูกค้าดีเยี่ยม,,6.0,2.26
101291,2761,Ratana Chotirat,ratana.chotirat244@yahoo.com,Max Watch 895,Books,309.52,7,0.0,2166.64,2025-03-20,Surat Thani,Bangkok,Credit Card,Cancelled,4.0,,Yes,12.0,0.26
104659,2635,Ploy Srisuk,ploy.srisuk130@gmail.com,Eco Notebook 277,Electronics,963.41,4,10.0,3468.28,2023-01-04,Pattaya,Songkhla,PromptPay,Returned,,,No,9.0,0.89
101853,2848,Chatchai Meesuk,chatchai.meesuk961@gmail.com,Mini Camera 383,Fashion,840.03,7,5.0,5586.2,2025-03-22,Lampang,Nakhon Ratchasima,,Shipped,,,,8.0,0.73
103763,2538,Rungnapa Wongsawat,rungnapa.wongsawat146@hotmail.com,Pro Headphone 427,Beauty,242.03,9,0.0,2178.27,2025-06-11,Udon Thani,Phuket,COD,Completed,5.0,,No,5.0,0.71
103304,2048,Anan Intharak,,Plus Chair 244,Health,204.55,8,0.0,1636.4,2024-03-17,Chiang Mai,Songkhla,TrueMoney Wallet,Completed,,ส่งไวมาก ประทับใจ,Yes,8.0,
104937,1793,Wichai Phetcharat,wichai.phetcharat398@hotmail.com,Lite Camera 797,Groceries,1157.6,8,10.0,8334.72,2023-07-23,Krabi,Chonburi,,Completed,3.0,โอเคสำหรับราคานี้,No,11.0,
103743,2828,Orawan Kaewkla,orawan.kaewkla757@hotmail.com,Plus Pillow 294,Home & Living,358.87,7,0.0,2512.09,2024-09-16,Sakon Nakhon,Udon Thani,TrueMoney Wallet,Completed,,,No,14.0,5.91
103445,1623,Kanya Wongsawat,kanya.wongsawat850@gmail.com,Lite Lamp 456,Books,644.2,3,20.0,,2024-10-01,Lampang,Chiang Mai,Installment,Shipped,,,No,,0.88
101998,1882,Pranee Naruemon,pranee.naruemon989@yahoo.com,Smart Notebook 171,Home & Living,111.11,3,0.0,333.33,2025-01-02,Buriram,Khon Kaen,Installment,Returned,5.0,,No,,0.63
100663,1473,Chomphunut Srisuk,chomphunut.srisuk602@hotmail.com,Mini Sneaker 479,Beauty,206.31,7,0.0,1444.17,2023-07-19,Udon Thani,Bangkok,PromptPay,Completed,2.0,บริการลูกค้าดีเยี่ยม,No,13.0,1.56
104779,2003,Malee Chaiyaporn,malee.chaiyaporn626@hotmail.com,Mini Backpack 678,AUTOMOTIVE,546.75,1,10.0,492.08,2023-09-06,Hat Yai,Rayong,Installment,Processing,,,No,9.0,2.84
103748,1404,Siriporn Sukjai,,Plus Pillow 345,Health,1311.64,5,0.0,6558.2,2025-12-06,Udon Thani,Phuket,TrueMoney Wallet,Shipped,5.0,ของมาช้ากว่ากำหนด,Yes,2.0,0.4
104413,1025,Sombat Panyawong,sombat.panyawong899@yahoo.com,Smart Watch 975,Home & Living,1115.43,7,10.0,7027.21,2023-11-05,Chiang Mai,Songkhla,Installment,Processing,4.0,จะกลับมาซื้อซ้ำแน่นอน,Yes,1.0,0.63
104744,1796,Malee Srisuk,malee.srisuk232@gmail.com,Pro Bottle 665,Books,744.63,6,0.0,4467.78,2025-03-30,Nong Khai,Udon Thani,COD,Completed,4.0,,No,,0.82
100709,2450,Yupin Sinthop,,Mini Charger 656,Automotive,274.5,6,25.0,1235.25,2023-10-19,Rayong,Songkhla,COD,Cancelled,,,No,,0.1
101282,1747,Suree Kaewkla,suree.kaewkla442@hotmail.com,Max Charger 113,Toys,599.86,3,15.0,1529.64,2024-03-28,Rayong,Chiang Mai,,Completed,5.0,โอเคสำหรับราคานี้,No,,0.7
102675,1333,Anucha Sinthop,anucha.sinthop951@hotmail.com,Mini Notebook 405,Beauty,484.56,8,30.0,2713.54,2025-05-08,Udon Thani,Udon Thani,Credit Card,Completed,1.0,,No,8.0,0.61
104029,1031,Prasert Meesuk,prasert.meesuk583@yahoo.com,Smart Mouse 289,Health,429.6,4,0.0,1718.4,2023-03-21,Krabi,Songkhla,TrueMoney Wallet,Completed,,,Yes,8.0,1.43
101306,1623,Ratana Sukjai,ratana.sukjai917@yahoo.com,Eco Bottle 758,Automotive,173.9,2,20.0,278.24,2023-04-11,Buriram,Nakhon Ratchasima,Credit Card,Cancelled,,,Yes,5.0,0.71
102237,2170,Boonmee Phetcharat,boonmee.phetcharat119@outlook.com,Mini Desk 115,Automotive,919.98,4,0.0,3679.92,2025-09-15,Nong Khai,Phuket,TrueMoney Wallet,Cancelled,5.0,,Yes,10.0,0.28
103302,2960,Somsri Prasertsak,somsri.prasertsak438@hotmail.com,Lite Blender 197,Sports,719.27,5,15.0,3056.9,2025-10-19,Krabi,Udon Thani,Credit Card,Cancelled,,โอเคสำหรับราคานี้,No,7.0,
102038,1981,Thawatchai Chantra,thawatchai.chantra433@outlook.com,Ultra Pillow 698,books,519.38,2,0.0,1038.76,2023-12-08,Nakhon Ratchasima,Chonburi,PromptPay,Completed,,,Yes,8.0,5.84
101529,2315,Wilai Chaiyaporn,wilai.chaiyaporn578@outlook.com,Smart Mouse 551,Sports,491.63,4,0.0,1966.52,2024-11-25,Nonthaburi,Khon Kaen,Bank Transfer,Completed,4.0,สินค้าดีมาก คุ้มราคา,No,11.0,2.83
101663,1560,Pranee Boonmee,,Lite Desk 444,Sports,838.07,3,0.0,2514.21,2024-07-27,Phuket,Chonburi,Installment,Processing,5.0,,Yes,8.0,1.1
104959,1256,Nittaya Rattanakul,nittaya.rattanakul193@gmail.com,Ultra Notebook 343,Toys,970.57,6,10.0,5241.08,2023-10-24,Rayong,Nakhon Ratchasima,Installment,Completed,1.0,ของมาช้ากว่ากำหนด,No,5.0,0.45
104978,1909,Chaiyot Chantra,chaiyot.chantra57@yahoo.com,Mini Keyboard 845,Toys,280.49,5,0.0,1402.45,2023-02-23,Buriram,Khon Kaen,PromptPay,Returned,3.0,,Yes,7.0,2.04
103627,1237,Ratana Meesuk,,Mini Chair 476,Beauty,727.52,3,20.0,1746.05,2024-02-11,Hat Yai,Bangkok,,Completed,,สินค้าดีมาก คุ้มราคา,No,2.0,
104891,2872,Pichit Wongsawat,pichit.wongsawat405@yahoo.com,Smart Jacket 359,Toys,142.01,2,0.0,284.02,2025-04-13,Buriram,Bangkok,Bank Transfer,Processing,5.0,แพ็คเกจไม่แน่นหนา,No,13.0,0.31
102693,2766,Pichit Panyawong,pichit.panyawong147@hotmail.com,Lite Lamp 460,Books,203.95,5,5.0,968.76,2025-11-15,Rayong,Bangkok,PromptPay,Completed,,,Yes,7.0,1.97
103060,2993,Siriporn Meesuk,siriporn.meesuk823@yahoo.com,Ultra Camera 724,Health,510.85,9,0.0,4597.65,2025-11-13,Bangkok,Rayong,Bank Transfer,Shipped,,,No,11.0,0.29
101597,1566,Rungnapa Thongdee,rungnapa.thongdee686@gmail.com,Lite Camera 537,Beauty,,4,30.0,935.54,2023-06-29,Sakon Nakhon,Chiang Mai,Installment,Returned,5.0,,No,14.0,1.74
102729,1971,Orawan Chantra,orawan.chantra933@yahoo.com,Mini Lamp 117,Books,284.98,6,0.0,1709.88,2024-08-02,Ubon Ratchathani,Rayong,Installment,Completed,,โอเคสำหรับราคานี้,No,11.0,0.68
102625,1403,Pranee Sinthop,pranee.sinthop855@hotmail.com,Plus Speaker 409,Automotive,1003.74,8,5.0,7628.42,2024-05-20,Buriram,Bangkok,TrueMoney Wallet,Completed,4.0,บริการลูกค้าดีเยี่ยม,Yes,14.0,2.13
103157,1613,Prasert Naruemon,,Plus Chair 380,Fashion,299.13,2,0.0,598.26,2025-10-15,Surat Thani,Nonthaburi,Installment,Returned,,บริการลูกค้าดีเยี่ยม,Yes,11.0,0.91
103314,2603,Anucha Wongsawat,anucha.wongsawat554@yahoo.com,Mini Bottle 328,Health,947.24,3,0.0,2841.72,2025-04-10,Phuket,Rayong,TrueMoney Wallet,Completed,5.0,สินค้าดีมาก คุ้มราคา,No,3.0,5.28
101722,1312,Boonmee Boonmee,boonmee.boonmee858@hotmail.com,Ultra Watch 515,Electronics,619.25,8,30.0,3467.8,2025-03-09,Rayong,Khon Kaen,COD,Completed,3.0,,No,6.0,
101059,1716,Anucha Chantra,anucha.chantra394@outlook.com,Mini Bottle 902,Home & Living,628.66,6,25.0,2828.97,2023-01-19,Nonthaburi,Songkhla,PromptPay,Returned,3.0,คุณภาพต่ำกว่าที่คิด,No,,1.05
104636,1374,Anucha Prasertsak,anucha.prasertsak404@hotmail.com,Mini Desk 282,Sports,275.47,9,0.0,2479.23,2024-09-19,Trang,Nonthaburi,PromptPay,Returned,,ใช้งานได้ตามที่คาดหวัง,No,5.0,1.87
103242,1310,Wilai Naruemon,wilai.naruemon61@gmail.com,Smart Charger 601,Automotive,566.33,2,0.0,1132.66,2023-06-08,Lampang,Bangkok,COD,Completed,5.0,,No,13.0,0.86
101678,2328,Somchai Kaewkla,somchai.kaewkla719@gmail.com,Eco Wallet 864,Groceries,164.28,5,30.0,574.98,2025-02-23,Bangkok,Phuket,,Completed,5.0,คุณภาพต่ำกว่าที่คิด,Yes,,0.45
101757,1006,Somchai Phetcharat,somchai.phetcharat649@outlook.com,Pro Chair 879,Toys,443.9,5,0.0,2219.5,2023-06-05,Rayong,Rayong,PromptPay,Completed,3.0,,Yes,9.0,0.39
104191,2751,Chatchai Chaiyaporn,chatchai.chaiyaporn42@hotmail.com,Mini Pillow 628,Sports,559.86,4,0.0,2239.44,2025-10-31,Chiang Rai,Nonthaburi,COD,Completed,5.0,,No,5.0,0.93
100563,1313,Somsri Naruemon,somsri.naruemon539@outlook.com,Plus Wallet 275,Sports,1125.44,7,5.0,7484.18,2023-05-30,Surat Thani,Nonthaburi,Installment,Completed,,ส่งไวมาก ประทับใจ,No,13.0,2.47
102790,2207,Suchart Intharak,suchart.intharak424@hotmail.com,Plus Blender 834,Toys,2070.16,2,5.0,3933.3,2023-06-27,Nakhon Ratchasima,Khon Kaen,,Completed,,,No,,3.23
100863,2671,Sombat Yodying,sombat.yodying617@hotmail.com,Max Camera 128,Health,895.68,6,0.0,5374.08,2025-12-03,Udon Thani,Chonburi,Credit Card,Processing,,,No,12.0,0.67
101484,1922,Wilai Chaiyaporn,wilai.chaiyaporn482@hotmail.com,Max Bottle 851,Sports,741.15,4,10.0,2668.14,2024-11-03,Udon Thani,Phuket,Bank Transfer,Completed,5.0,ส่งไวมาก ประทับใจ,Yes,12.0,0.96
100206,2430,Prasert Rattanakul,,Pro Sneaker 581,Groceries,,1,,769.35,2025-10-22,Khon Kaen,Chonburi,COD,Shipped,4.0,,No,2.0,
104488,1340,Somchai Rattanakul,somchai.rattanakul580@hotmail.com,Lite Wallet 944,Health,592.8,7,0.0,4149.6,2023-10-16,Trang,Nonthaburi,Bank Transfer,Completed,,โอเคสำหรับราคานี้,No,6.0,2.0
100870,1510,Chomphunut Kaewkla,chomphunut.kaewkla170@outlook.com,Smart Keyboard 828,Groceries,175.59,4,0.0,702.36,2024-03-26,Chiang Rai,Nakhon Ratchasima,COD,Completed,4.0,สินค้าดีมาก คุ้มราคา,No,4.0,0.47
104493,1617,Thawatchai Yodying,thawatchai.yodying613@outlook.com,Pro Chair 298,Sports,380.87,5,10.0,1713.92,2024-04-30,Lampang,Bangkok,Installment,Completed,4.0,แพ็คเกจไม่แน่นหนา,No,8.0,2.06
100502,2346,Orawan Naruemon,orawan.naruemon429@yahoo.com,Ultra Camera 266,Books,292.94,2,0.0,585.88,2024-02-26,Buriram,Bangkok,Installment,Completed,,,Yes,13.0,0.97
101028,2952,Siriporn Meesuk,siriporn.meesuk215@hotmail.com,Max Camera 655,Health,341.03,6,20.0,1636.94,2025-02-06,Hat Yai,Bangkok,TrueMoney Wallet,Completed,,,No,11.0,2.53
103840,1137,Niran Wongsawat,niran.wongsawat461@hotmail.com,Plus Blender 191,Automotive,812.97,2,0.0,1625.94,2024-10-30,Nakhon Si Thammarat,Chonburi,COD,Processing,4.0,,No,8.0,0.43
102690,1230,Orawan Sukjai,orawan.sukjai3@hotmail.com,Eco Pillow 897,Electronics,78.87,8,0.0,630.96,2023-06-18,Hat Yai,Bangkok,COD,Returned,1.0,,No,13.0,0.22
101570,2008,Suree Chantra,suree.chantra362@gmail.com,Pro Keyboard 398,Electronics,624.73,3,,1874.19,2023-05-20,Surat Thani,Nakhon Ratchasima,PromptPay,Returned,5.0,,No,13.0,0.25
102773,1690,Chaiyot Rattanakul,chaiyot.rattanakul580@outlook.com,Ultra Sneaker 896,Sports,1319.55,2,,2639.1,2025-10-27,Krabi,Songkhla,PromptPay,Completed,4.0,ของมาช้ากว่ากำหนด,No,9.0,0.71
102731,1312,Ploy Wattana,ploy.wattana515@gmail.com,Eco Speaker 255,Groceries,363.1,7,0.0,2541.7,2023-01-04,,Nonthaburi,TrueMoney Wallet,Completed,4.0,บริการลูกค้าดีเยี่ยม,Yes,14.0,0.54
100804,2407,Ratana Panyawong,ratana.panyawong129@gmail.com,Mini Jacket 128,Automotive,325.18,6,5.0,1853.53,2023-06-15,Khon Kaen,Chiang Mai,Bank Transfer,Completed,,,No,7.0,0.75
103645,1212,Sombat Naruemon,sombat.naruemon602@gmail.com,Smart Pillow 267,Sports,569.7,2,0.0,1139.4,2025-02-25,Lampang,Chiang Mai,COD,Completed,2.0,แพ็คเกจไม่แน่นหนา,Yes,12.0,
102454,1955,Siriporn Prasertsak,siriporn.prasertsak102@yahoo.com,Eco Keyboard 705,Health,396.84,8,0.0,3174.72,2024-01-12,Surat Thani,Udon Thani,Installment,Shipped,5.0,,No,1.0,0.18
104598,1628,Wichai Phetcharat,wichai.phetcharat491@hotmail.com,Pro Jacket 108,Beauty,952.09,8,25.0,5712.54,2023-08-31,Pattaya,Rayong,Bank Transfer,Cancelled,4.0,สีไม่ตรงตามรูป,Yes,12.0,1.0
103104,1998,Chomphunut Panyawong,chomphunut.panyawong731@yahoo.com,Plus Notebook 571,Books,437.59,1,20.0,350.07,2023-07-24,Ubon Ratchathani,Udon Thani,TrueMoney Wallet,Completed,5.0,,No,10.0,0.31
104875,2754,Somchai Intharak,somchai.intharak911@hotmail.com,Lite Watch 306,Groceries,1110.81,4,20.0,3554.59,2025-05-21,Chiang Mai,Chonburi,PromptPay,Cancelled,,คุณภาพต่ำกว่าที่คิด,No,14.0,0.25
100200,1563,Boonmee Intharak,boonmee.intharak551@yahoo.com,Smart Watch 746,Sports,782.7,9,0.0,7044.3,2025-05-08,Khon Kaen,Songkhla,COD,Completed,4.0,คุณภาพต่ำกว่าที่คิด,Yes,10.0,0.67
103099,1636,Ratana Chantra,ratana.chantra780@hotmail.com,Lite Watch 897,Automotive,751.32,2,0.0,1502.64,2023-03-16,Udon Thani,Rayong,TrueMoney Wallet,Cancelled,,,Yes,13.0,0.37
102278,2547,Chaiyot Thongdee,chaiyot.thongdee716@outlook.com,Eco Charger 665,Groceries,701.44,7,10.0,4419.07,2023-10-12,Sakon Nakhon,Phuket,Bank Transfer,Completed,,,Yes,11.0,3.8
103561,1216,,somsri.meesuk632@hotmail.com,Mini Headphone 477,Toys,104.48,7,0.0,731.36,2025-10-25,Rayong,Chonburi,COD,Cancelled,4.0,สินค้าดีมาก คุ้มราคา,No,10.0,0.18
104474,1652,Boonmee Sinthop,boonmee.sinthop942@yahoo.com,Smart Charger 867,Toys,289.36,1,10.0,260.42,2025-07-01,Nong Khai,Phuket,TrueMoney Wallet,Completed,4.0,,No,11.0,1.94
104514,1778,Wilai Thongdee,wilai.thongdee833@outlook.com,Lite Jacket 113,Fashion,688.02,3,,1651.25,2023-09-11,Hat Yai,Udon Thani,Credit Card,Processing,,ของมาช้ากว่ากำหนด,Yes,5.0,0.34
100391,1627,Wilai Sukjai,wilai.sukjai697@yahoo.com,Lite Lamp 743,Home & Living,659.21,5,25.0,2472.04,2025-06-06,Trang,Chiang Mai,PromptPay,Completed,,,No,8.0,1.57
101495,2277,Wilai Panyawong,wilai.panyawong853@outlook.com,Plus Desk 663,Health,167.59,9,15.0,1282.06,2025-05-18,Nakhon Si Thammarat,Phuket,PromptPay,Completed,,สีไม่ตรงตามรูป,No,13.0,1.69
102695,2168,Chatchai Chantra,chatchai.chantra332@gmail.com,Ultra Jacket 829,Sports,1079.57,-1,0.0,3238.71,2025-09-04,Surat Thani,Nonthaburi,COD,Completed,4.0,,Yes,5.0,0.45
102027,1935,Somchai Chaiyaporn,somchai.chaiyaporn142@yahoo.com,Ultra Headphone 319,Home & Living,177.19,6,10.0,956.83,2025-10-06,Phuket,Udon Thani,COD,Shipped,4.0,คุณภาพต่ำกว่าที่คิด,No,7.0,3.27
102568,2723,Wilai Prasertsak,wilai.prasertsak933@yahoo.com,Smart Sneaker 655,Books,,7,5.0,9538.89,2024-02-20,Pattaya,Udon Thani,Bank Transfer,Processing,3.0,,No,6.0,
100064,2297,Chaiyot Chantra,chaiyot.chantra824@yahoo.com,Mini Jacket 929,Automotive,221.48,2,5.0,420.81,2023-08-16,Nakhon Ratchasima,Chiang Mai,COD,Returned,5.0,โอเคสำหรับราคานี้,No,1.0,6.16
103884,1685,Sombat Phetcharat,sombat.phetcharat280@hotmail.com,Pro Mouse 398,Electronics,496.59,7,0.0,3476.13,2024-05-16,Nong Khai,Chonburi,Bank Transfer,Completed,,,No,6.0,0.16
102062,2914,Somkiat Srisuk,somkiat.srisuk935@gmail.com,Mini Mouse 140,Books,1105.82,3,0.0,3317.46,2025-08-26,Krabi,Chiang Mai,PromptPay,Completed,5.0,บริการลูกค้าดีเยี่ยม,No,,2.15
100492,1927,Somkiat Chaiyaporn,somkiat.chaiyaporn433@yahoo.com,Ultra Backpack 116,Electronics,675.12,7,0.0,4725.84,2023-04-19,Udon Thani,Phuket,,Completed,1.0,,Yes,11.0,0.35
100379,2256,Sombat Panyawong,sombat.panyawong552@gmail.com,Ultra Backpack 244,Books,588.65,1,0.0,588.65,2024-05-29,Nakhon Si Thammarat,Nakhon Ratchasima,Bank Transfer,Shipped,4.0,,Yes,2.0,0.96
104859,2610,Anucha Sukjai,anucha.sukjai906@hotmail.com,Smart Camera 840,Home & Living,582.87,5,0.0,2914.35,2024-09-10,Ubon Ratchathani,Rayong,Credit Card,Completed,4.0,ของมาช้ากว่ากำหนด,No,10.0,0.68
103993,1528,Kittisak Wattana,kittisak.wattana397@yahoo.com,Mini Pillow 948,Sports,231.4,9,5.0,1978.47,2025-09-15,Udon Thani,Nonthaburi,Credit Card,Completed,5.0,,Yes,2.0,1.8
104887,2352,Somchai Saelim,,Lite Watch 192,Beauty,1062.65,9,0.0,9563.85,2024-08-31,Nonthaburi,Chiang Mai,Credit Card,Shipped,5.0,คุณภาพต่ำกว่าที่คิด,Yes,7.0,0.45
101076,1770,Boonmee Naruemon,boonmee.naruemon872@gmail.com,Eco Speaker 460,Home & Living,402.3,7,0.0,2816.1,2024-01-05,Surat Thani,Khon Kaen,PromptPay,Completed,2.0,ของมาช้ากว่ากำหนด,No,10.0,2.3
100878,2438,Pranee Srisuk,pranee.srisuk276@hotmail.com,Max Headphone 154,health,925.52,1,15.0,786.69,2025-04-21,Nakhon Ratchasima,Nonthaburi,Bank Transfer,Completed,,คุณภาพต่ำกว่าที่คิด,Yes,4.0,
100337,2369,Nittaya Meesuk,nittaya.meesuk312@outlook.com,Smart Chair 306,Beauty,768.61,1,5.0,730.18,2023-06-21,Trang,Chiang Mai,COD,Completed,,,No,10.0,2.1
101016,2262,Chatchai Thongdee,chatchai.thongdee357@outlook.com,Pro Sneaker 747,Beauty,584.11,4,0.0,2336.44,2025-03-19,,Chonburi,COD,Completed,,จะกลับมาซื้อซ้ำแน่นอน,No,1.0,0.55
101275,1110,Anucha Naruemon,anucha.naruemon917@gmail.com,Mini Pillow 122,Sports,1713.01,3,,5139.03,2023-09-22,Lampang,Songkhla,TrueMoney Wallet,Completed,,ใช้งานได้ตามที่คาดหวัง,Yes,6.0,0.4
103798,1431,Boonmee Thongdee,boonmee.thongdee248@outlook.com,Mini Charger 738,Sports,,5,20.0,736.96,2024-03-11,Khon Kaen,Rayong,TrueMoney Wallet,Cancelled,,ของมาช้ากว่ากำหนด,Yes,8.0,4.07
104551,2710,Anan Yodying,,Smart Chair 866,Groceries,754.89,2,0.0,1509.78,2025-11-03,Rayong,Chonburi,Bank Transfer,Shipped,5.0,,Yes,8.0,0.78
103342,2490,Somkiat Sukjai,somkiat.sukjai819@yahoo.com,Smart Pillow 263,Electronics,204.59,7,,1074.1,2023-11-13,Krabi,Nonthaburi,TrueMoney Wallet,Completed,,ใช้งานได้ตามที่คาดหวัง,No,4.0,0.67
104911,1021,Chomphunut Wongsawat,chomphunut.wongsawat663@hotmail.com,Eco Chair 895,Books,371.59,6,5.0,2118.06,2023-05-02,Trang,Bangkok,Installment,Completed,4.0,,Yes,5.0,3.42
100995,2617,Sombat Wattana,sombat.wattana858@hotmail.com,Pro Pillow 242,Automotive,653.09,7,0.0,4571.63,2023-10-14,Surat Thani,Bangkok,,Completed,5.0,ส่งไวมาก ประทับใจ,Yes,6.0,0.48
101981,1046,Somkiat Saelim,somkiat.saelim260@yahoo.com,Lite Camera 361,Sports,622.87,4,30.0,1744.04,2025-08-26,Lampang,Bangkok,COD,Completed,,,No,7.0,2.48
104297,2904,Suree Saelim,suree.saelim152@outlook.com,Smart Lamp 568,Sports,844.43,4,0.0,3377.72,2025-01-14,Pattaya,Udon Thani,Installment,Shipped,5.0,สินค้าดีมาก คุ้มราคา,No,11.0,1.12
100161,1929,Pichit Intharak,pichit.intharak788@gmail.com,Pro Speaker 488,Books,533.38,7,0.0,3733.66,2023-02-18,Nong Khai,Bangkok,COD,Completed,4.0,บริการลูกค้าดีเยี่ยม,Yes,3.0,2.22
104798,1508,Niran Chotirat,niran.chotirat40@gmail.com,Ultra Desk 336,Groceries,328.62,5,0.0,1643.1,2025-11-19,Hat Yai,Bangkok,PromptPay,Completed,3.0,,No,9.0,1.94
101500,1516,Duangjai Prasertsak,,Plus Bottle 417,Automotive,455.96,8,0.0,3647.68,2025-07-03,Buriram,Nakhon Ratchasima,Credit Card,Cancelled,5.0,คุณภาพต่ำกว่าที่คิด,No,14.0,2.92
103843,1972,Niran Naruemon,niran.naruemon354@outlook.com,Plus Sneaker 666,Groceries,444.43,8,0.0,3555.44,2025-11-07,Lampang,Khon Kaen,COD,Completed,,,No,11.0,2.44
102613,2982,Niran Prasertsak,,Plus Headphone 885,Fashion,545.0,2,0.0,1090.0,2024-06-12,Buriram,Chiang Mai,PromptPay,Shipped,,,No,,2.4
103461,1191,Suree Boonmee,suree.boonmee103@hotmail.com,Plus Backpack 131,Fashion,179.07,2,25.0,268.6,2024-12-15,Chiang Mai,Rayong,COD,Completed,,ใช้งานได้ตามที่คาดหวัง,Yes,6.0,5.79
101021,1062,Boonmee Naruemon,,Eco Headphone 615,Sports,477.2,9,30.0,3006.36,2025-05-20,Sakon Nakhon,Chiang Mai,Bank Transfer,Completed,4.0,,Yes,,1.39
103073,1661,Boonmee Prasertsak,,Lite Speaker 633,Groceries,73.27,6,0.0,439.62,2024-11-05,Hat Yai,Udon Thani,PromptPay,Shipped,3.0,ของมาช้ากว่ากำหนด,Yes,14.0,1.73
103943,2940,Kittisak Intharak,kittisak.intharak54@hotmail.com,Smart Keyboard 321,Automotive,128.4,1,5.0,121.98,2024-12-03,Rayong,Phuket,Bank Transfer,Completed,3.0,สินค้าดีมาก คุ้มราคา,Yes,14.0,1.5
101585,1813,Siriporn Chaiyaporn,siriporn.chaiyaporn699@outlook.com,Pro Desk 936,Electronics,791.3,9,5.0,6765.62,2023-09-25,Trang,Chiang Mai,Installment,Completed,,,No,6.0,4.51
101955,2520,Suree Wattana,suree.wattana171@hotmail.com,Plus Desk 581,Groceries,189.02,6,20.0,907.3,2025-12-13,Lampang,Chonburi,TrueMoney Wallet,Cancelled,,,Yes,12.0,0.59
103152,2861,Siriporn Thongdee,siriporn.thongdee94@hotmail.com,Plus Lamp 430,Sports,1070.09,2,0.0,2140.18,2025-07-10,Nakhon Ratchasima,Rayong,Credit Card,Completed,,โอเคสำหรับราคานี้,No,12.0,8.02
100034,1021,Chatchai Kaewkla,chatchai.kaewkla303@gmail.com,Max Blender 523,Beauty,1050.29,2,0.0,2100.58,2023-09-20,Khon Kaen,Udon Thani,Installment,Returned,4.0,,Yes,12.0,0.4
104014,2702,Chomphunut Kaewkla,chomphunut.kaewkla519@yahoo.com,Ultra Desk 246,Automotive,348.51,4,0.0,1394.04,2024-07-16,Pattaya,Rayong,Bank Transfer,Completed,3.0,,Yes,9.0,1.9
100775,2718,Suree Boonmee,suree.boonmee317@hotmail.com,Smart Blender 372,Groceries,347.92,4,0.0,1391.68,2023-12-13,Phuket,Songkhla,Bank Transfer,Completed,5.0,บริการลูกค้าดีเยี่ยม,No,13.0,0.74
102556,1458,Prasert Naruemon,prasert.naruemon133@gmail.com,Ultra Speaker 593,Home & Living,168.3,5,30.0,589.05,2025-04-02,Chiang Mai,Chiang Mai,Bank Transfer,Completed,,สีไม่ตรงตามรูป,No,14.0,0.11
101478,2038,Prasert Wongsawat,prasert.wongsawat31@hotmail.com,Pro Backpack 409,Electronics,205.16,5,0.0,1025.8,2025-06-06,Nakhon Si Thammarat,Songkhla,Bank Transfer,Completed,,,Yes,6.0,0.37
101363,1653,Kanya Intharak,kanya.intharak378@hotmail.com,Lite Notebook 265,Electronics,668.84,5,5.0,3176.99,2024-09-23,Chiang Rai,Rayong,COD,Completed,3.0,,No,5.0,1.37
102612,2973,Niran Meesuk,,Lite Blender 585,Automotive,746.67,6,0.0,4480.02,2025-12-21,Ubon Ratchathani,Nonthaburi,Credit Card,Returned,3.0,ใช้งานได้ตามที่คาดหวัง,No,3.0,1.17
102824,2241,Somchai Intharak,somchai.intharak771@gmail.com,Smart Backpack 402,Toys,483.26,1,0.0,483.26,2025-12-20,Udon Thani,Phuket,Credit Card,Completed,,จะกลับมาซื้อซ้ำแน่นอน,Yes,8.0,0.51
102041,1721,Malee Meesuk,malee.meesuk943@yahoo.com,Max Lamp 427,Toys,437.67,6,0.0,2626.02,2024-04-06,Nong Khai,Songkhla,Installment,Shipped,4.0,สินค้าดีมาก คุ้มราคา,No,,1.14
100241,2248,Kittisak Yodying,kittisak.yodying451@outlook.com,Smart Blender 735,Sports,288.43,2,30.0,403.8,2024-12-21,Rayong,Udon Thani,Credit Card,Returned,5.0,,Yes,10.0,1.94
102061,2762,Ploy Chantra,ploy.chantra473@gmail.com,Mini Chair 547,Health,1059.59,1,20.0,847.67,2023-10-31,Nonthaburi,Nakhon Ratchasima,TrueMoney Wallet,Completed,,สีไม่ตรงตามรูป,No,9.0,2.95
102363,2512,Boonmee Chaiyaporn,boonmee.chaiyaporn637@gmail.com,Max Camera 298,Automotive,395.24,6,0.0,2371.44,2025-06-04,Rayong,Songkhla,Credit Card,Completed,4.0,ใช้งานได้ตามที่คาดหวัง,No,5.0,4.73
100600,2682,Niran Saelim,niran.saelim257@yahoo.com,Lite Bottle 992,Toys,182.84,7,0.0,1279.88,2025-12-13,Bangkok,Nonthaburi,Credit Card,Completed,4.0,โอเคสำหรับราคานี้,No,4.0,0.49
102435,2851,Thawatchai Chotirat,thawatchai.chotirat752@hotmail.com,Ultra Charger 839,Automotive,487.85,6,25.0,2195.33,2025-04-26,Nong Khai,Chiang Mai,TrueMoney Wallet,Completed,,,Yes,6.0,1.85
102888,2664,Siriporn Sinthop,siriporn.sinthop348@outlook.com,Lite Wallet 515,Automotive,149.29,8,10.0,1074.89,2025-11-21,Nakhon Si Thammarat,Nonthaburi,COD,Shipped,5.0,,No,1.0,0.28
100646,1996,Pichit Kaewkla,pichit.kaewkla934@outlook.com,Lite Blender 244,Beauty,552.91,2,15.0,939.95,2024-09-24,Nonthaburi,Phuket,PromptPay,Processing,5.0,,No,1.0,2.28
103890,2619,Wilai Chotirat,wilai.chotirat781@outlook.com,Mini Blender 662,Automotive,321.97,1,5.0,305.87,2023-10-31,Bangkok,Nakhon Ratchasima,Bank Transfer,Processing,,แพ็คเกจไม่แน่นหนา,No,11.0,4.25
103556,2405,Nittaya Wattana,nittaya.wattana772@yahoo.com,Smart Lamp 435,Health,800.38,5,0.0,4001.9,2023-03-14,,Khon Kaen,Credit Card,Processing,5.0,,Yes,2.0,
103202,1320,Yupin Boonmee,yupin.boonmee332@hotmail.com,Max Wallet 165,Sports,253.08,4,0.0,1012.32,2025-09-06,Rayong,Songkhla,TrueMoney Wallet,Shipped,4.0,ใช้งานได้ตามที่คาดหวัง,Yes,10.0,0.46
101528,2955,Chaiyot Wattana,chaiyot.wattana88@gmail.com,Plus Bottle 359,Books,241.72,5,0.0,1208.6,2025-05-20,Chiang Mai,Chiang Mai,Bank Transfer,Completed,,,Yes,,0.76
101267,2603,Ploy Chantra,ploy.chantra437@outlook.com,Eco Camera 700,Fashion,325.9,8,10.0,2346.48,2024-04-11,Pattaya,Chiang Mai,COD,Completed,3.0,,Yes,2.0,
101899,1663,Thawatchai Phetcharat,thawatchai.phetcharat225@yahoo.com,Smart Notebook 550,Books,,3,,801.51,2023-11-22,Chiang Mai,Chonburi,Installment,Completed,,,No,4.0,1.47
104658,2141,Niran Intharak,niran.intharak171@outlook.com,Max Jacket 810,Books,660.94,5,15.0,2809.0,2025-06-28,Ubon Ratchathani,Songkhla,Credit Card,Cancelled,4.0,ของมาช้ากว่ากำหนด,Yes,,
103005,1311,Pichit Srisuk,pichit.srisuk426@gmail.com,Eco Backpack 437,books,142.55,9,0.0,1282.95,2024-02-06,Surat Thani,Songkhla,COD,Processing,,,No,11.0,0.71
102734,2307,Malee Boonmee,malee.boonmee658@outlook.com,Smart Watch 263,Electronics,362.39,6,15.0,1848.19,2023-04-09,Nonthaburi,Chiang Mai,Bank Transfer,Completed,,,Yes,9.0,0.88
100189,1206,Orawan Boonmee,orawan.boonmee932@yahoo.com,Max Camera 374,Sports,875.84,3,0.0,2627.52,2024-04-12,Sakon Nakhon,Chonburi,PromptPay,Completed,5.0,สินค้าดีมาก คุ้มราคา,No,4.0,2.77
101806,1127,Chomphunut Sukjai,chomphunut.sukjai75@hotmail.com,Pro Pillow 415,Sports,940.47,5,0.0,4702.35,2023-07-06,Surat Thani,Nonthaburi,PromptPay,Completed,4.0,,No,10.0,1.33
100975,1868,Somchai Chantra,somchai.chantra119@yahoo.com,Max Camera 728,Home & Living,262.1,4,15.0,891.14,2024-10-01,Ubon Ratchathani,Songkhla,TrueMoney Wallet,Completed,,,No,11.0,0.21
102747,2390,Wilai Chaiyaporn,wilai.chaiyaporn85@outlook.com,Smart Speaker 591,Home & Living,1111.05,7,5.0,7388.48,2025-10-04,Chiang Rai,Rayong,TrueMoney Wallet,Completed,4.0,,No,,0.59
102047,1893,Niran Boonmee,,Smart Notebook 319,Sports,769.14,2,10.0,,2024-09-05,Ubon Ratchathani,Rayong,,Completed,,,Yes,6.0,2.17
102558,1207,Boonmee Thongdee,boonmee.thongdee822@outlook.com,Smart Jacket 340,Books,296.07,7,15.0,1761.62,2023-11-03,Rayong,Udon Thani,Bank Transfer,Completed,5.0,บริการลูกค้าดีเยี่ยม,No,9.0,4.29
101082,1235,Suchart Chaiyaporn,suchart.chaiyaporn48@yahoo.com,Eco Watch 848,Automotive,231.39,1,0.0,231.39,2025-09-21,Nakhon Si Thammarat,Nakhon Ratchasima,TrueMoney Wallet,Returned,,,No,10.0,1.99
100474,1517,Duangjai Meesuk,duangjai.meesuk608@hotmail.com,Ultra Keyboard 891,Electronics,477.35,4,0.0,1909.4,2025-08-22,Krabi,Udon Thani,PromptPay,Completed,3.0,,No,12.0,0.29
102904,2440,Siriporn Chaiyaporn,siriporn.chaiyaporn12@outlook.com,Ultra Mouse 697,Groceries,486.22,3,25.0,1094.0,2025-07-16,Surat Thani,Chonburi,Credit Card,Completed,,ใช้งานได้ตามที่คาดหวัง,Yes,4.0,1.34
104843,2605,Boonmee Thongdee,boonmee.thongdee51@gmail.com,Eco Backpack 565,Beauty,497.24,7,5.0,3306.65,2024-10-09,Phuket,Nonthaburi,COD,Shipped,5.0,,Yes,5.0,1.49
104117,1219,Thawatchai Prasertsak,thawatchai.prasertsak980@yahoo.com,Eco Lamp 300,Automotive,269.16,3,10.0,726.73,2025-03-26,Chiang Rai,Rayong,Bank Transfer,Completed,,แพ็คเกจไม่แน่นหนา,No,12.0,0.51
103385,2713,Somsri Sukjai,,Plus Camera 940,Health,395.81,6,0.0,2374.86,2023-09-05,Trang,Bangkok,TrueMoney Wallet,Cancelled,5.0,,Yes,14.0,0.54
104555,2985,Chatchai Yodying,chatchai.yodying914@hotmail.com,Lite Desk 101,Books,171.34,1,0.0,171.34,2024-12-28,Buriram,Khon Kaen,COD,Completed,,ใช้งานได้ตามที่คาดหวัง,No,10.0,1.06
101184,2536,Malee Panyawong,malee.panyawong347@hotmail.com,Smart Notebook 620,Health,484.28,6,20.0,2324.54,2023-03-03,Buriram,Udon Thani,COD,Returned,5.0,,Yes,11.0,0.39
102433,1692,Chaiyot Sinthop,chaiyot.sinthop297@outlook.com,Eco Sneaker 819,Groceries,572.61,2,25.0,858.92,2025-01-31,Nong Khai,Nonthaburi,PromptPay,Completed,3.0,ของมาช้ากว่ากำหนด,Yes,4.0,1.21
102391,1083,Chaiyot Chaiyaporn,chaiyot.chaiyaporn371@gmail.com,Pro Chair 979,Groceries,1063.58,9,0.0,9572.22,2024-07-24,Lampang,Nakhon Ratchasima,,Completed,,คุณภาพต่ำกว่าที่คิด,Yes,10.0,0.62
100769,1662,Siriporn Meesuk,siriporn.meesuk70@yahoo.com,Smart Pillow 209,Health,1422.48,7,5.0,9459.49,2024-06-17,Khon Kaen,Nonthaburi,TrueMoney Wallet,Cancelled,,โอเคสำหรับราคานี้,Yes,5.0,0.38
101685,1017,Malee Sukjai,malee.sukjai516@gmail.com,Plus Notebook 779,Toys,1011.31,6,0.0,6067.86,2023-12-11,Sakon Nakhon,Nonthaburi,TrueMoney Wallet,Completed,,,No,11.0,0.93
100130,2064,Thawatchai Phetcharat,thawatchai.phetcharat366@hotmail.com,Smart Notebook 154,Beauty,473.29,5,30.0,1656.52,2023-11-23,Krabi,Nakhon Ratchasima,TrueMoney Wallet,Completed,5.0,,No,3.0,0.15
102919,2800,Thawatchai Thongdee,thawatchai.thongdee203@outlook.com,Max Desk 371,Groceries,707.06,5,0.0,3535.3,2025-04-20,Khon Kaen,Nakhon Ratchasima,PromptPay,Shipped,,ของมาช้ากว่ากำหนด,No,11.0,
103171,2500,Kittisak Saelim,,Lite Charger 754,Electronics,474.15,9,0.0,4267.35,2023-01-06,Lampang,Khon Kaen,PromptPay,Completed,5.0,,No,12.0,0.9
103444,2587,Somchai Kaewkla,somchai.kaewkla999@outlook.com,Mini Headphone 355,Automotive,356.1,6,20.0,1709.28,2024-06-12,Chiang Rai,Rayong,TrueMoney Wallet,Cancelled,,ใช้งานได้ตามที่คาดหวัง,No,6.0,0.47
104426,2846,Wichai Intharak,wichai.intharak119@gmail.com,Mini Notebook 102,Automotive,1282.64,3,0.0,3847.92,2024-08-06,Trang,Phuket,Bank Transfer,Cancelled,4.0,,Yes,11.0,3.16
100466,2535,Suree Intharak,suree.intharak465@outlook.com,Lite Camera 703,Beauty,212.32,5,25.0,796.2,2024-04-07,Chiang Mai,Phuket,PromptPay,Shipped,5.0,,No,3.0,5.12
103092,2826,Kittisak Chotirat,kittisak.chotirat776@yahoo.com,Eco Watch 628,Sports,453.33,5,15.0,1926.65,2024-01-04,Rayong,Rayong,Bank Transfer,Completed,,,No,2.0,5.01
103772,1765,Suree Chotirat,suree.chotirat837@outlook.com,Eco Keyboard 566,Fashion,1107.88,6,0.0,6647.28,2023-12-15,Rayong,Udon Thani,Bank Transfer,Shipped,4.0,ของมาช้ากว่ากำหนด,No,,3.1
100860,2188,Prasert Naruemon,prasert.naruemon268@outlook.com,Eco Wallet 589,Beauty,519.73,7,0.0,3638.11,2025-07-29,Surat Thani,Chonburi,,Completed,4.0,คุณภาพต่ำกว่าที่คิด,Yes,2.0,0.48
